H0,Omega_Lambda,k,t_crit
7.393364195187217547e+01,7.300469845480440645e-01,2.811334469924932633e-01,6.801414391237657675e+00
7.389823578257562531e+01,7.304819155306114808e-01,2.762835603871460211e-01,6.701648600174404002e+00
7.393040584677331140e+01,7.286287969485774063e-01,3.001179121383373838e-01,6.878323516664077708e+00
7.393040584677331140e+01,7.286287969485774063e-01,3.001179121383373838e-01,6.878323516664077708e+00
7.393040584677331140e+01,7.286287969485774063e-01,3.001179121383373838e-01,6.878323516664077708e+00
7.393040584677331140e+01,7.286287969485774063e-01,3.001179121383373838e-01,6.878323516664077708e+00
7.393040584677331140e+01,7.286287969485774063e-01,3.001179121383373838e-01,6.878323516664077708e+00
7.393040584677331140e+01,7.286287969485774063e-01,3.001179121383373838e-01,6.878323516664077708e+00
7.382406258348535744e+01,7.284572253609858938e-01,3.163705984160515849e-01,6.312784962825479518e+00
7.382406258348535744e+01,7.284572253609858938e-01,3.163705984160515849e-01,6.312784962825479518e+00
7.382406258348535744e+01,7.284572253609858938e-01,3.163705984160515849e-01,6.312784962825479518e+00
7.382406258348535744e+01,7.284572253609858938e-01,3.163705984160515849e-01,6.312784962825479518e+00
7.382406258348535744e+01,7.284572253609858938e-01,3.163705984160515849e-01,6.312784962825479518e+00
7.382406258348535744e+01,7.284572253609858938e-01,3.163705984160515849e-01,6.312784962825479518e+00
7.382406258348535744e+01,7.284572253609858938e-01,3.163705984160515849e-01,6.312784962825479518e+00
7.388082384839877648e+01,7.277170082468605861e-01,3.547028653074081328e-01,6.525161885255338134e+00
7.388082384839877648e+01,7.277170082468605861e-01,3.547028653074081328e-01,6.525161885255338134e+00
7.388082384839877648e+01,7.277170082468605861e-01,3.547028653074081328e-01,6.525161885255338134e+00
7.388082384839877648e+01,7.277170082468605861e-01,3.547028653074081328e-01,6.525161885255338134e+00
7.392558315054652951e+01,7.270694870245244523e-01,3.780773191216395546e-01,6.779387069500888430e+00
7.391754699910509885e+01,7.269299779315506749e-01,3.851828025770461239e-01,6.779549795908778265e+00
7.391754699910509885e+01,7.269299779315506749e-01,3.851828025770461239e-01,6.779549795908778265e+00
7.394030604988084576e+01,7.274082815428354332e-01,3.717858308397563594e-01,6.868575948958159927e+00
7.394030604988084576e+01,7.274082815428354332e-01,3.717858308397563594e-01,6.868575948958159927e+00
7.394030604988084576e+01,7.274082815428354332e-01,3.717858308397563594e-01,6.868575948958159927e+00
7.394030604988084576e+01,7.274082815428354332e-01,3.717858308397563594e-01,6.868575948958159927e+00
7.386770397353843975e+01,7.271200399113310064e-01,3.912592378512518287e-01,6.559322001602944319e+00
7.386770397353843975e+01,7.271200399113310064e-01,3.912592378512518287e-01,6.559322001602944319e+00
7.386770397353843975e+01,7.271200399113310064e-01,3.912592378512518287e-01,6.559322001602944319e+00
7.405809911732360717e+01,7.273005392075510001e-01,4.049465368024574574e-01,6.923027400623731786e+00
7.405809911732360717e+01,7.273005392075510001e-01,4.049465368024574574e-01,6.923027400623731786e+00
7.405809911732360717e+01,7.273005392075510001e-01,4.049465368024574574e-01,6.923027400623731786e+00
7.405809911732360717e+01,7.273005392075510001e-01,4.049465368024574574e-01,6.923027400623731786e+00
7.405809911732360717e+01,7.273005392075510001e-01,4.049465368024574574e-01,6.923027400623731786e+00
7.405809911732360717e+01,7.273005392075510001e-01,4.049465368024574574e-01,6.923027400623731786e+00
7.405809911732360717e+01,7.273005392075510001e-01,4.049465368024574574e-01,6.923027400623731786e+00
7.405809911732360717e+01,7.273005392075510001e-01,4.049465368024574574e-01,6.923027400623731786e+00
7.405809911732360717e+01,7.273005392075510001e-01,4.049465368024574574e-01,6.923027400623731786e+00
7.405809911732360717e+01,7.273005392075510001e-01,4.049465368024574574e-01,6.923027400623731786e+00
7.405809911732360717e+01,7.273005392075510001e-01,4.049465368024574574e-01,6.923027400623731786e+00
7.385739705156325385e+01,7.262876483389199000e-01,4.144514200168735729e-01,6.764951912074534057e+00
7.385739705156325385e+01,7.262876483389199000e-01,4.144514200168735729e-01,6.764951912074534057e+00
7.385739705156325385e+01,7.262876483389199000e-01,4.144514200168735729e-01,6.764951912074534057e+00
7.385739705156325385e+01,7.262876483389199000e-01,4.144514200168735729e-01,6.764951912074534057e+00
7.385739705156325385e+01,7.262876483389199000e-01,4.144514200168735729e-01,6.764951912074534057e+00
7.385739705156325385e+01,7.262876483389199000e-01,4.144514200168735729e-01,6.764951912074534057e+00
7.385739705156325385e+01,7.262876483389199000e-01,4.144514200168735729e-01,6.764951912074534057e+00
7.385739705156325385e+01,7.262876483389199000e-01,4.144514200168735729e-01,6.764951912074534057e+00
7.385739705156325385e+01,7.262876483389199000e-01,4.144514200168735729e-01,6.764951912074534057e+00
7.385739705156325385e+01,7.262876483389199000e-01,4.144514200168735729e-01,6.764951912074534057e+00
7.385739705156325385e+01,7.262876483389199000e-01,4.144514200168735729e-01,6.764951912074534057e+00
7.385739705156325385e+01,7.262876483389199000e-01,4.144514200168735729e-01,6.764951912074534057e+00
7.372407543132041496e+01,7.260541709618804074e-01,5.235649519297349563e-01,6.636758008487379179e+00
7.372407543132041496e+01,7.260541709618804074e-01,5.235649519297349563e-01,6.636758008487379179e+00
7.372407543132041496e+01,7.260541709618804074e-01,5.235649519297349563e-01,6.636758008487379179e+00
7.363832158900223135e+01,7.246499004586119952e-01,5.456118963080761608e-01,6.690578264234445349e+00
7.363832158900223135e+01,7.246499004586119952e-01,5.456118963080761608e-01,6.690578264234445349e+00
7.363832158900223135e+01,7.246499004586119952e-01,5.456118963080761608e-01,6.690578264234445349e+00
7.363832158900223135e+01,7.246499004586119952e-01,5.456118963080761608e-01,6.690578264234445349e+00
7.363832158900223135e+01,7.246499004586119952e-01,5.456118963080761608e-01,6.690578264234445349e+00
7.363832158900223135e+01,7.246499004586119952e-01,5.456118963080761608e-01,6.690578264234445349e+00
7.363832158900223135e+01,7.246499004586119952e-01,5.456118963080761608e-01,6.690578264234445349e+00
7.363832158900223135e+01,7.246499004586119952e-01,5.456118963080761608e-01,6.690578264234445349e+00
7.360414316170850668e+01,7.232948549351481127e-01,5.416393428249874908e-01,6.786709645145297287e+00
7.374414444194307805e+01,7.234668060325608607e-01,5.366866985692851921e-01,6.926318042149924636e+00
7.374414444194307805e+01,7.234668060325608607e-01,5.366866985692851921e-01,6.926318042149924636e+00
7.381176126767981316e+01,7.228508285881115603e-01,5.045452210921016478e-01,7.059591139235953605e+00
7.386134863781660442e+01,7.252531055797349913e-01,5.013153518295244693e-01,6.897461085199549480e+00
7.386134863781660442e+01,7.252531055797349913e-01,5.013153518295244693e-01,6.897461085199549480e+00
7.386134863781660442e+01,7.252531055797349913e-01,5.013153518295244693e-01,6.897461085199549480e+00
7.386134863781660442e+01,7.252531055797349913e-01,5.013153518295244693e-01,6.897461085199549480e+00
7.386134863781660442e+01,7.252531055797349913e-01,5.013153518295244693e-01,6.897461085199549480e+00
7.386134863781660442e+01,7.252531055797349913e-01,5.013153518295244693e-01,6.897461085199549480e+00
7.386134863781660442e+01,7.252531055797349913e-01,5.013153518295244693e-01,6.897461085199549480e+00
7.386134863781660442e+01,7.252531055797349913e-01,5.013153518295244693e-01,6.897461085199549480e+00
7.386134863781660442e+01,7.252531055797349913e-01,5.013153518295244693e-01,6.897461085199549480e+00
7.386134863781660442e+01,7.252531055797349913e-01,5.013153518295244693e-01,6.897461085199549480e+00
7.386134863781660442e+01,7.252531055797349913e-01,5.013153518295244693e-01,6.897461085199549480e+00
7.386134863781660442e+01,7.252531055797349913e-01,5.013153518295244693e-01,6.897461085199549480e+00
7.386134863781660442e+01,7.252531055797349913e-01,5.013153518295244693e-01,6.897461085199549480e+00
7.386134863781660442e+01,7.252531055797349913e-01,5.013153518295244693e-01,6.897461085199549480e+00
7.386134863781660442e+01,7.252531055797349913e-01,5.013153518295244693e-01,6.897461085199549480e+00
7.386134863781660442e+01,7.252531055797349913e-01,5.013153518295244693e-01,6.897461085199549480e+00
7.386134863781660442e+01,7.252531055797349913e-01,5.013153518295244693e-01,6.897461085199549480e+00
7.386134863781660442e+01,7.252531055797349913e-01,5.013153518295244693e-01,6.897461085199549480e+00
7.386134863781660442e+01,7.252531055797349913e-01,5.013153518295244693e-01,6.897461085199549480e+00
7.386134863781660442e+01,7.252531055797349913e-01,5.013153518295244693e-01,6.897461085199549480e+00
7.386134863781660442e+01,7.252531055797349913e-01,5.013153518295244693e-01,6.897461085199549480e+00
7.386134863781660442e+01,7.252531055797349913e-01,5.013153518295244693e-01,6.897461085199549480e+00
7.386134863781660442e+01,7.252531055797349913e-01,5.013153518295244693e-01,6.897461085199549480e+00
7.386598506751518300e+01,7.250872274119199989e-01,5.005511510668505526e-01,6.917890994362818624e+00
7.386598506751518300e+01,7.250872274119199989e-01,5.005511510668505526e-01,6.917890994362818624e+00
7.388591721795016554e+01,7.254395808896864084e-01,4.898618319112144626e-01,7.105717961622007195e+00
7.388591721795016554e+01,7.254395808896864084e-01,4.898618319112144626e-01,7.105717961622007195e+00
7.388591721795016554e+01,7.254395808896864084e-01,4.898618319112144626e-01,7.105717961622007195e+00
7.388591721795016554e+01,7.254395808896864084e-01,4.898618319112144626e-01,7.105717961622007195e+00
7.377635129687152471e+01,7.262246252247831491e-01,4.880866958395769784e-01,6.834450199435664786e+00
7.377635129687152471e+01,7.262246252247831491e-01,4.880866958395769784e-01,6.834450199435664786e+00
7.377635129687152471e+01,7.262246252247831491e-01,4.880866958395769784e-01,6.834450199435664786e+00
7.373152719391866583e+01,7.252946996848836925e-01,5.175499877919933489e-01,6.685341797338190339e+00
7.374866306006204297e+01,7.252666331046733195e-01,5.132464048037453930e-01,6.699319120556157969e+00
7.373854625237962068e+01,7.251998826828415234e-01,5.156501484020565851e-01,6.698762134257322920e+00
7.377990316460599729e+01,7.255305404274264847e-01,5.235741433194389671e-01,6.710316032822682963e+00
7.377990316460599729e+01,7.255305404274264847e-01,5.235741433194389671e-01,6.710316032822682963e+00
7.379996601274801549e+01,7.253738734424032275e-01,5.251770899276619886e-01,6.747066488221036273e+00
7.379996601274801549e+01,7.253738734424032275e-01,5.251770899276619886e-01,6.747066488221036273e+00
7.379996601274801549e+01,7.253738734424032275e-01,5.251770899276619886e-01,6.747066488221036273e+00
7.378529825296692479e+01,7.235271093943210774e-01,5.189554610294830894e-01,6.958941748102724034e+00
7.378529825296692479e+01,7.235271093943210774e-01,5.189554610294830894e-01,6.958941748102724034e+00
7.366779435525639030e+01,7.253120742821171918e-01,5.134079668958841935e-01,6.662257027597307868e+00
7.368477343586572204e+01,7.258496150242268463e-01,4.845117983732332712e-01,6.554721597200476424e+00
7.368477343586572204e+01,7.258496150242268463e-01,4.845117983732332712e-01,6.554721597200476424e+00
7.363927332667191195e+01,7.262734081578361423e-01,5.141591691678729648e-01,6.480144672501489289e+00
7.363927332667191195e+01,7.262734081578361423e-01,5.141591691678729648e-01,6.480144672501489289e+00
7.363927332667191195e+01,7.262734081578361423e-01,5.141591691678729648e-01,6.480144672501489289e+00
7.363927332667191195e+01,7.262734081578361423e-01,5.141591691678729648e-01,6.480144672501489289e+00
7.363927332667191195e+01,7.262734081578361423e-01,5.141591691678729648e-01,6.480144672501489289e+00
7.363927332667191195e+01,7.262734081578361423e-01,5.141591691678729648e-01,6.480144672501489289e+00
7.363927332667191195e+01,7.262734081578361423e-01,5.141591691678729648e-01,6.480144672501489289e+00
7.372531356042935613e+01,7.267318892965674015e-01,4.922429545161955411e-01,6.510169923005606485e+00
7.372531356042935613e+01,7.267318892965674015e-01,4.922429545161955411e-01,6.510169923005606485e+00
7.372531356042935613e+01,7.267318892965674015e-01,4.922429545161955411e-01,6.510169923005606485e+00
7.372163466322112413e+01,7.266672849813478052e-01,4.931957320756342189e-01,6.514576092812234265e+00
7.372163466322112413e+01,7.266672849813478052e-01,4.931957320756342189e-01,6.514576092812234265e+00
7.372163466322112413e+01,7.266672849813478052e-01,4.931957320756342189e-01,6.514576092812234265e+00
7.372163466322112413e+01,7.266672849813478052e-01,4.931957320756342189e-01,6.514576092812234265e+00
7.379068945381342814e+01,7.282959625100429157e-01,4.400902668107547488e-01,6.341611407406344547e+00
7.370475370105273782e+01,7.271798576787502633e-01,4.436455945057184991e-01,6.352625502060623042e+00
7.370475370105273782e+01,7.271798576787502633e-01,4.436455945057184991e-01,6.352625502060623042e+00
7.370475370105273782e+01,7.271798576787502633e-01,4.436455945057184991e-01,6.352625502060623042e+00
7.368089279002676051e+01,7.271977641588783792e-01,4.387666944608836772e-01,6.316742945032919998e+00
7.368362569617222846e+01,7.272306656109891465e-01,4.362491530835922449e-01,6.307731296085773209e+00
7.368362569617222846e+01,7.272306656109891465e-01,4.362491530835922449e-01,6.307731296085773209e+00
7.368362569617222846e+01,7.272306656109891465e-01,4.362491530835922449e-01,6.307731296085773209e+00
7.341404907557831905e+01,7.238998390226191182e-01,4.531605716404858986e-01,6.346088479034344587e+00
7.341404907557831905e+01,7.238998390226191182e-01,4.531605716404858986e-01,6.346088479034344587e+00
7.336631633972321254e+01,7.235505192799172036e-01,4.493805449781319017e-01,6.321120404115075253e+00
7.336631633972321254e+01,7.235505192799172036e-01,4.493805449781319017e-01,6.321120404115075253e+00
7.336631633972321254e+01,7.235505192799172036e-01,4.493805449781319017e-01,6.321120404115075253e+00
7.336631633972321254e+01,7.235505192799172036e-01,4.493805449781319017e-01,6.321120404115075253e+00
7.349509435082269704e+01,7.242634417666508062e-01,4.458464898996033487e-01,6.425689450724433982e+00
7.349509435082269704e+01,7.242634417666508062e-01,4.458464898996033487e-01,6.425689450724433982e+00
7.349509435082269704e+01,7.242634417666508062e-01,4.458464898996033487e-01,6.425689450724433982e+00
7.349509435082269704e+01,7.242634417666508062e-01,4.458464898996033487e-01,6.425689450724433982e+00
7.349509435082269704e+01,7.242634417666508062e-01,4.458464898996033487e-01,6.425689450724433982e+00
7.349509435082269704e+01,7.242634417666508062e-01,4.458464898996033487e-01,6.425689450724433982e+00
7.349509435082269704e+01,7.242634417666508062e-01,4.458464898996033487e-01,6.425689450724433982e+00
7.348011299943649988e+01,7.243180737942485070e-01,4.222529366208381263e-01,6.373923547481830099e+00
7.348011299943649988e+01,7.243180737942485070e-01,4.222529366208381263e-01,6.373923547481830099e+00
7.348011299943649988e+01,7.243180737942485070e-01,4.222529366208381263e-01,6.373923547481830099e+00
7.348011299943649988e+01,7.243180737942485070e-01,4.222529366208381263e-01,6.373923547481830099e+00
7.348011299943649988e+01,7.243180737942485070e-01,4.222529366208381263e-01,6.373923547481830099e+00
7.348011299943649988e+01,7.243180737942485070e-01,4.222529366208381263e-01,6.373923547481830099e+00
7.338861837113547892e+01,7.242277323927333033e-01,4.635180859729018943e-01,6.315585839535359902e+00
7.338861837113547892e+01,7.242277323927333033e-01,4.635180859729018943e-01,6.315585839535359902e+00
7.328939699218850023e+01,7.230273302453207318e-01,4.616074373764840200e-01,6.290000824481630559e+00
7.328939699218850023e+01,7.230273302453207318e-01,4.616074373764840200e-01,6.290000824481630559e+00
7.328939699218850023e+01,7.230273302453207318e-01,4.616074373764840200e-01,6.290000824481630559e+00
7.338674248201385808e+01,7.234227206232971552e-01,4.580653245025326781e-01,6.424578020461705563e+00
7.338674248201385808e+01,7.234227206232971552e-01,4.580653245025326781e-01,6.424578020461705563e+00
7.338674248201385808e+01,7.234227206232971552e-01,4.580653245025326781e-01,6.424578020461705563e+00
7.338674248201385808e+01,7.234227206232971552e-01,4.580653245025326781e-01,6.424578020461705563e+00
7.361307616859808434e+01,7.246472435454294203e-01,4.514687580723116267e-01,6.619400854646920074e+00
7.361307616859808434e+01,7.246472435454294203e-01,4.514687580723116267e-01,6.619400854646920074e+00
7.361307616859808434e+01,7.246472435454294203e-01,4.514687580723116267e-01,6.619400854646920074e+00
7.361307616859808434e+01,7.246472435454294203e-01,4.514687580723116267e-01,6.619400854646920074e+00
7.361307616859808434e+01,7.246472435454294203e-01,4.514687580723116267e-01,6.619400854646920074e+00
7.361307616859808434e+01,7.246472435454294203e-01,4.514687580723116267e-01,6.619400854646920074e+00
7.361307616859808434e+01,7.246472435454294203e-01,4.514687580723116267e-01,6.619400854646920074e+00
7.361307616859808434e+01,7.246472435454294203e-01,4.514687580723116267e-01,6.619400854646920074e+00
7.359590960601444465e+01,7.242263869302091317e-01,4.512236186406236027e-01,6.644685098689081748e+00
7.356154058501907400e+01,7.250249509808841530e-01,4.684204523428244782e-01,6.513419180342793879e+00
7.356154058501907400e+01,7.250249509808841530e-01,4.684204523428244782e-01,6.513419180342793879e+00
7.356154058501907400e+01,7.250249509808841530e-01,4.684204523428244782e-01,6.513419180342793879e+00
7.356154058501907400e+01,7.250249509808841530e-01,4.684204523428244782e-01,6.513419180342793879e+00
7.507734394295252400e+01,7.382040588640103040e-01,1.093819137818460435e-01,2.020662420640086054e+01
7.507734394295252400e+01,7.382040588640103040e-01,1.093819137818460435e-01,2.020662420640086054e+01
7.507734394295252400e+01,7.382040588640103040e-01,1.093819137818460435e-01,2.020662420640086054e+01
7.507734394295252400e+01,7.382040588640103040e-01,1.093819137818460435e-01,2.020662420640086054e+01
7.506702317125845525e+01,7.381178954586188334e-01,1.110982598509443753e-01,2.008668892048889276e+01
7.506702317125845525e+01,7.381178954586188334e-01,1.110982598509443753e-01,2.008668892048889276e+01
7.506702317125845525e+01,7.381178954586188334e-01,1.110982598509443753e-01,2.008668892048889276e+01
7.506702317125845525e+01,7.381178954586188334e-01,1.110982598509443753e-01,2.008668892048889276e+01
7.506702317125845525e+01,7.381178954586188334e-01,1.110982598509443753e-01,2.008668892048889276e+01
7.506702317125845525e+01,7.381178954586188334e-01,1.110982598509443753e-01,2.008668892048889276e+01
7.506702317125845525e+01,7.381178954586188334e-01,1.110982598509443753e-01,2.008668892048889276e+01
7.506702317125845525e+01,7.381178954586188334e-01,1.110982598509443753e-01,2.008668892048889276e+01
7.507823387564195627e+01,7.383740729966351557e-01,1.096893069305209384e-01,2.029086625549922474e+01
7.507823387564195627e+01,7.383740729966351557e-01,1.096893069305209384e-01,2.029086625549922474e+01
7.507823387564195627e+01,7.383740729966351557e-01,1.096893069305209384e-01,2.029086625549922474e+01
7.507823387564195627e+01,7.383740729966351557e-01,1.096893069305209384e-01,2.029086625549922474e+01
7.507823387564195627e+01,7.383740729966351557e-01,1.096893069305209384e-01,2.029086625549922474e+01
7.507823387564195627e+01,7.383740729966351557e-01,1.096893069305209384e-01,2.029086625549922474e+01
7.507823387564195627e+01,7.383740729966351557e-01,1.096893069305209384e-01,2.029086625549922474e+01
7.507823387564195627e+01,7.383740729966351557e-01,1.096893069305209384e-01,2.029086625549922474e+01
7.507823387564195627e+01,7.383740729966351557e-01,1.096893069305209384e-01,2.029086625549922474e+01
7.507823387564195627e+01,7.383740729966351557e-01,1.096893069305209384e-01,2.029086625549922474e+01
7.507823387564195627e+01,7.383740729966351557e-01,1.096893069305209384e-01,2.029086625549922474e+01
7.507823387564195627e+01,7.383740729966351557e-01,1.096893069305209384e-01,2.029086625549922474e+01
7.507823387564195627e+01,7.383740729966351557e-01,1.096893069305209384e-01,2.029086625549922474e+01
7.503136533722133095e+01,7.376622110744575078e-01,1.125801913587878983e-01,1.977146623585000640e+01
7.503136533722133095e+01,7.376622110744575078e-01,1.125801913587878983e-01,1.977146623585000640e+01
7.503136533722133095e+01,7.376622110744575078e-01,1.125801913587878983e-01,1.977146623585000640e+01
7.503136533722133095e+01,7.376622110744575078e-01,1.125801913587878983e-01,1.977146623585000640e+01
7.503136533722133095e+01,7.376622110744575078e-01,1.125801913587878983e-01,1.977146623585000640e+01
7.503136533722133095e+01,7.376622110744575078e-01,1.125801913587878983e-01,1.977146623585000640e+01
7.503136533722133095e+01,7.376622110744575078e-01,1.125801913587878983e-01,1.977146623585000640e+01
7.503136533722133095e+01,7.376622110744575078e-01,1.125801913587878983e-01,1.977146623585000640e+01
7.503136533722133095e+01,7.376622110744575078e-01,1.125801913587878983e-01,1.977146623585000640e+01
7.503136533722133095e+01,7.376622110744575078e-01,1.125801913587878983e-01,1.977146623585000640e+01
7.503136533722133095e+01,7.376622110744575078e-01,1.125801913587878983e-01,1.977146623585000640e+01
7.503136533722133095e+01,7.376622110744575078e-01,1.125801913587878983e-01,1.977146623585000640e+01
7.503136533722133095e+01,7.376622110744575078e-01,1.125801913587878983e-01,1.977146623585000640e+01
7.503720409000246150e+01,7.378171024897322017e-01,1.112132281942475875e-01,1.996356486884382520e+01
7.503720409000246150e+01,7.378171024897322017e-01,1.112132281942475875e-01,1.996356486884382520e+01
7.503720409000246150e+01,7.378171024897322017e-01,1.112132281942475875e-01,1.996356486884382520e+01
7.503720409000246150e+01,7.378171024897322017e-01,1.112132281942475875e-01,1.996356486884382520e+01
7.503720409000246150e+01,7.378171024897322017e-01,1.112132281942475875e-01,1.996356486884382520e+01
7.503720409000246150e+01,7.378171024897322017e-01,1.112132281942475875e-01,1.996356486884382520e+01
7.503720409000246150e+01,7.378171024897322017e-01,1.112132281942475875e-01,1.996356486884382520e+01
7.503720409000246150e+01,7.378171024897322017e-01,1.112132281942475875e-01,1.996356486884382520e+01
7.503720409000246150e+01,7.378171024897322017e-01,1.112132281942475875e-01,1.996356486884382520e+01
7.503720409000246150e+01,7.378171024897322017e-01,1.112132281942475875e-01,1.996356486884382520e+01
7.487689619899551019e+01,7.380683442828424035e-01,1.246560954209891825e-01,1.643194513649895683e+01
7.487689619899551019e+01,7.380683442828424035e-01,1.246560954209891825e-01,1.643194513649895683e+01
7.487689619899551019e+01,7.380683442828424035e-01,1.246560954209891825e-01,1.643194513649895683e+01
7.487689619899551019e+01,7.380683442828424035e-01,1.246560954209891825e-01,1.643194513649895683e+01
7.487689619899551019e+01,7.380683442828424035e-01,1.246560954209891825e-01,1.643194513649895683e+01
7.487689619899551019e+01,7.380683442828424035e-01,1.246560954209891825e-01,1.643194513649895683e+01
7.487689619899551019e+01,7.380683442828424035e-01,1.246560954209891825e-01,1.643194513649895683e+01
7.487689619899551019e+01,7.380683442828424035e-01,1.246560954209891825e-01,1.643194513649895683e+01
7.487689619899551019e+01,7.380683442828424035e-01,1.246560954209891825e-01,1.643194513649895683e+01
7.487689619899551019e+01,7.380683442828424035e-01,1.246560954209891825e-01,1.643194513649895683e+01
7.483534398158440126e+01,7.377340241859335901e-01,1.248794203179379170e-01,1.620949198928951063e+01
7.483534398158440126e+01,7.377340241859335901e-01,1.248794203179379170e-01,1.620949198928951063e+01
7.483534398158440126e+01,7.377340241859335901e-01,1.248794203179379170e-01,1.620949198928951063e+01
7.486071253397608416e+01,7.380059921665955702e-01,1.222319300794108554e-01,1.656205311493548749e+01
7.492464910456347127e+01,7.380942085810332509e-01,1.124858415088137303e-01,1.785251174625744142e+01
7.492464910456347127e+01,7.380942085810332509e-01,1.124858415088137303e-01,1.785251174625744142e+01
7.492464910456347127e+01,7.380942085810332509e-01,1.124858415088137303e-01,1.785251174625744142e+01
7.492464910456347127e+01,7.380942085810332509e-01,1.124858415088137303e-01,1.785251174625744142e+01
7.492464910456347127e+01,7.380942085810332509e-01,1.124858415088137303e-01,1.785251174625744142e+01
7.479812563802921943e+01,7.383293090939074821e-01,1.158880940859129405e-01,1.612046481819523081e+01
7.479812563802921943e+01,7.383293090939074821e-01,1.158880940859129405e-01,1.612046481819523081e+01
7.468020363793586114e+01,7.376975144831914299e-01,1.203028515459459991e-01,1.499987797657885125e+01
7.469913829741936695e+01,7.379838346366999202e-01,1.196097817786743595e-01,1.508628291794498111e+01
7.487137404719271672e+01,7.390120746409627461e-01,1.206601247946823136e-01,1.553904828496756352e+01
7.487137404719271672e+01,7.390120746409627461e-01,1.206601247946823136e-01,1.553904828496756352e+01
7.487137404719271672e+01,7.390120746409627461e-01,1.206601247946823136e-01,1.553904828496756352e+01
7.487137404719271672e+01,7.390120746409627461e-01,1.206601247946823136e-01,1.553904828496756352e+01
7.487137404719271672e+01,7.390120746409627461e-01,1.206601247946823136e-01,1.553904828496756352e+01
7.487137404719271672e+01,7.390120746409627461e-01,1.206601247946823136e-01,1.553904828496756352e+01
7.487137404719271672e+01,7.390120746409627461e-01,1.206601247946823136e-01,1.553904828496756352e+01
7.487137404719271672e+01,7.390120746409627461e-01,1.206601247946823136e-01,1.553904828496756352e+01
7.487137404719271672e+01,7.390120746409627461e-01,1.206601247946823136e-01,1.553904828496756352e+01
7.487137404719271672e+01,7.390120746409627461e-01,1.206601247946823136e-01,1.553904828496756352e+01
7.487137404719271672e+01,7.390120746409627461e-01,1.206601247946823136e-01,1.553904828496756352e+01
7.487137404719271672e+01,7.390120746409627461e-01,1.206601247946823136e-01,1.553904828496756352e+01
7.487137404719271672e+01,7.390120746409627461e-01,1.206601247946823136e-01,1.553904828496756352e+01
7.487137404719271672e+01,7.390120746409627461e-01,1.206601247946823136e-01,1.553904828496756352e+01
7.487137404719271672e+01,7.390120746409627461e-01,1.206601247946823136e-01,1.553904828496756352e+01
7.487137404719271672e+01,7.390120746409627461e-01,1.206601247946823136e-01,1.553904828496756352e+01
7.487137404719271672e+01,7.390120746409627461e-01,1.206601247946823136e-01,1.553904828496756352e+01
7.487137404719271672e+01,7.390120746409627461e-01,1.206601247946823136e-01,1.553904828496756352e+01
7.497129406913091998e+01,7.396196321858129474e-01,1.206826512244657396e-01,1.586510395851500199e+01
7.497129406913091998e+01,7.396196321858129474e-01,1.206826512244657396e-01,1.586510395851500199e+01
7.497129406913091998e+01,7.396196321858129474e-01,1.206826512244657396e-01,1.586510395851500199e+01
7.497129406913091998e+01,7.396196321858129474e-01,1.206826512244657396e-01,1.586510395851500199e+01
7.497129406913091998e+01,7.396196321858129474e-01,1.206826512244657396e-01,1.586510395851500199e+01
7.497129406913091998e+01,7.396196321858129474e-01,1.206826512244657396e-01,1.586510395851500199e+01
7.497129406913091998e+01,7.396196321858129474e-01,1.206826512244657396e-01,1.586510395851500199e+01
7.497129406913091998e+01,7.396196321858129474e-01,1.206826512244657396e-01,1.586510395851500199e+01
7.497129406913091998e+01,7.396196321858129474e-01,1.206826512244657396e-01,1.586510395851500199e+01
7.497129406913091998e+01,7.396196321858129474e-01,1.206826512244657396e-01,1.586510395851500199e+01
7.497129406913091998e+01,7.396196321858129474e-01,1.206826512244657396e-01,1.586510395851500199e+01
7.497129406913091998e+01,7.396196321858129474e-01,1.206826512244657396e-01,1.586510395851500199e+01
7.497129406913091998e+01,7.396196321858129474e-01,1.206826512244657396e-01,1.586510395851500199e+01
7.497129406913091998e+01,7.396196321858129474e-01,1.206826512244657396e-01,1.586510395851500199e+01
7.497129406913091998e+01,7.396196321858129474e-01,1.206826512244657396e-01,1.586510395851500199e+01
7.497129406913091998e+01,7.396196321858129474e-01,1.206826512244657396e-01,1.586510395851500199e+01
7.492797842058405422e+01,7.394256589519655476e-01,1.205024226321691899e-01,1.566357556898774916e+01
7.492797842058405422e+01,7.394256589519655476e-01,1.205024226321691899e-01,1.566357556898774916e+01
7.480740031986233873e+01,7.387560578292533542e-01,1.207867710799695182e-01,1.479913503165324329e+01
7.480740031986233873e+01,7.387560578292533542e-01,1.207867710799695182e-01,1.479913503165324329e+01
7.480740031986233873e+01,7.387560578292533542e-01,1.207867710799695182e-01,1.479913503165324329e+01
7.480740031986233873e+01,7.387560578292533542e-01,1.207867710799695182e-01,1.479913503165324329e+01
7.480740031986233873e+01,7.387560578292533542e-01,1.207867710799695182e-01,1.479913503165324329e+01
7.480740031986233873e+01,7.387560578292533542e-01,1.207867710799695182e-01,1.479913503165324329e+01
7.480740031986233873e+01,7.387560578292533542e-01,1.207867710799695182e-01,1.479913503165324329e+01
7.473454824084471682e+01,7.387281648813932566e-01,1.186112710511663393e-01,1.465875511623116978e+01
7.473454824084471682e+01,7.387281648813932566e-01,1.186112710511663393e-01,1.465875511623116978e+01
7.473454824084471682e+01,7.387281648813932566e-01,1.186112710511663393e-01,1.465875511623116978e+01
7.473454824084471682e+01,7.387281648813932566e-01,1.186112710511663393e-01,1.465875511623116978e+01
7.473454824084471682e+01,7.387281648813932566e-01,1.186112710511663393e-01,1.465875511623116978e+01
7.473454824084471682e+01,7.387281648813932566e-01,1.186112710511663393e-01,1.465875511623116978e+01
7.473454824084471682e+01,7.387281648813932566e-01,1.186112710511663393e-01,1.465875511623116978e+01
7.473454824084471682e+01,7.387281648813932566e-01,1.186112710511663393e-01,1.465875511623116978e+01
7.473454824084471682e+01,7.387281648813932566e-01,1.186112710511663393e-01,1.465875511623116978e+01
7.473454824084471682e+01,7.387281648813932566e-01,1.186112710511663393e-01,1.465875511623116978e+01
7.473961058119350298e+01,7.376155797085375276e-01,1.231253095576535506e-01,1.440605965406096267e+01
7.473961058119350298e+01,7.376155797085375276e-01,1.231253095576535506e-01,1.440605965406096267e+01
7.473961058119350298e+01,7.376155797085375276e-01,1.231253095576535506e-01,1.440605965406096267e+01
7.473961058119350298e+01,7.376155797085375276e-01,1.231253095576535506e-01,1.440605965406096267e+01
7.464864663330085648e+01,7.374886759150879323e-01,1.203726985390894122e-01,1.428656101754599916e+01
7.464864663330085648e+01,7.374886759150879323e-01,1.203726985390894122e-01,1.428656101754599916e+01
7.464864663330085648e+01,7.374886759150879323e-01,1.203726985390894122e-01,1.428656101754599916e+01
7.464864663330085648e+01,7.374886759150879323e-01,1.203726985390894122e-01,1.428656101754599916e+01
7.464864663330085648e+01,7.374886759150879323e-01,1.203726985390894122e-01,1.428656101754599916e+01
7.464864663330085648e+01,7.374886759150879323e-01,1.203726985390894122e-01,1.428656101754599916e+01
7.464864663330085648e+01,7.374886759150879323e-01,1.203726985390894122e-01,1.428656101754599916e+01
7.454714079269311355e+01,7.377106438734999383e-01,1.214435290014982544e-01,1.310765485301728894e+01
7.454714079269311355e+01,7.377106438734999383e-01,1.214435290014982544e-01,1.310765485301728894e+01
7.454714079269311355e+01,7.377106438734999383e-01,1.214435290014982544e-01,1.310765485301728894e+01
7.458830366691174163e+01,7.376206309333778188e-01,1.210092834509989695e-01,1.358572750258609219e+01
7.458830366691174163e+01,7.376206309333778188e-01,1.210092834509989695e-01,1.358572750258609219e+01
7.455810630798492866e+01,7.373832760516391138e-01,1.169250739776872133e-01,1.406810345162698894e+01
7.455810630798492866e+01,7.373832760516391138e-01,1.169250739776872133e-01,1.406810345162698894e+01
7.455810630798492866e+01,7.373832760516391138e-01,1.169250739776872133e-01,1.406810345162698894e+01
7.455810630798492866e+01,7.373832760516391138e-01,1.169250739776872133e-01,1.406810345162698894e+01
7.452103022293957224e+01,7.372520462278232545e-01,1.224233984116696455e-01,1.336297040547975534e+01
7.452103022293957224e+01,7.372520462278232545e-01,1.224233984116696455e-01,1.336297040547975534e+01
7.452103022293957224e+01,7.372520462278232545e-01,1.224233984116696455e-01,1.336297040547975534e+01
7.452103022293957224e+01,7.372520462278232545e-01,1.224233984116696455e-01,1.336297040547975534e+01
7.452103022293957224e+01,7.372520462278232545e-01,1.224233984116696455e-01,1.336297040547975534e+01
7.452103022293957224e+01,7.372520462278232545e-01,1.224233984116696455e-01,1.336297040547975534e+01
7.452103022293957224e+01,7.372520462278232545e-01,1.224233984116696455e-01,1.336297040547975534e+01
7.470351308559260417e+01,7.387240687010558915e-01,1.220638741283355255e-01,1.427484035764973136e+01
7.470351308559260417e+01,7.387240687010558915e-01,1.220638741283355255e-01,1.427484035764973136e+01
7.470351308559260417e+01,7.387240687010558915e-01,1.220638741283355255e-01,1.427484035764973136e+01
7.470351308559260417e+01,7.387240687010558915e-01,1.220638741283355255e-01,1.427484035764973136e+01
7.470351308559260417e+01,7.387240687010558915e-01,1.220638741283355255e-01,1.427484035764973136e+01
7.460308108678179906e+01,7.384883896725635832e-01,1.189079983293823972e-01,1.407083038143909448e+01
7.460308108678179906e+01,7.384883896725635832e-01,1.189079983293823972e-01,1.407083038143909448e+01
7.460308108678179906e+01,7.384883896725635832e-01,1.189079983293823972e-01,1.407083038143909448e+01
7.460308108678179906e+01,7.384883896725635832e-01,1.189079983293823972e-01,1.407083038143909448e+01
7.460308108678179906e+01,7.384883896725635832e-01,1.189079983293823972e-01,1.407083038143909448e+01
7.460308108678179906e+01,7.384883896725635832e-01,1.189079983293823972e-01,1.407083038143909448e+01
7.460308108678179906e+01,7.384883896725635832e-01,1.189079983293823972e-01,1.407083038143909448e+01
7.460308108678179906e+01,7.384883896725635832e-01,1.189079983293823972e-01,1.407083038143909448e+01
7.462945249928293379e+01,7.384905187679509098e-01,1.183247312582110522e-01,1.431000965059266150e+01
7.462945249928293379e+01,7.384905187679509098e-01,1.183247312582110522e-01,1.431000965059266150e+01
7.463174651974183860e+01,7.385329410801141359e-01,1.182476659487566584e-01,1.434515875100111515e+01
7.463174651974183860e+01,7.385329410801141359e-01,1.182476659487566584e-01,1.434515875100111515e+01
7.470166406735670250e+01,7.386794412412233113e-01,1.228734798413177176e-01,1.383611152257547339e+01
7.463366909691352191e+01,7.384285113901071229e-01,1.221443166126347513e-01,1.358115909573671942e+01
7.463366909691352191e+01,7.384285113901071229e-01,1.221443166126347513e-01,1.358115909573671942e+01
7.463366909691352191e+01,7.384285113901071229e-01,1.221443166126347513e-01,1.358115909573671942e+01
7.463366909691352191e+01,7.384285113901071229e-01,1.221443166126347513e-01,1.358115909573671942e+01
7.463366909691352191e+01,7.384285113901071229e-01,1.221443166126347513e-01,1.358115909573671942e+01
7.463366909691352191e+01,7.384285113901071229e-01,1.221443166126347513e-01,1.358115909573671942e+01
7.473993593727720963e+01,7.267970854994014740e-01,2.806643157339224204e-01,8.917859112531491661e+00
7.452731303310567057e+01,7.276367292160090816e-01,2.396197414719951624e-01,8.785342329280794615e+00
7.452731303310567057e+01,7.276367292160090816e-01,2.396197414719951624e-01,8.785342329280794615e+00
7.452731303310567057e+01,7.276367292160090816e-01,2.396197414719951624e-01,8.785342329280794615e+00
7.452744065249585503e+01,7.276388429009117420e-01,2.396964030953301350e-01,8.781897054915114964e+00
7.452744065249585503e+01,7.276388429009117420e-01,2.396964030953301350e-01,8.781897054915114964e+00
7.452744065249585503e+01,7.276388429009117420e-01,2.396964030953301350e-01,8.781897054915114964e+00
7.452744065249585503e+01,7.276388429009117420e-01,2.396964030953301350e-01,8.781897054915114964e+00
7.452744065249585503e+01,7.276388429009117420e-01,2.396964030953301350e-01,8.781897054915114964e+00
7.452744065249585503e+01,7.276388429009117420e-01,2.396964030953301350e-01,8.781897054915114964e+00
7.452744065249585503e+01,7.276388429009117420e-01,2.396964030953301350e-01,8.781897054915114964e+00
7.452744065249585503e+01,7.276388429009117420e-01,2.396964030953301350e-01,8.781897054915114964e+00
7.452744065249585503e+01,7.276388429009117420e-01,2.396964030953301350e-01,8.781897054915114964e+00
7.452744065249585503e+01,7.276388429009117420e-01,2.396964030953301350e-01,8.781897054915114964e+00
7.452744065249585503e+01,7.276388429009117420e-01,2.396964030953301350e-01,8.781897054915114964e+00
7.452744065249585503e+01,7.276388429009117420e-01,2.396964030953301350e-01,8.781897054915114964e+00
7.452744065249585503e+01,7.276388429009117420e-01,2.396964030953301350e-01,8.781897054915114964e+00
7.452744065249585503e+01,7.276388429009117420e-01,2.396964030953301350e-01,8.781897054915114964e+00
7.452744065249585503e+01,7.276388429009117420e-01,2.396964030953301350e-01,8.781897054915114964e+00
7.452369057204658986e+01,7.276432649194374269e-01,2.392096181783654463e-01,8.796386197551466779e+00
7.452369057204658986e+01,7.276432649194374269e-01,2.392096181783654463e-01,8.796386197551466779e+00
7.452369057204658986e+01,7.276432649194374269e-01,2.392096181783654463e-01,8.796386197551466779e+00
7.451196523501835145e+01,7.296778581787902729e-01,2.184547892929352142e-01,9.303600791937578052e+00
7.451196523501835145e+01,7.296778581787902729e-01,2.184547892929352142e-01,9.303600791937578052e+00
7.451196523501835145e+01,7.296778581787902729e-01,2.184547892929352142e-01,9.303600791937578052e+00
7.451196523501835145e+01,7.296778581787902729e-01,2.184547892929352142e-01,9.303600791937578052e+00
7.451648100913604367e+01,7.298082306233442118e-01,2.049841224736907996e-01,9.435732411970041866e+00
7.467188463841225143e+01,7.323640237647226492e-01,1.999661375503754279e-01,9.327356884897284317e+00
7.467188463841225143e+01,7.323640237647226492e-01,1.999661375503754279e-01,9.327356884897284317e+00
7.467188463841225143e+01,7.323640237647226492e-01,1.999661375503754279e-01,9.327356884897284317e+00
7.466085902751152048e+01,7.327894706901809663e-01,1.969006811281636682e-01,9.294112989212566234e+00
7.466085902751152048e+01,7.327894706901809663e-01,1.969006811281636682e-01,9.294112989212566234e+00
7.466085902751152048e+01,7.327894706901809663e-01,1.969006811281636682e-01,9.294112989212566234e+00
7.466085902751152048e+01,7.327894706901809663e-01,1.969006811281636682e-01,9.294112989212566234e+00
7.466085902751152048e+01,7.327894706901809663e-01,1.969006811281636682e-01,9.294112989212566234e+00
7.466085902751152048e+01,7.327894706901809663e-01,1.969006811281636682e-01,9.294112989212566234e+00
7.466085902751152048e+01,7.327894706901809663e-01,1.969006811281636682e-01,9.294112989212566234e+00
7.465558446838022633e+01,7.334512860438864301e-01,1.867322669528376777e-01,9.671512635333865404e+00
7.465558446838022633e+01,7.334512860438864301e-01,1.867322669528376777e-01,9.671512635333865404e+00
7.465558446838022633e+01,7.334512860438864301e-01,1.867322669528376777e-01,9.671512635333865404e+00
7.465558446838022633e+01,7.334512860438864301e-01,1.867322669528376777e-01,9.671512635333865404e+00
7.465558446838022633e+01,7.334512860438864301e-01,1.867322669528376777e-01,9.671512635333865404e+00
7.465830209092814584e+01,7.334783773056255951e-01,1.855705185169929106e-01,9.682160488982148649e+00
7.465830209092814584e+01,7.334783773056255951e-01,1.855705185169929106e-01,9.682160488982148649e+00
7.465830209092814584e+01,7.334783773056255951e-01,1.855705185169929106e-01,9.682160488982148649e+00
7.465830209092814584e+01,7.334783773056255951e-01,1.855705185169929106e-01,9.682160488982148649e+00
7.465830209092814584e+01,7.334783773056255951e-01,1.855705185169929106e-01,9.682160488982148649e+00
7.465830209092814584e+01,7.334783773056255951e-01,1.855705185169929106e-01,9.682160488982148649e+00
7.465830209092814584e+01,7.334783773056255951e-01,1.855705185169929106e-01,9.682160488982148649e+00
7.466519847249493580e+01,7.335406632675672833e-01,1.836457594825498529e-01,9.700290975102030089e+00
7.466519847249493580e+01,7.335406632675672833e-01,1.836457594825498529e-01,9.700290975102030089e+00
7.466519847249493580e+01,7.335406632675672833e-01,1.836457594825498529e-01,9.700290975102030089e+00
7.466519847249493580e+01,7.335406632675672833e-01,1.836457594825498529e-01,9.700290975102030089e+00
7.466519847249493580e+01,7.335406632675672833e-01,1.836457594825498529e-01,9.700290975102030089e+00
7.458467713286181322e+01,7.347089473072823118e-01,1.864890180624647620e-01,8.931215122173695065e+00
7.459056554225092839e+01,7.337851203881170514e-01,1.862818634917437766e-01,9.167862503202382385e+00
7.459056554225092839e+01,7.337851203881170514e-01,1.862818634917437766e-01,9.167862503202382385e+00
7.459056554225092839e+01,7.337851203881170514e-01,1.862818634917437766e-01,9.167862503202382385e+00
7.459056554225092839e+01,7.337851203881170514e-01,1.862818634917437766e-01,9.167862503202382385e+00
7.459056554225092839e+01,7.337851203881170514e-01,1.862818634917437766e-01,9.167862503202382385e+00
7.459056554225092839e+01,7.337851203881170514e-01,1.862818634917437766e-01,9.167862503202382385e+00
7.459056554225092839e+01,7.337851203881170514e-01,1.862818634917437766e-01,9.167862503202382385e+00
7.459056554225092839e+01,7.337851203881170514e-01,1.862818634917437766e-01,9.167862503202382385e+00
7.459056554225092839e+01,7.337851203881170514e-01,1.862818634917437766e-01,9.167862503202382385e+00
7.459056554225092839e+01,7.337851203881170514e-01,1.862818634917437766e-01,9.167862503202382385e+00
7.459056554225092839e+01,7.337851203881170514e-01,1.862818634917437766e-01,9.167862503202382385e+00
7.459056554225092839e+01,7.337851203881170514e-01,1.862818634917437766e-01,9.167862503202382385e+00
7.459056554225092839e+01,7.337851203881170514e-01,1.862818634917437766e-01,9.167862503202382385e+00
7.459056554225092839e+01,7.337851203881170514e-01,1.862818634917437766e-01,9.167862503202382385e+00
7.459056554225092839e+01,7.337851203881170514e-01,1.862818634917437766e-01,9.167862503202382385e+00
7.459056554225092839e+01,7.337851203881170514e-01,1.862818634917437766e-01,9.167862503202382385e+00
7.452743543340059773e+01,7.354501186276071190e-01,1.747202932710827938e-01,8.980308645610586282e+00
7.452743543340059773e+01,7.354501186276071190e-01,1.747202932710827938e-01,8.980308645610586282e+00
7.446162371071737596e+01,7.354984732830899263e-01,1.727084285681693976e-01,8.849920652250920838e+00
7.446162371071737596e+01,7.354984732830899263e-01,1.727084285681693976e-01,8.849920652250920838e+00
7.446162371071737596e+01,7.354984732830899263e-01,1.727084285681693976e-01,8.849920652250920838e+00
7.446162371071737596e+01,7.354984732830899263e-01,1.727084285681693976e-01,8.849920652250920838e+00
7.446162371071737596e+01,7.354984732830899263e-01,1.727084285681693976e-01,8.849920652250920838e+00
7.446162371071737596e+01,7.354984732830899263e-01,1.727084285681693976e-01,8.849920652250920838e+00
7.446162371071737596e+01,7.354984732830899263e-01,1.727084285681693976e-01,8.849920652250920838e+00
7.446162371071737596e+01,7.354984732830899263e-01,1.727084285681693976e-01,8.849920652250920838e+00
7.446162371071737596e+01,7.354984732830899263e-01,1.727084285681693976e-01,8.849920652250920838e+00
7.443691564529885341e+01,7.348226855405856073e-01,1.769230557476316745e-01,8.631263143520035541e+00
7.444365156844179410e+01,7.356023285870452177e-01,1.680184958499250369e-01,9.123436013038288550e+00
7.444365156844179410e+01,7.356023285870452177e-01,1.680184958499250369e-01,9.123436013038288550e+00
7.444365156844179410e+01,7.356023285870452177e-01,1.680184958499250369e-01,9.123436013038288550e+00
7.444365156844179410e+01,7.356023285870452177e-01,1.680184958499250369e-01,9.123436013038288550e+00
7.444365156844179410e+01,7.356023285870452177e-01,1.680184958499250369e-01,9.123436013038288550e+00
7.444588746373993615e+01,7.353443241155376286e-01,1.711425094596066010e-01,8.982315446449669949e+00
7.444588746373993615e+01,7.353443241155376286e-01,1.711425094596066010e-01,8.982315446449669949e+00
7.444093115446074194e+01,7.353408648182347962e-01,1.693627407687610942e-01,9.165302210649162618e+00
7.444093115446074194e+01,7.353408648182347962e-01,1.693627407687610942e-01,9.165302210649162618e+00
7.444093115446074194e+01,7.353408648182347962e-01,1.693627407687610942e-01,9.165302210649162618e+00
7.444093115446074194e+01,7.353408648182347962e-01,1.693627407687610942e-01,9.165302210649162618e+00
7.444093115446074194e+01,7.353408648182347962e-01,1.693627407687610942e-01,9.165302210649162618e+00
7.444093115446074194e+01,7.353408648182347962e-01,1.693627407687610942e-01,9.165302210649162618e+00
7.444692654024267142e+01,7.351124212245486733e-01,1.754454998234922236e-01,8.646748718593270766e+00
7.444692654024267142e+01,7.351124212245486733e-01,1.754454998234922236e-01,8.646748718593270766e+00
7.448267501931057666e+01,7.355719047317104131e-01,1.709045223842755312e-01,8.939200638519070097e+00
7.448267501931057666e+01,7.355719047317104131e-01,1.709045223842755312e-01,8.939200638519070097e+00
7.449349295845679819e+01,7.359877463827262378e-01,1.658824390465942489e-01,9.293498639127871996e+00
7.459799556197778259e+01,7.366700986444416621e-01,1.673745965590195117e-01,9.417394880799161427e+00
7.480899128670540676e+01,7.380478003009489640e-01,1.703873335161301683e-01,9.667547282956439503e+00
7.480899128670540676e+01,7.380478003009489640e-01,1.703873335161301683e-01,9.667547282956439503e+00
7.480899128670540676e+01,7.380478003009489640e-01,1.703873335161301683e-01,9.667547282956439503e+00
7.480899128670540676e+01,7.380478003009489640e-01,1.703873335161301683e-01,9.667547282956439503e+00
7.480899128670540676e+01,7.380478003009489640e-01,1.703873335161301683e-01,9.667547282956439503e+00
7.480899128670540676e+01,7.380478003009489640e-01,1.703873335161301683e-01,9.667547282956439503e+00
7.480899128670540676e+01,7.380478003009489640e-01,1.703873335161301683e-01,9.667547282956439503e+00
7.480899128670540676e+01,7.380478003009489640e-01,1.703873335161301683e-01,9.667547282956439503e+00
7.480899128670540676e+01,7.380478003009489640e-01,1.703873335161301683e-01,9.667547282956439503e+00
7.473759510563647268e+01,7.377676804044578374e-01,1.668683213523479147e-01,9.713424194837577019e+00
7.473759510563647268e+01,7.377676804044578374e-01,1.668683213523479147e-01,9.713424194837577019e+00
7.478700747946035676e+01,7.376025028021928609e-01,1.786961693928581507e-01,8.888379178598704300e+00
7.478700747946035676e+01,7.376025028021928609e-01,1.786961693928581507e-01,8.888379178598704300e+00
7.478700747946035676e+01,7.376025028021928609e-01,1.786961693928581507e-01,8.888379178598704300e+00
7.478700747946035676e+01,7.376025028021928609e-01,1.786961693928581507e-01,8.888379178598704300e+00
7.478700747946035676e+01,7.376025028021928609e-01,1.786961693928581507e-01,8.888379178598704300e+00
7.478700747946035676e+01,7.376025028021928609e-01,1.786961693928581507e-01,8.888379178598704300e+00
7.478700747946035676e+01,7.376025028021928609e-01,1.786961693928581507e-01,8.888379178598704300e+00
7.478700747946035676e+01,7.376025028021928609e-01,1.786961693928581507e-01,8.888379178598704300e+00
7.478700747946035676e+01,7.376025028021928609e-01,1.786961693928581507e-01,8.888379178598704300e+00
7.478700747946035676e+01,7.376025028021928609e-01,1.786961693928581507e-01,8.888379178598704300e+00
7.478700747946035676e+01,7.376025028021928609e-01,1.786961693928581507e-01,8.888379178598704300e+00
7.478700747946035676e+01,7.376025028021928609e-01,1.786961693928581507e-01,8.888379178598704300e+00
7.478700747946035676e+01,7.376025028021928609e-01,1.786961693928581507e-01,8.888379178598704300e+00
7.478252932393134245e+01,7.376079019232586464e-01,1.773324516653775329e-01,8.977864312221088383e+00
7.476512709957945901e+01,7.374108494333848629e-01,1.831382636676171516e-01,8.943854700390396317e+00
7.476512709957945901e+01,7.374108494333848629e-01,1.831382636676171516e-01,8.943854700390396317e+00
7.476512709957945901e+01,7.374108494333848629e-01,1.831382636676171516e-01,8.943854700390396317e+00
7.476512709957945901e+01,7.374108494333848629e-01,1.831382636676171516e-01,8.943854700390396317e+00
7.486146736806854562e+01,7.376485279466938882e-01,2.021848435401539246e-01,8.237857451003923970e+00
7.486146736806854562e+01,7.376485279466938882e-01,2.021848435401539246e-01,8.237857451003923970e+00
7.486146736806854562e+01,7.376485279466938882e-01,2.021848435401539246e-01,8.237857451003923970e+00
7.485620594496378999e+01,7.376837589399193318e-01,2.004372766267891459e-01,8.295578426448729559e+00
7.476371416598692576e+01,7.373540999802316032e-01,1.831139648895258043e-01,9.123500222117202796e+00
7.476371416598692576e+01,7.373540999802316032e-01,1.831139648895258043e-01,9.123500222117202796e+00
7.455667730932884751e+01,7.364194608512383278e-01,1.797956707357244166e-01,8.713201250231801254e+00
7.455667730932884751e+01,7.364194608512383278e-01,1.797956707357244166e-01,8.713201250231801254e+00
7.455667730932884751e+01,7.364194608512383278e-01,1.797956707357244166e-01,8.713201250231801254e+00
7.455667730932884751e+01,7.364194608512383278e-01,1.797956707357244166e-01,8.713201250231801254e+00
7.455667730932884751e+01,7.364194608512383278e-01,1.797956707357244166e-01,8.713201250231801254e+00
7.455667730932884751e+01,7.364194608512383278e-01,1.797956707357244166e-01,8.713201250231801254e+00
7.455667730932884751e+01,7.364194608512383278e-01,1.797956707357244166e-01,8.713201250231801254e+00
7.455667730932884751e+01,7.364194608512383278e-01,1.797956707357244166e-01,8.713201250231801254e+00
7.455667730932884751e+01,7.364194608512383278e-01,1.797956707357244166e-01,8.713201250231801254e+00
7.455667730932884751e+01,7.364194608512383278e-01,1.797956707357244166e-01,8.713201250231801254e+00
7.457094502870134534e+01,7.364757914878609091e-01,1.800388431347441642e-01,8.747602482630158605e+00
7.457086402902886846e+01,7.365237990562927273e-01,1.755077651449952481e-01,8.933821077567589697e+00
7.468346888068684564e+01,7.370754476470321448e-01,1.920698713129384561e-01,8.020119017714515408e+00
7.468346888068684564e+01,7.370754476470321448e-01,1.920698713129384561e-01,8.020119017714515408e+00
7.468346888068684564e+01,7.370754476470321448e-01,1.920698713129384561e-01,8.020119017714515408e+00
7.457420792346941596e+01,7.361640126333043321e-01,2.178876444756741027e-01,7.865549890449793580e+00
7.457420792346941596e+01,7.361640126333043321e-01,2.178876444756741027e-01,7.865549890449793580e+00
7.457420792346941596e+01,7.361640126333043321e-01,2.178876444756741027e-01,7.865549890449793580e+00
7.457420792346941596e+01,7.361640126333043321e-01,2.178876444756741027e-01,7.865549890449793580e+00
7.457420792346941596e+01,7.361640126333043321e-01,2.178876444756741027e-01,7.865549890449793580e+00
7.457420792346941596e+01,7.361640126333043321e-01,2.178876444756741027e-01,7.865549890449793580e+00
7.457420792346941596e+01,7.361640126333043321e-01,2.178876444756741027e-01,7.865549890449793580e+00
7.457420792346941596e+01,7.361640126333043321e-01,2.178876444756741027e-01,7.865549890449793580e+00
7.461492838690027440e+01,7.364402830537618572e-01,2.083274328341953585e-01,7.937045887301934499e+00
7.472575576172025080e+01,7.366444626842597598e-01,2.291225710000936444e-01,7.521845892427942104e+00
7.472575576172025080e+01,7.366444626842597598e-01,2.291225710000936444e-01,7.521845892427942104e+00
7.464690804657405465e+01,7.357163221563468580e-01,2.551269886810849097e-01,7.469221792598032650e+00
7.464690804657405465e+01,7.357163221563468580e-01,2.551269886810849097e-01,7.469221792598032650e+00
7.464690804657405465e+01,7.357163221563468580e-01,2.551269886810849097e-01,7.469221792598032650e+00
7.462230365151393130e+01,7.354528866898106809e-01,2.597997701688867789e-01,7.448996714871999991e+00
7.462230365151393130e+01,7.354528866898106809e-01,2.597997701688867789e-01,7.448996714871999991e+00
7.462230365151393130e+01,7.354528866898106809e-01,2.597997701688867789e-01,7.448996714871999991e+00
7.462230365151393130e+01,7.354528866898106809e-01,2.597997701688867789e-01,7.448996714871999991e+00
7.462230365151393130e+01,7.354528866898106809e-01,2.597997701688867789e-01,7.448996714871999991e+00
7.462230365151393130e+01,7.354528866898106809e-01,2.597997701688867789e-01,7.448996714871999991e+00
7.459951978595084654e+01,7.352100963754591989e-01,2.650888247420032928e-01,7.434317480681132295e+00
7.458158091715253590e+01,7.350906732360288354e-01,2.690101971134927217e-01,7.404560922826265212e+00
7.459273251405194571e+01,7.350716910921619718e-01,2.723830051092492321e-01,7.383504258446857094e+00
7.428040070516863125e+01,7.286117812007099070e-01,1.919559612236492741e-01,8.631454733912608646e+00
7.428040070516863125e+01,7.286117812007099070e-01,1.919559612236492741e-01,8.631454733912608646e+00
7.428495966229856151e+01,7.296806442066351428e-01,1.882001802727174267e-01,8.548143238818720846e+00
7.428495966229856151e+01,7.296806442066351428e-01,1.882001802727174267e-01,8.548143238818720846e+00
7.448813102940660258e+01,7.298915326079077337e-01,1.786272590818929196e-01,1.048597516778863437e+01
7.448813102940660258e+01,7.298915326079077337e-01,1.786272590818929196e-01,1.048597516778863437e+01
7.448813102940660258e+01,7.298915326079077337e-01,1.786272590818929196e-01,1.048597516778863437e+01
7.448813102940660258e+01,7.298915326079077337e-01,1.786272590818929196e-01,1.048597516778863437e+01
7.448813102940660258e+01,7.298915326079077337e-01,1.786272590818929196e-01,1.048597516778863437e+01
7.448813102940660258e+01,7.298915326079077337e-01,1.786272590818929196e-01,1.048597516778863437e+01
7.448813102940660258e+01,7.298915326079077337e-01,1.786272590818929196e-01,1.048597516778863437e+01
7.448813102940660258e+01,7.298915326079077337e-01,1.786272590818929196e-01,1.048597516778863437e+01
7.448813102940660258e+01,7.298915326079077337e-01,1.786272590818929196e-01,1.048597516778863437e+01
7.460591049904643057e+01,7.319095178639779542e-01,1.752999314958989807e-01,1.055627610938081062e+01
7.442358046523725079e+01,7.338461388540802322e-01,1.659913209417458457e-01,9.652747352972735229e+00
7.449369707791638007e+01,7.346681405036739054e-01,1.630134706542643031e-01,9.939858288079033599e+00
7.449369707791638007e+01,7.346681405036739054e-01,1.630134706542643031e-01,9.939858288079033599e+00
7.449369707791638007e+01,7.346681405036739054e-01,1.630134706542643031e-01,9.939858288079033599e+00
7.438037968658370858e+01,7.369333135723115102e-01,1.446861570762438820e-01,9.576113744794549021e+00
7.438037968658370858e+01,7.369333135723115102e-01,1.446861570762438820e-01,9.576113744794549021e+00
7.432418674099085365e+01,7.377146405245839089e-01,1.497976513784315400e-01,8.123471434094318155e+00
7.432418674099085365e+01,7.377146405245839089e-01,1.497976513784315400e-01,8.123471434094318155e+00
7.429727894465037252e+01,7.356467128584531778e-01,1.703857228477477781e-01,8.055470755904483582e+00
7.429727894465037252e+01,7.356467128584531778e-01,1.703857228477477781e-01,8.055470755904483582e+00
7.429727894465037252e+01,7.356467128584531778e-01,1.703857228477477781e-01,8.055470755904483582e+00
7.433995681285755097e+01,7.344601536565132927e-01,1.799414577718251307e-01,8.303588738156360449e+00
7.433995681285755097e+01,7.344601536565132927e-01,1.799414577718251307e-01,8.303588738156360449e+00
7.433995681285755097e+01,7.344601536565132927e-01,1.799414577718251307e-01,8.303588738156360449e+00
7.433995681285755097e+01,7.344601536565132927e-01,1.799414577718251307e-01,8.303588738156360449e+00
7.433995681285755097e+01,7.344601536565132927e-01,1.799414577718251307e-01,8.303588738156360449e+00
7.433995681285755097e+01,7.344601536565132927e-01,1.799414577718251307e-01,8.303588738156360449e+00
7.433995681285755097e+01,7.344601536565132927e-01,1.799414577718251307e-01,8.303588738156360449e+00
7.438180070905362129e+01,7.346694893403262761e-01,1.767214180045010852e-01,8.406318795591081638e+00
7.438180070905362129e+01,7.346694893403262761e-01,1.767214180045010852e-01,8.406318795591081638e+00
7.438180070905362129e+01,7.346694893403262761e-01,1.767214180045010852e-01,8.406318795591081638e+00
7.438180070905362129e+01,7.346694893403262761e-01,1.767214180045010852e-01,8.406318795591081638e+00
7.438180070905362129e+01,7.346694893403262761e-01,1.767214180045010852e-01,8.406318795591081638e+00
7.438180070905362129e+01,7.346694893403262761e-01,1.767214180045010852e-01,8.406318795591081638e+00
7.438180070905362129e+01,7.346694893403262761e-01,1.767214180045010852e-01,8.406318795591081638e+00
7.438180070905362129e+01,7.346694893403262761e-01,1.767214180045010852e-01,8.406318795591081638e+00
7.438180070905362129e+01,7.346694893403262761e-01,1.767214180045010852e-01,8.406318795591081638e+00
7.438180070905362129e+01,7.346694893403262761e-01,1.767214180045010852e-01,8.406318795591081638e+00
7.439234164097662472e+01,7.331079795264716648e-01,1.688409370779612173e-01,9.793198533749908563e+00
7.439234164097662472e+01,7.331079795264716648e-01,1.688409370779612173e-01,9.793198533749908563e+00
7.439234164097662472e+01,7.331079795264716648e-01,1.688409370779612173e-01,9.793198533749908563e+00
7.439234164097662472e+01,7.331079795264716648e-01,1.688409370779612173e-01,9.793198533749908563e+00
7.439234164097662472e+01,7.331079795264716648e-01,1.688409370779612173e-01,9.793198533749908563e+00
7.439234164097662472e+01,7.331079795264716648e-01,1.688409370779612173e-01,9.793198533749908563e+00
7.439234164097662472e+01,7.331079795264716648e-01,1.688409370779612173e-01,9.793198533749908563e+00
7.439234164097662472e+01,7.331079795264716648e-01,1.688409370779612173e-01,9.793198533749908563e+00
7.439234164097662472e+01,7.331079795264716648e-01,1.688409370779612173e-01,9.793198533749908563e+00
7.439234164097662472e+01,7.331079795264716648e-01,1.688409370779612173e-01,9.793198533749908563e+00
7.439032955214034359e+01,7.331520325241591696e-01,1.687828483936430479e-01,9.772425245791620085e+00
7.439032955214034359e+01,7.331520325241591696e-01,1.687828483936430479e-01,9.772425245791620085e+00
7.439032955214034359e+01,7.331520325241591696e-01,1.687828483936430479e-01,9.772425245791620085e+00
7.445572563980206837e+01,7.333587959008434076e-01,1.744979404943053647e-01,9.574978033182409476e+00
7.445572563980206837e+01,7.333587959008434076e-01,1.744979404943053647e-01,9.574978033182409476e+00
7.445572563980206837e+01,7.333587959008434076e-01,1.744979404943053647e-01,9.574978033182409476e+00
7.445572563980206837e+01,7.333587959008434076e-01,1.744979404943053647e-01,9.574978033182409476e+00
7.445572563980206837e+01,7.333587959008434076e-01,1.744979404943053647e-01,9.574978033182409476e+00
7.445572563980206837e+01,7.333587959008434076e-01,1.744979404943053647e-01,9.574978033182409476e+00
7.445572563980206837e+01,7.333587959008434076e-01,1.744979404943053647e-01,9.574978033182409476e+00
7.445572563980206837e+01,7.333587959008434076e-01,1.744979404943053647e-01,9.574978033182409476e+00
7.445572563980206837e+01,7.333587959008434076e-01,1.744979404943053647e-01,9.574978033182409476e+00
7.445572563980206837e+01,7.333587959008434076e-01,1.744979404943053647e-01,9.574978033182409476e+00
7.445572563980206837e+01,7.333587959008434076e-01,1.744979404943053647e-01,9.574978033182409476e+00
7.445648177391311151e+01,7.332106205157110645e-01,1.780605587318017657e-01,9.300655151627381656e+00
7.445648177391311151e+01,7.332106205157110645e-01,1.780605587318017657e-01,9.300655151627381656e+00
7.445648177391311151e+01,7.332106205157110645e-01,1.780605587318017657e-01,9.300655151627381656e+00
7.445648177391311151e+01,7.332106205157110645e-01,1.780605587318017657e-01,9.300655151627381656e+00
7.449844087535365134e+01,7.333903999082705960e-01,1.806332680512988398e-01,9.259100082920001640e+00
7.458222292634243900e+01,7.365949043192751011e-01,1.625827693945645080e-01,9.738662302540713966e+00
7.458222292634243900e+01,7.365949043192751011e-01,1.625827693945645080e-01,9.738662302540713966e+00
7.458222292634243900e+01,7.365949043192751011e-01,1.625827693945645080e-01,9.738662302540713966e+00
7.454870801002847713e+01,7.368138006385791527e-01,1.674821385772822246e-01,9.296550307225292187e+00
7.454870801002847713e+01,7.368138006385791527e-01,1.674821385772822246e-01,9.296550307225292187e+00
7.451814086336305820e+01,7.370442680813570346e-01,1.630679033545801015e-01,9.350077163444320050e+00
7.451814086336305820e+01,7.370442680813570346e-01,1.630679033545801015e-01,9.350077163444320050e+00
7.451814086336305820e+01,7.370442680813570346e-01,1.630679033545801015e-01,9.350077163444320050e+00
7.451814086336305820e+01,7.370442680813570346e-01,1.630679033545801015e-01,9.350077163444320050e+00
7.451814086336305820e+01,7.370442680813570346e-01,1.630679033545801015e-01,9.350077163444320050e+00
7.451814086336305820e+01,7.370442680813570346e-01,1.630679033545801015e-01,9.350077163444320050e+00
7.451814086336305820e+01,7.370442680813570346e-01,1.630679033545801015e-01,9.350077163444320050e+00
7.452312358160662598e+01,7.371407219172003700e-01,1.627367496288122384e-01,9.365237583422301171e+00
7.452295832558793620e+01,7.371386413330673903e-01,1.627947502755044407e-01,9.364751211487131854e+00
7.452295832558793620e+01,7.371386413330673903e-01,1.627947502755044407e-01,9.364751211487131854e+00
7.452295832558793620e+01,7.371386413330673903e-01,1.627947502755044407e-01,9.364751211487131854e+00
7.452295832558793620e+01,7.371386413330673903e-01,1.627947502755044407e-01,9.364751211487131854e+00
7.452295832558793620e+01,7.371386413330673903e-01,1.627947502755044407e-01,9.364751211487131854e+00
7.456737548146165295e+01,7.375168261767195421e-01,1.609840041488830586e-01,9.468774915372575762e+00
7.456737548146165295e+01,7.375168261767195421e-01,1.609840041488830586e-01,9.468774915372575762e+00
7.456737548146165295e+01,7.375168261767195421e-01,1.609840041488830586e-01,9.468774915372575762e+00
7.456737548146165295e+01,7.375168261767195421e-01,1.609840041488830586e-01,9.468774915372575762e+00
7.456737548146165295e+01,7.375168261767195421e-01,1.609840041488830586e-01,9.468774915372575762e+00
7.456737548146165295e+01,7.375168261767195421e-01,1.609840041488830586e-01,9.468774915372575762e+00
7.476274985537367002e+01,7.384037500643134688e-01,1.593846131934533727e-01,1.017061273172577351e+01
7.491892698957558139e+01,7.386491981371241522e-01,1.720670972616110128e-01,9.640806878509172506e+00
7.491892698957558139e+01,7.386491981371241522e-01,1.720670972616110128e-01,9.640806878509172506e+00
7.491892698957558139e+01,7.386491981371241522e-01,1.720670972616110128e-01,9.640806878509172506e+00
7.491892698957558139e+01,7.386491981371241522e-01,1.720670972616110128e-01,9.640806878509172506e+00
7.491892698957558139e+01,7.386491981371241522e-01,1.720670972616110128e-01,9.640806878509172506e+00
7.491892698957558139e+01,7.386491981371241522e-01,1.720670972616110128e-01,9.640806878509172506e+00
7.491892698957558139e+01,7.386491981371241522e-01,1.720670972616110128e-01,9.640806878509172506e+00
7.490926621085760928e+01,7.385455800590586817e-01,1.743011757241733073e-01,9.622030736099763004e+00
7.490926621085760928e+01,7.385455800590586817e-01,1.743011757241733073e-01,9.622030736099763004e+00
7.490926621085760928e+01,7.385455800590586817e-01,1.743011757241733073e-01,9.622030736099763004e+00
7.490926621085760928e+01,7.385455800590586817e-01,1.743011757241733073e-01,9.622030736099763004e+00
7.495502642489773848e+01,7.386303752078835494e-01,1.802379703862646287e-01,9.282496915109987867e+00
7.495502642489773848e+01,7.386303752078835494e-01,1.802379703862646287e-01,9.282496915109987867e+00
7.495502642489773848e+01,7.386303752078835494e-01,1.802379703862646287e-01,9.282496915109987867e+00
7.495502642489773848e+01,7.386303752078835494e-01,1.802379703862646287e-01,9.282496915109987867e+00
7.495502642489773848e+01,7.386303752078835494e-01,1.802379703862646287e-01,9.282496915109987867e+00
7.495502642489773848e+01,7.386303752078835494e-01,1.802379703862646287e-01,9.282496915109987867e+00
7.495502642489773848e+01,7.386303752078835494e-01,1.802379703862646287e-01,9.282496915109987867e+00
7.495502642489773848e+01,7.386303752078835494e-01,1.802379703862646287e-01,9.282496915109987867e+00
7.495502642489773848e+01,7.386303752078835494e-01,1.802379703862646287e-01,9.282496915109987867e+00
7.495502642489773848e+01,7.386303752078835494e-01,1.802379703862646287e-01,9.282496915109987867e+00
7.495502642489773848e+01,7.386303752078835494e-01,1.802379703862646287e-01,9.282496915109987867e+00
7.495502642489773848e+01,7.386303752078835494e-01,1.802379703862646287e-01,9.282496915109987867e+00
7.495502642489773848e+01,7.386303752078835494e-01,1.802379703862646287e-01,9.282496915109987867e+00
7.495502642489773848e+01,7.386303752078835494e-01,1.802379703862646287e-01,9.282496915109987867e+00
7.495502642489773848e+01,7.386303752078835494e-01,1.802379703862646287e-01,9.282496915109987867e+00
7.495502642489773848e+01,7.386303752078835494e-01,1.802379703862646287e-01,9.282496915109987867e+00
7.495502642489773848e+01,7.386303752078835494e-01,1.802379703862646287e-01,9.282496915109987867e+00
7.495502642489773848e+01,7.386303752078835494e-01,1.802379703862646287e-01,9.282496915109987867e+00
7.495502642489773848e+01,7.386303752078835494e-01,1.802379703862646287e-01,9.282496915109987867e+00
7.487270800834689055e+01,7.382426809148083802e-01,1.760914334897960287e-01,9.370283908559521535e+00
7.487270800834689055e+01,7.382426809148083802e-01,1.760914334897960287e-01,9.370283908559521535e+00
7.487270800834689055e+01,7.382426809148083802e-01,1.760914334897960287e-01,9.370283908559521535e+00
7.474552155641217155e+01,7.384809449057019304e-01,1.620392692659869682e-01,9.557827423472277317e+00
7.473919974447463233e+01,7.384672436691834818e-01,1.615739956166595825e-01,9.579206808134660633e+00
7.473919974447463233e+01,7.384672436691834818e-01,1.615739956166595825e-01,9.579206808134660633e+00
7.473919974447463233e+01,7.384672436691834818e-01,1.615739956166595825e-01,9.579206808134660633e+00
7.473919974447463233e+01,7.384672436691834818e-01,1.615739956166595825e-01,9.579206808134660633e+00
7.473919974447463233e+01,7.384672436691834818e-01,1.615739956166595825e-01,9.579206808134660633e+00
7.473919974447463233e+01,7.384672436691834818e-01,1.615739956166595825e-01,9.579206808134660633e+00
7.473919974447463233e+01,7.384672436691834818e-01,1.615739956166595825e-01,9.579206808134660633e+00
7.473919974447463233e+01,7.384672436691834818e-01,1.615739956166595825e-01,9.579206808134660633e+00
7.473919974447463233e+01,7.384672436691834818e-01,1.615739956166595825e-01,9.579206808134660633e+00
7.473919974447463233e+01,7.384672436691834818e-01,1.615739956166595825e-01,9.579206808134660633e+00
7.473919974447463233e+01,7.384672436691834818e-01,1.615739956166595825e-01,9.579206808134660633e+00
7.473919974447463233e+01,7.384672436691834818e-01,1.615739956166595825e-01,9.579206808134660633e+00
7.473919974447463233e+01,7.384672436691834818e-01,1.615739956166595825e-01,9.579206808134660633e+00
7.473919974447463233e+01,7.384672436691834818e-01,1.615739956166595825e-01,9.579206808134660633e+00
7.473919974447463233e+01,7.384672436691834818e-01,1.615739956166595825e-01,9.579206808134660633e+00
7.473919974447463233e+01,7.384672436691834818e-01,1.615739956166595825e-01,9.579206808134660633e+00
7.473919974447463233e+01,7.384672436691834818e-01,1.615739956166595825e-01,9.579206808134660633e+00
7.471993273835087734e+01,7.382927434092222407e-01,1.658480009416035128e-01,9.528831201611765778e+00
7.471993273835087734e+01,7.382927434092222407e-01,1.658480009416035128e-01,9.528831201611765778e+00
7.471993273835087734e+01,7.382927434092222407e-01,1.658480009416035128e-01,9.528831201611765778e+00
7.471993273835087734e+01,7.382927434092222407e-01,1.658480009416035128e-01,9.528831201611765778e+00
7.471986875229124792e+01,7.382905794063129301e-01,1.657973643283804643e-01,9.533573253001437209e+00
7.471986875229124792e+01,7.382905794063129301e-01,1.657973643283804643e-01,9.533573253001437209e+00
7.481958637727346684e+01,7.387183364401035401e-01,1.672923188152015128e-01,9.729162503933686423e+00
7.481958637727346684e+01,7.387183364401035401e-01,1.672923188152015128e-01,9.729162503933686423e+00
7.481958637727346684e+01,7.387183364401035401e-01,1.672923188152015128e-01,9.729162503933686423e+00
7.477787874911166455e+01,7.384779012986198987e-01,1.663003738964229372e-01,9.661787775434040881e+00
7.477787874911166455e+01,7.384779012986198987e-01,1.663003738964229372e-01,9.661787775434040881e+00
7.481780121581590492e+01,7.388741895491917067e-01,1.754694981044804258e-01,8.894750870318928193e+00
7.481780121581590492e+01,7.388741895491917067e-01,1.754694981044804258e-01,8.894750870318928193e+00
7.478434558632032747e+01,7.385154394635601305e-01,1.858601766424993196e-01,8.820722415657526128e+00
7.478434558632032747e+01,7.385154394635601305e-01,1.858601766424993196e-01,8.820722415657526128e+00
7.478434558632032747e+01,7.385154394635601305e-01,1.858601766424993196e-01,8.820722415657526128e+00
7.478434558632032747e+01,7.385154394635601305e-01,1.858601766424993196e-01,8.820722415657526128e+00
7.478434558632032747e+01,7.385154394635601305e-01,1.858601766424993196e-01,8.820722415657526128e+00
7.478434558632032747e+01,7.385154394635601305e-01,1.858601766424993196e-01,8.820722415657526128e+00
7.478434558632032747e+01,7.385154394635601305e-01,1.858601766424993196e-01,8.820722415657526128e+00
7.478302085341404393e+01,7.385105751290523823e-01,1.857717048482075972e-01,8.821086805317365886e+00
7.478302085341404393e+01,7.385105751290523823e-01,1.857717048482075972e-01,8.821086805317365886e+00
7.478302085341404393e+01,7.385105751290523823e-01,1.857717048482075972e-01,8.821086805317365886e+00
7.478302085341404393e+01,7.385105751290523823e-01,1.857717048482075972e-01,8.821086805317365886e+00
7.478302085341404393e+01,7.385105751290523823e-01,1.857717048482075972e-01,8.821086805317365886e+00
7.478304415573124686e+01,7.385688438570228165e-01,1.884585301514705435e-01,8.631775832759911893e+00
7.492408627085856665e+01,7.394922188974850652e-01,1.894106902897024769e-01,8.732209289126666718e+00
7.492408627085856665e+01,7.394922188974850652e-01,1.894106902897024769e-01,8.732209289126666718e+00
7.364893231968528653e+01,7.281169880616064072e-01,3.056940847504983072e-01,6.459043479047213765e+00
7.366168813485269595e+01,7.282974945342316486e-01,3.020994238194353310e-01,6.463053011726639596e+00
7.366168813485269595e+01,7.282974945342316486e-01,3.020994238194353310e-01,6.463053011726639596e+00
7.366168813485269595e+01,7.282974945342316486e-01,3.020994238194353310e-01,6.463053011726639596e+00
7.368786174235094677e+01,7.279182898687183156e-01,3.064025465463786069e-01,6.539299328017334823e+00
7.368786174235094677e+01,7.279182898687183156e-01,3.064025465463786069e-01,6.539299328017334823e+00
7.368786174235094677e+01,7.279182898687183156e-01,3.064025465463786069e-01,6.539299328017334823e+00
7.368786174235094677e+01,7.279182898687183156e-01,3.064025465463786069e-01,6.539299328017334823e+00
7.368786174235094677e+01,7.279182898687183156e-01,3.064025465463786069e-01,6.539299328017334823e+00
7.361299673427630808e+01,7.271859546679918518e-01,3.226054119793204666e-01,6.335225419222034304e+00
7.361299673427630808e+01,7.271859546679918518e-01,3.226054119793204666e-01,6.335225419222034304e+00
7.361299673427630808e+01,7.271859546679918518e-01,3.226054119793204666e-01,6.335225419222034304e+00
7.361299673427630808e+01,7.271859546679918518e-01,3.226054119793204666e-01,6.335225419222034304e+00
7.361299673427630808e+01,7.271859546679918518e-01,3.226054119793204666e-01,6.335225419222034304e+00
7.361299673427630808e+01,7.271859546679918518e-01,3.226054119793204666e-01,6.335225419222034304e+00
7.361299673427630808e+01,7.271859546679918518e-01,3.226054119793204666e-01,6.335225419222034304e+00
7.364259141670797248e+01,7.273129078179720874e-01,3.473004188634359890e-01,6.316025336383336963e+00
7.364259141670797248e+01,7.273129078179720874e-01,3.473004188634359890e-01,6.316025336383336963e+00
7.364259141670797248e+01,7.273129078179720874e-01,3.473004188634359890e-01,6.316025336383336963e+00
7.364259141670797248e+01,7.273129078179720874e-01,3.473004188634359890e-01,6.316025336383336963e+00
7.364259141670797248e+01,7.273129078179720874e-01,3.473004188634359890e-01,6.316025336383336963e+00
7.352960681886591487e+01,7.243020816545477913e-01,3.948474928120326299e-01,6.499485804792338506e+00
7.352960681886591487e+01,7.243020816545477913e-01,3.948474928120326299e-01,6.499485804792338506e+00
7.352960681886591487e+01,7.243020816545477913e-01,3.948474928120326299e-01,6.499485804792338506e+00
7.352960681886591487e+01,7.243020816545477913e-01,3.948474928120326299e-01,6.499485804792338506e+00
7.352960681886591487e+01,7.243020816545477913e-01,3.948474928120326299e-01,6.499485804792338506e+00
7.352960681886591487e+01,7.243020816545477913e-01,3.948474928120326299e-01,6.499485804792338506e+00
7.352960681886591487e+01,7.243020816545477913e-01,3.948474928120326299e-01,6.499485804792338506e+00
7.352960681886591487e+01,7.243020816545477913e-01,3.948474928120326299e-01,6.499485804792338506e+00
7.366359950466804207e+01,7.249102755060480296e-01,4.109889811527571712e-01,6.623708081578247864e+00
7.366359950466804207e+01,7.249102755060480296e-01,4.109889811527571712e-01,6.623708081578247864e+00
7.372466626518601629e+01,7.254158325874431323e-01,3.715346242800327548e-01,6.625898992165950574e+00
7.372466626518601629e+01,7.254158325874431323e-01,3.715346242800327548e-01,6.625898992165950574e+00
7.372466626518601629e+01,7.254158325874431323e-01,3.715346242800327548e-01,6.625898992165950574e+00
7.361425673505476652e+01,7.247917501941596452e-01,3.604709467247541044e-01,6.527510942649668024e+00
7.361396047535124865e+01,7.247747402620878798e-01,3.588171233892920586e-01,6.528560725409908727e+00
7.361396047535124865e+01,7.247747402620878798e-01,3.588171233892920586e-01,6.528560725409908727e+00
7.361396047535124865e+01,7.247747402620878798e-01,3.588171233892920586e-01,6.528560725409908727e+00
7.361396047535124865e+01,7.247747402620878798e-01,3.588171233892920586e-01,6.528560725409908727e+00
7.361396047535124865e+01,7.247747402620878798e-01,3.588171233892920586e-01,6.528560725409908727e+00
7.361396047535124865e+01,7.247747402620878798e-01,3.588171233892920586e-01,6.528560725409908727e+00
7.361396047535124865e+01,7.247747402620878798e-01,3.588171233892920586e-01,6.528560725409908727e+00
7.361396047535124865e+01,7.247747402620878798e-01,3.588171233892920586e-01,6.528560725409908727e+00
7.361396047535124865e+01,7.247747402620878798e-01,3.588171233892920586e-01,6.528560725409908727e+00
7.361396047535124865e+01,7.247747402620878798e-01,3.588171233892920586e-01,6.528560725409908727e+00
7.358853146524884892e+01,7.248682330043675348e-01,4.363311038566068945e-01,6.513302421182471491e+00
7.358853146524884892e+01,7.248682330043675348e-01,4.363311038566068945e-01,6.513302421182471491e+00
7.358853146524884892e+01,7.248682330043675348e-01,4.363311038566068945e-01,6.513302421182471491e+00
7.358551975994497241e+01,7.245850091588872388e-01,4.274314590728618413e-01,6.544693791204186262e+00
7.358551975994497241e+01,7.245850091588872388e-01,4.274314590728618413e-01,6.544693791204186262e+00
7.358551975994497241e+01,7.245850091588872388e-01,4.274314590728618413e-01,6.544693791204186262e+00
7.358551975994497241e+01,7.245850091588872388e-01,4.274314590728618413e-01,6.544693791204186262e+00
7.358551975994497241e+01,7.245850091588872388e-01,4.274314590728618413e-01,6.544693791204186262e+00
7.358551975994497241e+01,7.245850091588872388e-01,4.274314590728618413e-01,6.544693791204186262e+00
7.358551975994497241e+01,7.245850091588872388e-01,4.274314590728618413e-01,6.544693791204186262e+00
7.358551975994497241e+01,7.245850091588872388e-01,4.274314590728618413e-01,6.544693791204186262e+00
7.358551975994497241e+01,7.245850091588872388e-01,4.274314590728618413e-01,6.544693791204186262e+00
7.358551975994497241e+01,7.245850091588872388e-01,4.274314590728618413e-01,6.544693791204186262e+00
7.358551975994497241e+01,7.245850091588872388e-01,4.274314590728618413e-01,6.544693791204186262e+00
7.358551975994497241e+01,7.245850091588872388e-01,4.274314590728618413e-01,6.544693791204186262e+00
7.358551975994497241e+01,7.245850091588872388e-01,4.274314590728618413e-01,6.544693791204186262e+00
7.358551975994497241e+01,7.245850091588872388e-01,4.274314590728618413e-01,6.544693791204186262e+00
7.358551975994497241e+01,7.245850091588872388e-01,4.274314590728618413e-01,6.544693791204186262e+00
7.358346634758270000e+01,7.247153649315845048e-01,4.325982295603298944e-01,6.527792256434313600e+00
7.358346634758270000e+01,7.247153649315845048e-01,4.325982295603298944e-01,6.527792256434313600e+00
7.354984593114848224e+01,7.245384444314539873e-01,4.440843644136576174e-01,6.516618861396663576e+00
7.354984593114848224e+01,7.245384444314539873e-01,4.440843644136576174e-01,6.516618861396663576e+00
7.354132291864574711e+01,7.239145087548122248e-01,4.169128367630109411e-01,6.557511681413515703e+00
7.358828756585140241e+01,7.241716757330243226e-01,4.355720901688905911e-01,6.614390056398611328e+00
7.358828756585140241e+01,7.241716757330243226e-01,4.355720901688905911e-01,6.614390056398611328e+00
7.360320395854742515e+01,7.243392889263779999e-01,4.508361193565392777e-01,6.642402597415460797e+00
7.358846586913925591e+01,7.243302914451951180e-01,4.490823587637562953e-01,6.632366334537259434e+00
7.358846586913925591e+01,7.243302914451951180e-01,4.490823587637562953e-01,6.632366334537259434e+00
7.358644495884334447e+01,7.243715040454098419e-01,4.602282332115574803e-01,6.629171464627846788e+00
7.363187107750474070e+01,7.236393610134139731e-01,4.778768427446746236e-01,6.744333915091538678e+00
7.363187107750474070e+01,7.236393610134139731e-01,4.778768427446746236e-01,6.744333915091538678e+00
7.363187107750474070e+01,7.236393610134139731e-01,4.778768427446746236e-01,6.744333915091538678e+00
7.363187107750474070e+01,7.236393610134139731e-01,4.778768427446746236e-01,6.744333915091538678e+00
7.363187107750474070e+01,7.236393610134139731e-01,4.778768427446746236e-01,6.744333915091538678e+00
7.363187107750474070e+01,7.236393610134139731e-01,4.778768427446746236e-01,6.744333915091538678e+00
7.366846898772642760e+01,7.243770718654998220e-01,5.036932817588616329e-01,6.714574532588410527e+00
7.366846898772642760e+01,7.243770718654998220e-01,5.036932817588616329e-01,6.714574532588410527e+00
7.357769586533329687e+01,7.238818504900705886e-01,5.441658841049491491e-01,6.738882670858645341e+00
7.336379312749392057e+01,7.210423667483817356e-01,5.774086478307109971e-01,6.746438914989917102e+00
7.336379312749392057e+01,7.210423667483817356e-01,5.774086478307109971e-01,6.746438914989917102e+00
7.336379312749392057e+01,7.210423667483817356e-01,5.774086478307109971e-01,6.746438914989917102e+00
7.336379312749392057e+01,7.210423667483817356e-01,5.774086478307109971e-01,6.746438914989917102e+00
7.336379312749392057e+01,7.210423667483817356e-01,5.774086478307109971e-01,6.746438914989917102e+00
7.336379312749392057e+01,7.210423667483817356e-01,5.774086478307109971e-01,6.746438914989917102e+00
7.336379312749392057e+01,7.210423667483817356e-01,5.774086478307109971e-01,6.746438914989917102e+00
7.336379312749392057e+01,7.210423667483817356e-01,5.774086478307109971e-01,6.746438914989917102e+00
7.336379312749392057e+01,7.210423667483817356e-01,5.774086478307109971e-01,6.746438914989917102e+00
7.336379312749392057e+01,7.210423667483817356e-01,5.774086478307109971e-01,6.746438914989917102e+00
7.336379312749392057e+01,7.210423667483817356e-01,5.774086478307109971e-01,6.746438914989917102e+00
7.336379312749392057e+01,7.210423667483817356e-01,5.774086478307109971e-01,6.746438914989917102e+00
7.336379312749392057e+01,7.210423667483817356e-01,5.774086478307109971e-01,6.746438914989917102e+00
7.336379312749392057e+01,7.210423667483817356e-01,5.774086478307109971e-01,6.746438914989917102e+00
7.336379312749392057e+01,7.210423667483817356e-01,5.774086478307109971e-01,6.746438914989917102e+00
7.336379312749392057e+01,7.210423667483817356e-01,5.774086478307109971e-01,6.746438914989917102e+00
7.336379312749392057e+01,7.210423667483817356e-01,5.774086478307109971e-01,6.746438914989917102e+00
7.336379312749392057e+01,7.210423667483817356e-01,5.774086478307109971e-01,6.746438914989917102e+00
7.336379312749392057e+01,7.210423667483817356e-01,5.774086478307109971e-01,6.746438914989917102e+00
7.336379312749392057e+01,7.210423667483817356e-01,5.774086478307109971e-01,6.746438914989917102e+00
7.336379312749392057e+01,7.210423667483817356e-01,5.774086478307109971e-01,6.746438914989917102e+00
7.336379312749392057e+01,7.210423667483817356e-01,5.774086478307109971e-01,6.746438914989917102e+00
7.336379312749392057e+01,7.210423667483817356e-01,5.774086478307109971e-01,6.746438914989917102e+00
7.340561744319529680e+01,7.208603062686000928e-01,5.773553717978050503e-01,6.811459939544506348e+00
7.340561744319529680e+01,7.208603062686000928e-01,5.773553717978050503e-01,6.811459939544506348e+00
7.340561744319529680e+01,7.208603062686000928e-01,5.773553717978050503e-01,6.811459939544506348e+00
7.340561744319529680e+01,7.208603062686000928e-01,5.773553717978050503e-01,6.811459939544506348e+00
7.340561744319529680e+01,7.208603062686000928e-01,5.773553717978050503e-01,6.811459939544506348e+00
7.340561744319529680e+01,7.208603062686000928e-01,5.773553717978050503e-01,6.811459939544506348e+00
7.340561744319529680e+01,7.208603062686000928e-01,5.773553717978050503e-01,6.811459939544506348e+00
7.348623026041479989e+01,7.232177283533931522e-01,5.508759990206461010e-01,6.649633553404696862e+00
7.348623026041479989e+01,7.232177283533931522e-01,5.508759990206461010e-01,6.649633553404696862e+00
7.348623026041479989e+01,7.232177283533931522e-01,5.508759990206461010e-01,6.649633553404696862e+00
7.348623026041479989e+01,7.232177283533931522e-01,5.508759990206461010e-01,6.649633553404696862e+00
7.348623026041479989e+01,7.232177283533931522e-01,5.508759990206461010e-01,6.649633553404696862e+00
7.348623026041479989e+01,7.232177283533931522e-01,5.508759990206461010e-01,6.649633553404696862e+00
7.348929252006757906e+01,7.232628411996916418e-01,5.496227284631408638e-01,6.660168584075307763e+00
7.348929252006757906e+01,7.232628411996916418e-01,5.496227284631408638e-01,6.660168584075307763e+00
7.351872562066048999e+01,7.235973599438133563e-01,5.482422698622306800e-01,6.661009659833677432e+00
7.363487117197200860e+01,7.245997542223924226e-01,5.623957393492546863e-01,6.740100812413097664e+00
7.363418266890843711e+01,7.246047039966692083e-01,5.604492680936621340e-01,6.733621093957999015e+00
7.363418266890843711e+01,7.246047039966692083e-01,5.604492680936621340e-01,6.733621093957999015e+00
7.363418266890843711e+01,7.246047039966692083e-01,5.604492680936621340e-01,6.733621093957999015e+00
7.363418266890843711e+01,7.246047039966692083e-01,5.604492680936621340e-01,6.733621093957999015e+00
7.365673294480328082e+01,7.256158513904227281e-01,6.026531852739841488e-01,6.594522149418803991e+00
7.365673294480328082e+01,7.256158513904227281e-01,6.026531852739841488e-01,6.594522149418803991e+00
7.365673294480328082e+01,7.256158513904227281e-01,6.026531852739841488e-01,6.594522149418803991e+00
7.365673294480328082e+01,7.256158513904227281e-01,6.026531852739841488e-01,6.594522149418803991e+00
7.365673294480328082e+01,7.256158513904227281e-01,6.026531852739841488e-01,6.594522149418803991e+00
7.365673294480328082e+01,7.256158513904227281e-01,6.026531852739841488e-01,6.594522149418803991e+00
7.365993596283506406e+01,7.258980098576054418e-01,5.932585548921239793e-01,6.565184637802901513e+00
7.365993596283506406e+01,7.258980098576054418e-01,5.932585548921239793e-01,6.565184637802901513e+00
7.365993596283506406e+01,7.258980098576054418e-01,5.932585548921239793e-01,6.565184637802901513e+00
7.365993596283506406e+01,7.258980098576054418e-01,5.932585548921239793e-01,6.565184637802901513e+00
7.364418982372590960e+01,7.257088986714984591e-01,6.009869780188967781e-01,6.503539619663667892e+00
7.364391364626354175e+01,7.255871281429469022e-01,6.089434465715112266e-01,6.506455666422231943e+00
7.364391364626354175e+01,7.255871281429469022e-01,6.089434465715112266e-01,6.506455666422231943e+00
7.364391364626354175e+01,7.255871281429469022e-01,6.089434465715112266e-01,6.506455666422231943e+00
7.364391364626354175e+01,7.255871281429469022e-01,6.089434465715112266e-01,6.506455666422231943e+00
7.359337378125920281e+01,7.252195353412125289e-01,5.624415462359941831e-01,6.477361447848709375e+00
7.359337378125920281e+01,7.252195353412125289e-01,5.624415462359941831e-01,6.477361447848709375e+00
7.359337378125920281e+01,7.252195353412125289e-01,5.624415462359941831e-01,6.477361447848709375e+00
7.359337378125920281e+01,7.252195353412125289e-01,5.624415462359941831e-01,6.477361447848709375e+00
7.359292009335973717e+01,7.252166089065866794e-01,5.626876140937686621e-01,6.476920463647093840e+00
7.359292009335973717e+01,7.252166089065866794e-01,5.626876140937686621e-01,6.476920463647093840e+00
7.359883395040837684e+01,7.246347089830178501e-01,5.484202557988668847e-01,6.605758816040660619e+00
7.359883395040837684e+01,7.246347089830178501e-01,5.484202557988668847e-01,6.605758816040660619e+00
7.359883395040837684e+01,7.246347089830178501e-01,5.484202557988668847e-01,6.605758816040660619e+00
7.359883395040837684e+01,7.246347089830178501e-01,5.484202557988668847e-01,6.605758816040660619e+00
7.359897599022659165e+01,7.246484523006054834e-01,5.477921559650037464e-01,6.603769023865302401e+00
7.359897599022659165e+01,7.246484523006054834e-01,5.477921559650037464e-01,6.603769023865302401e+00
7.353492037700540607e+01,7.256640361771934389e-01,5.173236544568780015e-01,6.459111548233234856e+00
7.353704617167602464e+01,7.256485651029068729e-01,5.184747306079811047e-01,6.465193778886860088e+00
7.353615138432145670e+01,7.261184628771609750e-01,4.988482949136287536e-01,6.408987090088343663e+00
7.338124277939645879e+01,7.243379292838227901e-01,5.245917123183241326e-01,6.417989835966351642e+00
7.338124277939645879e+01,7.243379292838227901e-01,5.245917123183241326e-01,6.417989835966351642e+00
7.338124277939645879e+01,7.243379292838227901e-01,5.245917123183241326e-01,6.417989835966351642e+00
7.338124277939645879e+01,7.243379292838227901e-01,5.245917123183241326e-01,6.417989835966351642e+00
7.338124277939645879e+01,7.243379292838227901e-01,5.245917123183241326e-01,6.417989835966351642e+00
7.338124277939645879e+01,7.243379292838227901e-01,5.245917123183241326e-01,6.417989835966351642e+00
7.338124277939645879e+01,7.243379292838227901e-01,5.245917123183241326e-01,6.417989835966351642e+00
7.333226764406686016e+01,7.229900427742964597e-01,5.450849157779655840e-01,6.477023319548661284e+00
7.325613119868083345e+01,7.208946266630704702e-01,5.769435243451331852e-01,6.568796411515904765e+00
7.325613119868083345e+01,7.208946266630704702e-01,5.769435243451331852e-01,6.568796411515904765e+00
7.325613119868083345e+01,7.208946266630704702e-01,5.769435243451331852e-01,6.568796411515904765e+00
7.325613119868083345e+01,7.208946266630704702e-01,5.769435243451331852e-01,6.568796411515904765e+00
7.325613119868083345e+01,7.208946266630704702e-01,5.769435243451331852e-01,6.568796411515904765e+00
7.328780232221735957e+01,7.212321217214927582e-01,5.695913785772073190e-01,6.589201545938480287e+00
7.328780232221735957e+01,7.212321217214927582e-01,5.695913785772073190e-01,6.589201545938480287e+00
7.328780232221735957e+01,7.212321217214927582e-01,5.695913785772073190e-01,6.589201545938480287e+00
7.328780232221735957e+01,7.212321217214927582e-01,5.695913785772073190e-01,6.589201545938480287e+00
7.328780232221735957e+01,7.212321217214927582e-01,5.695913785772073190e-01,6.589201545938480287e+00
7.346421918537575380e+01,7.247264969804068091e-01,5.538805495354798270e-01,6.462391060538804410e+00
7.346421918537575380e+01,7.247264969804068091e-01,5.538805495354798270e-01,6.462391060538804410e+00
7.346421918537575380e+01,7.247264969804068091e-01,5.538805495354798270e-01,6.462391060538804410e+00
7.346421918537575380e+01,7.247264969804068091e-01,5.538805495354798270e-01,6.462391060538804410e+00
7.346421918537575380e+01,7.247264969804068091e-01,5.538805495354798270e-01,6.462391060538804410e+00
7.346421918537575380e+01,7.247264969804068091e-01,5.538805495354798270e-01,6.462391060538804410e+00
7.346421918537575380e+01,7.247264969804068091e-01,5.538805495354798270e-01,6.462391060538804410e+00
7.346421918537575380e+01,7.247264969804068091e-01,5.538805495354798270e-01,6.462391060538804410e+00
7.348603659067919125e+01,7.247817147983088848e-01,5.468972733610881765e-01,6.492877659941910906e+00
7.348603659067919125e+01,7.247817147983088848e-01,5.468972733610881765e-01,6.492877659941910906e+00
7.348603659067919125e+01,7.247817147983088848e-01,5.468972733610881765e-01,6.492877659941910906e+00
7.348603659067919125e+01,7.247817147983088848e-01,5.468972733610881765e-01,6.492877659941910906e+00
7.348603659067919125e+01,7.247817147983088848e-01,5.468972733610881765e-01,6.492877659941910906e+00
7.348603659067919125e+01,7.247817147983088848e-01,5.468972733610881765e-01,6.492877659941910906e+00
7.348603659067919125e+01,7.247817147983088848e-01,5.468972733610881765e-01,6.492877659941910906e+00
7.348603659067919125e+01,7.247817147983088848e-01,5.468972733610881765e-01,6.492877659941910906e+00
7.348603659067919125e+01,7.247817147983088848e-01,5.468972733610881765e-01,6.492877659941910906e+00
7.348603659067919125e+01,7.247817147983088848e-01,5.468972733610881765e-01,6.492877659941910906e+00
7.348603659067919125e+01,7.247817147983088848e-01,5.468972733610881765e-01,6.492877659941910906e+00
7.348603659067919125e+01,7.247817147983088848e-01,5.468972733610881765e-01,6.492877659941910906e+00
7.348603659067919125e+01,7.247817147983088848e-01,5.468972733610881765e-01,6.492877659941910906e+00
7.348603659067919125e+01,7.247817147983088848e-01,5.468972733610881765e-01,6.492877659941910906e+00
7.348603659067919125e+01,7.247817147983088848e-01,5.468972733610881765e-01,6.492877659941910906e+00
7.348603659067919125e+01,7.247817147983088848e-01,5.468972733610881765e-01,6.492877659941910906e+00
7.348603659067919125e+01,7.247817147983088848e-01,5.468972733610881765e-01,6.492877659941910906e+00
7.348603659067919125e+01,7.247817147983088848e-01,5.468972733610881765e-01,6.492877659941910906e+00
7.348603659067919125e+01,7.247817147983088848e-01,5.468972733610881765e-01,6.492877659941910906e+00
7.348603659067919125e+01,7.247817147983088848e-01,5.468972733610881765e-01,6.492877659941910906e+00
7.348603659067919125e+01,7.247817147983088848e-01,5.468972733610881765e-01,6.492877659941910906e+00
7.348117041173567543e+01,7.247643555954543793e-01,5.473031760073112650e-01,6.485468017337467472e+00
7.348117041173567543e+01,7.247643555954543793e-01,5.473031760073112650e-01,6.485468017337467472e+00
7.348441622999884260e+01,7.252198422727716975e-01,5.509713196594338003e-01,6.430167867917631952e+00
7.348441622999884260e+01,7.252198422727716975e-01,5.509713196594338003e-01,6.430167867917631952e+00
7.348441622999884260e+01,7.252198422727716975e-01,5.509713196594338003e-01,6.430167867917631952e+00
7.364875143017737003e+01,7.267722842117855242e-01,5.530321727903186879e-01,6.405280562245774689e+00
7.364875143017737003e+01,7.267722842117855242e-01,5.530321727903186879e-01,6.405280562245774689e+00
7.357478867415784407e+01,7.274664235462866557e-01,5.945379640045733716e-01,6.309535370203477100e+00
7.357478867415784407e+01,7.274664235462866557e-01,5.945379640045733716e-01,6.309535370203477100e+00
7.357478867415784407e+01,7.274664235462866557e-01,5.945379640045733716e-01,6.309535370203477100e+00
7.357478867415784407e+01,7.274664235462866557e-01,5.945379640045733716e-01,6.309535370203477100e+00
7.357478867415784407e+01,7.274664235462866557e-01,5.945379640045733716e-01,6.309535370203477100e+00
7.357478867415784407e+01,7.274664235462866557e-01,5.945379640045733716e-01,6.309535370203477100e+00
7.357478867415784407e+01,7.274664235462866557e-01,5.945379640045733716e-01,6.309535370203477100e+00
7.357478867415784407e+01,7.274664235462866557e-01,5.945379640045733716e-01,6.309535370203477100e+00
7.354730848014277456e+01,7.275594793688034967e-01,5.987361556419016351e-01,6.251602639927349436e+00
7.354730848014277456e+01,7.275594793688034967e-01,5.987361556419016351e-01,6.251602639927349436e+00
7.354730848014277456e+01,7.275594793688034967e-01,5.987361556419016351e-01,6.251602639927349436e+00
7.354730848014277456e+01,7.275594793688034967e-01,5.987361556419016351e-01,6.251602639927349436e+00
7.354730848014277456e+01,7.275594793688034967e-01,5.987361556419016351e-01,6.251602639927349436e+00
7.354730848014277456e+01,7.275594793688034967e-01,5.987361556419016351e-01,6.251602639927349436e+00
7.359634699328455554e+01,7.266120258729268366e-01,5.630754706756045946e-01,6.413755447042882807e+00
7.364661322327373227e+01,7.265495656848877104e-01,5.344573168946946673e-01,6.481379727225272447e+00
7.364661322327373227e+01,7.265495656848877104e-01,5.344573168946946673e-01,6.481379727225272447e+00
7.364661322327373227e+01,7.265495656848877104e-01,5.344573168946946673e-01,6.481379727225272447e+00
7.364661322327373227e+01,7.265495656848877104e-01,5.344573168946946673e-01,6.481379727225272447e+00
7.364661322327373227e+01,7.265495656848877104e-01,5.344573168946946673e-01,6.481379727225272447e+00
7.365318231808245741e+01,7.280545863560400344e-01,5.256200373767333511e-01,6.315640986409926327e+00
7.400061298464540016e+01,7.310522106120940222e-01,4.886188018614186501e-01,6.530533577395773115e+00
7.400061298464540016e+01,7.310522106120940222e-01,4.886188018614186501e-01,6.530533577395773115e+00
7.400061298464540016e+01,7.310522106120940222e-01,4.886188018614186501e-01,6.530533577395773115e+00
7.400061298464540016e+01,7.310522106120940222e-01,4.886188018614186501e-01,6.530533577395773115e+00
7.400061298464540016e+01,7.310522106120940222e-01,4.886188018614186501e-01,6.530533577395773115e+00
7.400061298464540016e+01,7.310522106120940222e-01,4.886188018614186501e-01,6.530533577395773115e+00
7.400061298464540016e+01,7.310522106120940222e-01,4.886188018614186501e-01,6.530533577395773115e+00
7.400061298464540016e+01,7.310522106120940222e-01,4.886188018614186501e-01,6.530533577395773115e+00
7.397252626490040939e+01,7.306391434920093131e-01,4.940738062623021287e-01,6.533956534806692140e+00
7.397252626490040939e+01,7.306391434920093131e-01,4.940738062623021287e-01,6.533956534806692140e+00
7.397252626490040939e+01,7.306391434920093131e-01,4.940738062623021287e-01,6.533956534806692140e+00
7.397252626490040939e+01,7.306391434920093131e-01,4.940738062623021287e-01,6.533956534806692140e+00
7.400997705846818064e+01,7.311899266231254302e-01,4.868001108794419163e-01,6.529392368091905041e+00
7.400997705846818064e+01,7.311899266231254302e-01,4.868001108794419163e-01,6.529392368091905041e+00
7.400997705846818064e+01,7.311899266231254302e-01,4.868001108794419163e-01,6.529392368091905041e+00
7.400997705846818064e+01,7.311899266231254302e-01,4.868001108794419163e-01,6.529392368091905041e+00
7.400997705846818064e+01,7.311899266231254302e-01,4.868001108794419163e-01,6.529392368091905041e+00
7.400997705846818064e+01,7.311899266231254302e-01,4.868001108794419163e-01,6.529392368091905041e+00
7.390538622183493089e+01,7.300375486408809955e-01,4.968514314735789084e-01,6.497107187194608890e+00
7.390538622183493089e+01,7.300375486408809955e-01,4.968514314735789084e-01,6.497107187194608890e+00
7.390538622183493089e+01,7.300375486408809955e-01,4.968514314735789084e-01,6.497107187194608890e+00
7.385313393225531797e+01,7.291711917966884338e-01,5.135720200786452194e-01,6.545257598489427231e+00
7.385313393225531797e+01,7.291711917966884338e-01,5.135720200786452194e-01,6.545257598489427231e+00
7.385313393225531797e+01,7.291711917966884338e-01,5.135720200786452194e-01,6.545257598489427231e+00
7.385313393225531797e+01,7.291711917966884338e-01,5.135720200786452194e-01,6.545257598489427231e+00
7.385313393225531797e+01,7.291711917966884338e-01,5.135720200786452194e-01,6.545257598489427231e+00
7.385313393225531797e+01,7.291711917966884338e-01,5.135720200786452194e-01,6.545257598489427231e+00
7.385313393225531797e+01,7.291711917966884338e-01,5.135720200786452194e-01,6.545257598489427231e+00
7.385313393225531797e+01,7.291711917966884338e-01,5.135720200786452194e-01,6.545257598489427231e+00
7.385313393225531797e+01,7.291711917966884338e-01,5.135720200786452194e-01,6.545257598489427231e+00
7.385313393225531797e+01,7.291711917966884338e-01,5.135720200786452194e-01,6.545257598489427231e+00
7.385313393225531797e+01,7.291711917966884338e-01,5.135720200786452194e-01,6.545257598489427231e+00
7.385313393225531797e+01,7.291711917966884338e-01,5.135720200786452194e-01,6.545257598489427231e+00
7.385313393225531797e+01,7.291711917966884338e-01,5.135720200786452194e-01,6.545257598489427231e+00
7.385313393225531797e+01,7.291711917966884338e-01,5.135720200786452194e-01,6.545257598489427231e+00
7.380810773207153375e+01,7.286450781805405841e-01,5.357993724432615901e-01,6.360957376670872243e+00
7.374204389144163940e+01,7.278404769005334396e-01,5.460594277551044096e-01,6.400642221166473078e+00
7.374204389144163940e+01,7.278404769005334396e-01,5.460594277551044096e-01,6.400642221166473078e+00
7.374204389144163940e+01,7.278404769005334396e-01,5.460594277551044096e-01,6.400642221166473078e+00
7.384251976154357067e+01,7.290641873739637235e-01,5.304550067144562231e-01,6.340285916680744371e+00
7.384251976154357067e+01,7.290641873739637235e-01,5.304550067144562231e-01,6.340285916680744371e+00
7.384251976154357067e+01,7.290641873739637235e-01,5.304550067144562231e-01,6.340285916680744371e+00
7.384251976154357067e+01,7.290641873739637235e-01,5.304550067144562231e-01,6.340285916680744371e+00
7.384251976154357067e+01,7.290641873739637235e-01,5.304550067144562231e-01,6.340285916680744371e+00
7.388173085207095880e+01,7.292079048557267296e-01,5.333216021653611749e-01,6.351215413147179412e+00
7.388173085207095880e+01,7.292079048557267296e-01,5.333216021653611749e-01,6.351215413147179412e+00
7.388173085207095880e+01,7.292079048557267296e-01,5.333216021653611749e-01,6.351215413147179412e+00
7.388173085207095880e+01,7.292079048557267296e-01,5.333216021653611749e-01,6.351215413147179412e+00
7.382423805935214034e+01,7.284298781568842029e-01,5.354725725933175973e-01,6.396457652320894915e+00
7.382423805935214034e+01,7.284298781568842029e-01,5.354725725933175973e-01,6.396457652320894915e+00
7.379850570611387184e+01,7.283173871947365985e-01,5.401973369292364380e-01,6.389176603812632749e+00
7.379850570611387184e+01,7.283173871947365985e-01,5.401973369292364380e-01,6.389176603812632749e+00
7.379850570611387184e+01,7.283173871947365985e-01,5.401973369292364380e-01,6.389176603812632749e+00
7.379850570611387184e+01,7.283173871947365985e-01,5.401973369292364380e-01,6.389176603812632749e+00
7.379850570611387184e+01,7.283173871947365985e-01,5.401973369292364380e-01,6.389176603812632749e+00
7.379850570611387184e+01,7.283173871947365985e-01,5.401973369292364380e-01,6.389176603812632749e+00
7.372983295355061273e+01,7.271959169844078863e-01,5.425456903768423045e-01,6.446453907869239330e+00
7.372983295355061273e+01,7.271959169844078863e-01,5.425456903768423045e-01,6.446453907869239330e+00
7.363066748586317090e+01,7.264987423057701621e-01,5.461407472306257782e-01,6.423869855310943677e+00
7.365504247816271288e+01,7.265932204772254099e-01,5.497520887659052002e-01,6.434930903318275774e+00
7.363963494759748585e+01,7.265013364089816239e-01,5.520333724484153270e-01,6.431658316467570913e+00
7.363963494759748585e+01,7.265013364089816239e-01,5.520333724484153270e-01,6.431658316467570913e+00
7.363963494759748585e+01,7.265013364089816239e-01,5.520333724484153270e-01,6.431658316467570913e+00
7.363963494759748585e+01,7.265013364089816239e-01,5.520333724484153270e-01,6.431658316467570913e+00
7.376953982971599544e+01,7.284100742008058349e-01,5.632310927388147759e-01,6.388172620640461652e+00
7.362665424165092531e+01,7.275021914650625643e-01,5.082853481629469039e-01,6.267250536509115122e+00
7.360806994195162645e+01,7.271714619344619157e-01,5.157489638805651255e-01,6.314840527034352391e+00
7.360806994195162645e+01,7.271714619344619157e-01,5.157489638805651255e-01,6.314840527034352391e+00
7.360806994195162645e+01,7.271714619344619157e-01,5.157489638805651255e-01,6.314840527034352391e+00
7.360806994195162645e+01,7.271714619344619157e-01,5.157489638805651255e-01,6.314840527034352391e+00
7.360806994195162645e+01,7.271714619344619157e-01,5.157489638805651255e-01,6.314840527034352391e+00
7.360806994195162645e+01,7.271714619344619157e-01,5.157489638805651255e-01,6.314840527034352391e+00
7.360806994195162645e+01,7.271714619344619157e-01,5.157489638805651255e-01,6.314840527034352391e+00
7.360806994195162645e+01,7.271714619344619157e-01,5.157489638805651255e-01,6.314840527034352391e+00
7.361570853654855284e+01,7.265539935931654147e-01,5.183553941925825859e-01,6.407181632733826682e+00
7.361570853654855284e+01,7.265539935931654147e-01,5.183553941925825859e-01,6.407181632733826682e+00
7.361570853654855284e+01,7.265539935931654147e-01,5.183553941925825859e-01,6.407181632733826682e+00
7.361570853654855284e+01,7.265539935931654147e-01,5.183553941925825859e-01,6.407181632733826682e+00
7.360676167131444458e+01,7.264156783597056632e-01,5.196074157306133090e-01,6.388875322384475197e+00
7.360676167131444458e+01,7.264156783597056632e-01,5.196074157306133090e-01,6.388875322384475197e+00
7.354124630729890555e+01,7.248338507328695446e-01,5.268393498210460768e-01,6.454698889556528485e+00
7.354124630729890555e+01,7.248338507328695446e-01,5.268393498210460768e-01,6.454698889556528485e+00
7.354124630729890555e+01,7.248338507328695446e-01,5.268393498210460768e-01,6.454698889556528485e+00
7.354124630729890555e+01,7.248338507328695446e-01,5.268393498210460768e-01,6.454698889556528485e+00
7.353143366133964776e+01,7.240894248079710049e-01,5.036373995839698026e-01,6.490744049963073081e+00
7.353143366133964776e+01,7.240894248079710049e-01,5.036373995839698026e-01,6.490744049963073081e+00
7.353899221443001011e+01,7.236066946393173716e-01,5.337901067617590867e-01,6.660440830383806521e+00
7.343314563646464421e+01,7.215026051287579678e-01,5.439657296382607310e-01,6.747009697698403308e+00
7.337879984794439281e+01,7.200423103458329921e-01,6.115830538057807075e-01,6.916918161391182096e+00
7.338920264519379089e+01,7.204198997696408258e-01,5.967575562245892584e-01,6.872976680464110366e+00
7.338920264519379089e+01,7.204198997696408258e-01,5.967575562245892584e-01,6.872976680464110366e+00
7.338920264519379089e+01,7.204198997696408258e-01,5.967575562245892584e-01,6.872976680464110366e+00
7.338920264519379089e+01,7.204198997696408258e-01,5.967575562245892584e-01,6.872976680464110366e+00
7.338920264519379089e+01,7.204198997696408258e-01,5.967575562245892584e-01,6.872976680464110366e+00
7.338920264519379089e+01,7.204198997696408258e-01,5.967575562245892584e-01,6.872976680464110366e+00
7.338920264519379089e+01,7.204198997696408258e-01,5.967575562245892584e-01,6.872976680464110366e+00
7.338920264519379089e+01,7.204198997696408258e-01,5.967575562245892584e-01,6.872976680464110366e+00
7.338920264519379089e+01,7.204198997696408258e-01,5.967575562245892584e-01,6.872976680464110366e+00
7.343705704827330294e+01,7.218063629763941114e-01,5.485486853909846694e-01,6.817314383227261132e+00
7.343705704827330294e+01,7.218063629763941114e-01,5.485486853909846694e-01,6.817314383227261132e+00
7.343705704827330294e+01,7.218063629763941114e-01,5.485486853909846694e-01,6.817314383227261132e+00
7.329602813674161155e+01,7.198920669542443473e-01,6.216957641125553380e-01,6.860458068772087969e+00
7.331485990082619253e+01,7.213778820927405633e-01,6.046393289614022670e-01,6.719481393719453521e+00
7.331485990082619253e+01,7.213778820927405633e-01,6.046393289614022670e-01,6.719481393719453521e+00
7.331485990082619253e+01,7.213778820927405633e-01,6.046393289614022670e-01,6.719481393719453521e+00
7.331485990082619253e+01,7.213778820927405633e-01,6.046393289614022670e-01,6.719481393719453521e+00
7.331485990082619253e+01,7.213778820927405633e-01,6.046393289614022670e-01,6.719481393719453521e+00
7.331485990082619253e+01,7.213778820927405633e-01,6.046393289614022670e-01,6.719481393719453521e+00
7.331485990082619253e+01,7.213778820927405633e-01,6.046393289614022670e-01,6.719481393719453521e+00
7.331485990082619253e+01,7.213778820927405633e-01,6.046393289614022670e-01,6.719481393719453521e+00
7.343753938616669075e+01,7.223048402589434813e-01,5.987978954985193614e-01,6.747665159327359774e+00
7.343753938616669075e+01,7.223048402589434813e-01,5.987978954985193614e-01,6.747665159327359774e+00
7.343753938616669075e+01,7.223048402589434813e-01,5.987978954985193614e-01,6.747665159327359774e+00
7.343753938616669075e+01,7.223048402589434813e-01,5.987978954985193614e-01,6.747665159327359774e+00
7.343858470326367183e+01,7.223180003050865272e-01,5.987433027039648081e-01,6.747299691136623423e+00
7.343858470326367183e+01,7.223180003050865272e-01,5.987433027039648081e-01,6.747299691136623423e+00
7.343858470326367183e+01,7.223180003050865272e-01,5.987433027039648081e-01,6.747299691136623423e+00
7.343858470326367183e+01,7.223180003050865272e-01,5.987433027039648081e-01,6.747299691136623423e+00
7.461982503392518140e+01,7.281804323195419926e-01,2.599155078791928197e-01,9.582317541988802034e+00
7.458933177896092559e+01,7.296118620476363947e-01,2.836974248517287744e-01,8.054905988611441359e+00
7.458933177896092559e+01,7.296118620476363947e-01,2.836974248517287744e-01,8.054905988611441359e+00
7.458933177896092559e+01,7.296118620476363947e-01,2.836974248517287744e-01,8.054905988611441359e+00
7.458933177896092559e+01,7.296118620476363947e-01,2.836974248517287744e-01,8.054905988611441359e+00
7.458933177896092559e+01,7.296118620476363947e-01,2.836974248517287744e-01,8.054905988611441359e+00
7.458933177896092559e+01,7.296118620476363947e-01,2.836974248517287744e-01,8.054905988611441359e+00
7.458933177896092559e+01,7.296118620476363947e-01,2.836974248517287744e-01,8.054905988611441359e+00
7.458933177896092559e+01,7.296118620476363947e-01,2.836974248517287744e-01,8.054905988611441359e+00
7.458933177896092559e+01,7.296118620476363947e-01,2.836974248517287744e-01,8.054905988611441359e+00
7.458933177896092559e+01,7.296118620476363947e-01,2.836974248517287744e-01,8.054905988611441359e+00
7.458933177896092559e+01,7.296118620476363947e-01,2.836974248517287744e-01,8.054905988611441359e+00
7.458933177896092559e+01,7.296118620476363947e-01,2.836974248517287744e-01,8.054905988611441359e+00
7.431910219936590067e+01,7.299875765274213002e-01,3.031260609489052071e-01,7.497214725585204853e+00
7.431910219936590067e+01,7.299875765274213002e-01,3.031260609489052071e-01,7.497214725585204853e+00
7.420686728003688870e+01,7.290079288565374238e-01,3.446124704562772978e-01,7.358204181467844940e+00
7.420686728003688870e+01,7.290079288565374238e-01,3.446124704562772978e-01,7.358204181467844940e+00
7.420686728003688870e+01,7.290079288565374238e-01,3.446124704562772978e-01,7.358204181467844940e+00
7.420686728003688870e+01,7.290079288565374238e-01,3.446124704562772978e-01,7.358204181467844940e+00
7.420686728003688870e+01,7.290079288565374238e-01,3.446124704562772978e-01,7.358204181467844940e+00
7.415544697125288565e+01,7.291478358698836315e-01,3.353078840702323760e-01,7.339104725819880493e+00
7.415544697125288565e+01,7.291478358698836315e-01,3.353078840702323760e-01,7.339104725819880493e+00
7.415544697125288565e+01,7.291478358698836315e-01,3.353078840702323760e-01,7.339104725819880493e+00
7.415544697125288565e+01,7.291478358698836315e-01,3.353078840702323760e-01,7.339104725819880493e+00
7.415544697125288565e+01,7.291478358698836315e-01,3.353078840702323760e-01,7.339104725819880493e+00
7.415544697125288565e+01,7.291478358698836315e-01,3.353078840702323760e-01,7.339104725819880493e+00
7.415544697125288565e+01,7.291478358698836315e-01,3.353078840702323760e-01,7.339104725819880493e+00
7.406864649783881305e+01,7.284763282180979349e-01,3.832051735375232582e-01,7.219255567671894802e+00
7.382717889001203559e+01,7.271126034691451911e-01,4.391181863799527574e-01,6.901538814385604681e+00
7.382717889001203559e+01,7.271126034691451911e-01,4.391181863799527574e-01,6.901538814385604681e+00
7.382717889001203559e+01,7.271126034691451911e-01,4.391181863799527574e-01,6.901538814385604681e+00
7.376672181392491723e+01,7.256651339638453546e-01,4.868305548300796426e-01,6.557993868983968078e+00
7.376672181392491723e+01,7.256651339638453546e-01,4.868305548300796426e-01,6.557993868983968078e+00
7.376672181392491723e+01,7.256651339638453546e-01,4.868305548300796426e-01,6.557993868983968078e+00
7.376672181392491723e+01,7.256651339638453546e-01,4.868305548300796426e-01,6.557993868983968078e+00
7.376672181392491723e+01,7.256651339638453546e-01,4.868305548300796426e-01,6.557993868983968078e+00
7.376898458716347307e+01,7.256517066759529122e-01,4.873728991832542712e-01,6.560926183972003223e+00
7.376898458716347307e+01,7.256517066759529122e-01,4.873728991832542712e-01,6.560926183972003223e+00
7.372577700511658350e+01,7.259238589896606086e-01,4.868370463224490075e-01,6.485513848121288838e+00
7.372577700511658350e+01,7.259238589896606086e-01,4.868370463224490075e-01,6.485513848121288838e+00
7.372577700511658350e+01,7.259238589896606086e-01,4.868370463224490075e-01,6.485513848121288838e+00
7.372577700511658350e+01,7.259238589896606086e-01,4.868370463224490075e-01,6.485513848121288838e+00
7.372577700511658350e+01,7.259238589896606086e-01,4.868370463224490075e-01,6.485513848121288838e+00
7.369312175065348924e+01,7.256486187760337048e-01,4.695021737289196695e-01,6.449894793457020548e+00
7.380422894780724619e+01,7.260096845015667766e-01,4.756122460071299241e-01,6.656335362492470153e+00
7.380422894780724619e+01,7.260096845015667766e-01,4.756122460071299241e-01,6.656335362492470153e+00
7.369065165903937498e+01,7.266948050790249525e-01,5.300418520480186801e-01,6.477414446917072688e+00
7.369065165903937498e+01,7.266948050790249525e-01,5.300418520480186801e-01,6.477414446917072688e+00
7.369065165903937498e+01,7.266948050790249525e-01,5.300418520480186801e-01,6.477414446917072688e+00
7.368044330074296511e+01,7.275461817229921246e-01,5.552682207778253387e-01,6.368432472032997893e+00
7.374901847451397430e+01,7.270584602414790210e-01,5.006972578154939013e-01,6.522096293107048304e+00
7.374901847451397430e+01,7.270584602414790210e-01,5.006972578154939013e-01,6.522096293107048304e+00
7.374901847451397430e+01,7.270584602414790210e-01,5.006972578154939013e-01,6.522096293107048304e+00
7.374901847451397430e+01,7.270584602414790210e-01,5.006972578154939013e-01,6.522096293107048304e+00
7.373376712429008251e+01,7.269475324384088166e-01,5.137743359879528571e-01,6.519724029182194514e+00
7.373376712429008251e+01,7.269475324384088166e-01,5.137743359879528571e-01,6.519724029182194514e+00
7.373376712429008251e+01,7.269475324384088166e-01,5.137743359879528571e-01,6.519724029182194514e+00
7.373376712429008251e+01,7.269475324384088166e-01,5.137743359879528571e-01,6.519724029182194514e+00
7.373376712429008251e+01,7.269475324384088166e-01,5.137743359879528571e-01,6.519724029182194514e+00
7.373376712429008251e+01,7.269475324384088166e-01,5.137743359879528571e-01,6.519724029182194514e+00
7.373376712429008251e+01,7.269475324384088166e-01,5.137743359879528571e-01,6.519724029182194514e+00
7.373376712429008251e+01,7.269475324384088166e-01,5.137743359879528571e-01,6.519724029182194514e+00
7.354538351731308410e+01,7.271329586197869954e-01,5.284217704779075042e-01,6.214334379309908840e+00
7.354538351731308410e+01,7.271329586197869954e-01,5.284217704779075042e-01,6.214334379309908840e+00
7.353938140042360772e+01,7.271389862910955237e-01,5.286353821503136929e-01,6.203193796995050135e+00
7.353938140042360772e+01,7.271389862910955237e-01,5.286353821503136929e-01,6.203193796995050135e+00
7.363388824706350988e+01,7.280449770746950655e-01,4.976824020890521227e-01,6.395852015232994070e+00
7.363388824706350988e+01,7.280449770746950655e-01,4.976824020890521227e-01,6.395852015232994070e+00
7.363388824706350988e+01,7.280449770746950655e-01,4.976824020890521227e-01,6.395852015232994070e+00
7.363388824706350988e+01,7.280449770746950655e-01,4.976824020890521227e-01,6.395852015232994070e+00
7.357647850628841013e+01,7.273017565365916814e-01,5.226344035136303301e-01,6.230408719025247066e+00
7.357647850628841013e+01,7.273017565365916814e-01,5.226344035136303301e-01,6.230408719025247066e+00
7.357647850628841013e+01,7.273017565365916814e-01,5.226344035136303301e-01,6.230408719025247066e+00
7.357647850628841013e+01,7.273017565365916814e-01,5.226344035136303301e-01,6.230408719025247066e+00
7.357535253611121107e+01,7.276472863656874290e-01,5.203947293283915920e-01,6.163491477985283851e+00
7.357535253611121107e+01,7.276472863656874290e-01,5.203947293283915920e-01,6.163491477985283851e+00
7.357535253611121107e+01,7.276472863656874290e-01,5.203947293283915920e-01,6.163491477985283851e+00
7.364084913208360206e+01,7.284806353734871731e-01,4.937434505840537780e-01,6.237824175773991620e+00
7.364084913208360206e+01,7.284806353734871731e-01,4.937434505840537780e-01,6.237824175773991620e+00
7.364084913208360206e+01,7.284806353734871731e-01,4.937434505840537780e-01,6.237824175773991620e+00
7.364084913208360206e+01,7.284806353734871731e-01,4.937434505840537780e-01,6.237824175773991620e+00
7.364084913208360206e+01,7.284806353734871731e-01,4.937434505840537780e-01,6.237824175773991620e+00
7.364084913208360206e+01,7.284806353734871731e-01,4.937434505840537780e-01,6.237824175773991620e+00
7.364084913208360206e+01,7.284806353734871731e-01,4.937434505840537780e-01,6.237824175773991620e+00
7.364084913208360206e+01,7.284806353734871731e-01,4.937434505840537780e-01,6.237824175773991620e+00
7.364084913208360206e+01,7.284806353734871731e-01,4.937434505840537780e-01,6.237824175773991620e+00
7.364084913208360206e+01,7.284806353734871731e-01,4.937434505840537780e-01,6.237824175773991620e+00
7.364084913208360206e+01,7.284806353734871731e-01,4.937434505840537780e-01,6.237824175773991620e+00
7.364084913208360206e+01,7.284806353734871731e-01,4.937434505840537780e-01,6.237824175773991620e+00
7.364084913208360206e+01,7.284806353734871731e-01,4.937434505840537780e-01,6.237824175773991620e+00
7.364084913208360206e+01,7.284806353734871731e-01,4.937434505840537780e-01,6.237824175773991620e+00
7.364084913208360206e+01,7.284806353734871731e-01,4.937434505840537780e-01,6.237824175773991620e+00
7.364084913208360206e+01,7.284806353734871731e-01,4.937434505840537780e-01,6.237824175773991620e+00
7.364084913208360206e+01,7.284806353734871731e-01,4.937434505840537780e-01,6.237824175773991620e+00
7.364084913208360206e+01,7.284806353734871731e-01,4.937434505840537780e-01,6.237824175773991620e+00
7.364084913208360206e+01,7.284806353734871731e-01,4.937434505840537780e-01,6.237824175773991620e+00
7.364056516382954953e+01,7.284517606933433864e-01,4.947109170400711409e-01,6.241029651077802498e+00
7.364056516382954953e+01,7.284517606933433864e-01,4.947109170400711409e-01,6.241029651077802498e+00
7.364056516382954953e+01,7.284517606933433864e-01,4.947109170400711409e-01,6.241029651077802498e+00
7.364056516382954953e+01,7.284517606933433864e-01,4.947109170400711409e-01,6.241029651077802498e+00
7.363754756630272880e+01,7.288262247880407108e-01,4.971444771871433299e-01,6.161191964969273904e+00
7.363754756630272880e+01,7.288262247880407108e-01,4.971444771871433299e-01,6.161191964969273904e+00
7.367746519216004231e+01,7.302347774404647218e-01,4.664612654059310248e-01,6.003653800773379956e+00
7.367746519216004231e+01,7.302347774404647218e-01,4.664612654059310248e-01,6.003653800773379956e+00
7.367746519216004231e+01,7.302347774404647218e-01,4.664612654059310248e-01,6.003653800773379956e+00
7.369453848435220777e+01,7.304569347662285272e-01,4.633351932364473402e-01,5.995644370466184370e+00
7.363697689253004341e+01,7.283704393624957918e-01,4.921045493180641883e-01,6.214787984397876386e+00
7.416676086526030076e+01,7.340581219858753892e-01,4.116383581108413736e-01,6.139333829712008139e+00
7.416676086526030076e+01,7.340581219858753892e-01,4.116383581108413736e-01,6.139333829712008139e+00
7.416676086526030076e+01,7.340581219858753892e-01,4.116383581108413736e-01,6.139333829712008139e+00
7.416676086526030076e+01,7.340581219858753892e-01,4.116383581108413736e-01,6.139333829712008139e+00
7.416676086526030076e+01,7.340581219858753892e-01,4.116383581108413736e-01,6.139333829712008139e+00
7.416676086526030076e+01,7.340581219858753892e-01,4.116383581108413736e-01,6.139333829712008139e+00
7.416676086526030076e+01,7.340581219858753892e-01,4.116383581108413736e-01,6.139333829712008139e+00
7.416676086526030076e+01,7.340581219858753892e-01,4.116383581108413736e-01,6.139333829712008139e+00
7.416676086526030076e+01,7.340581219858753892e-01,4.116383581108413736e-01,6.139333829712008139e+00
7.416676086526030076e+01,7.340581219858753892e-01,4.116383581108413736e-01,6.139333829712008139e+00
7.402135626812736291e+01,7.314137282800413642e-01,4.396892343515265145e-01,6.316330754565218975e+00
7.402135626812736291e+01,7.314137282800413642e-01,4.396892343515265145e-01,6.316330754565218975e+00
7.402135626812736291e+01,7.314137282800413642e-01,4.396892343515265145e-01,6.316330754565218975e+00
7.402135626812736291e+01,7.314137282800413642e-01,4.396892343515265145e-01,6.316330754565218975e+00
7.402135626812736291e+01,7.314137282800413642e-01,4.396892343515265145e-01,6.316330754565218975e+00
7.402135626812736291e+01,7.314137282800413642e-01,4.396892343515265145e-01,6.316330754565218975e+00
7.410574107745868844e+01,7.323877476863044356e-01,4.270559740175270957e-01,6.301232306830172547e+00
7.410574107745868844e+01,7.323877476863044356e-01,4.270559740175270957e-01,6.301232306830172547e+00
7.410574107745868844e+01,7.323877476863044356e-01,4.270559740175270957e-01,6.301232306830172547e+00
7.410574107745868844e+01,7.323877476863044356e-01,4.270559740175270957e-01,6.301232306830172547e+00
7.426724647346733832e+01,7.345182000769233666e-01,3.998555100186412803e-01,6.223838866523781377e+00
7.426724647346733832e+01,7.345182000769233666e-01,3.998555100186412803e-01,6.223838866523781377e+00
7.426724647346733832e+01,7.345182000769233666e-01,3.998555100186412803e-01,6.223838866523781377e+00
7.426724647346733832e+01,7.345182000769233666e-01,3.998555100186412803e-01,6.223838866523781377e+00
7.426724647346733832e+01,7.345182000769233666e-01,3.998555100186412803e-01,6.223838866523781377e+00
7.430183590334655719e+01,7.348691284373328747e-01,3.974668152583180625e-01,6.219768170926710305e+00
7.430183590334655719e+01,7.348691284373328747e-01,3.974668152583180625e-01,6.219768170926710305e+00
7.430183590334655719e+01,7.348691284373328747e-01,3.974668152583180625e-01,6.219768170926710305e+00
7.430183590334655719e+01,7.348691284373328747e-01,3.974668152583180625e-01,6.219768170926710305e+00
7.430183590334655719e+01,7.348691284373328747e-01,3.974668152583180625e-01,6.219768170926710305e+00
7.430183590334655719e+01,7.348691284373328747e-01,3.974668152583180625e-01,6.219768170926710305e+00
7.430183590334655719e+01,7.348691284373328747e-01,3.974668152583180625e-01,6.219768170926710305e+00
7.430183590334655719e+01,7.348691284373328747e-01,3.974668152583180625e-01,6.219768170926710305e+00
7.430183590334655719e+01,7.348691284373328747e-01,3.974668152583180625e-01,6.219768170926710305e+00
7.430183590334655719e+01,7.348691284373328747e-01,3.974668152583180625e-01,6.219768170926710305e+00
7.430183590334655719e+01,7.348691284373328747e-01,3.974668152583180625e-01,6.219768170926710305e+00
7.430183590334655719e+01,7.348691284373328747e-01,3.974668152583180625e-01,6.219768170926710305e+00
7.410685668247515423e+01,7.321951416133735124e-01,4.170376043057641424e-01,6.334119937279136359e+00
7.411480660275499588e+01,7.314257155844114955e-01,4.423284954749721054e-01,6.498054268002306344e+00
7.411480660275499588e+01,7.314257155844114955e-01,4.423284954749721054e-01,6.498054268002306344e+00
7.403422685980871165e+01,7.303376714957170446e-01,4.608903056037857437e-01,6.536134635489177391e+00
7.403422685980871165e+01,7.303376714957170446e-01,4.608903056037857437e-01,6.536134635489177391e+00
7.398306278013437520e+01,7.296468182811534087e-01,4.726761204699805874e-01,6.560313751541023919e+00
7.398306278013437520e+01,7.296468182811534087e-01,4.726761204699805874e-01,6.560313751541023919e+00
7.398306278013437520e+01,7.296468182811534087e-01,4.726761204699805874e-01,6.560313751541023919e+00
7.408319835780839924e+01,7.302294066667831540e-01,4.670719800144413902e-01,6.609850209410525146e+00
7.407492554855365086e+01,7.303686155844458794e-01,4.597360449148401029e-01,6.554602264184495652e+00
7.392079948441462989e+01,7.284336494879252166e-01,5.006146028316238450e-01,6.597327699547551383e+00
7.392079948441462989e+01,7.284336494879252166e-01,5.006146028316238450e-01,6.597327699547551383e+00
7.392079948441462989e+01,7.284336494879252166e-01,5.006146028316238450e-01,6.597327699547551383e+00
7.392079948441462989e+01,7.284336494879252166e-01,5.006146028316238450e-01,6.597327699547551383e+00
7.392079948441462989e+01,7.284336494879252166e-01,5.006146028316238450e-01,6.597327699547551383e+00
7.392079948441462989e+01,7.284336494879252166e-01,5.006146028316238450e-01,6.597327699547551383e+00
7.392042983182999194e+01,7.284262359527002850e-01,5.009235252851316211e-01,6.592522682975157977e+00
7.392042983182999194e+01,7.284262359527002850e-01,5.009235252851316211e-01,6.592522682975157977e+00
7.392042983182999194e+01,7.284262359527002850e-01,5.009235252851316211e-01,6.592522682975157977e+00
7.370350669369989305e+01,7.271948255821426566e-01,5.143872865539966810e-01,6.468813572896763731e+00
7.370921619786069812e+01,7.272664903498512468e-01,5.104550802332598058e-01,6.546502806354137505e+00
7.370921619786069812e+01,7.272664903498512468e-01,5.104550802332598058e-01,6.546502806354137505e+00
7.376351408138252452e+01,7.282478911925591714e-01,5.177760547377079359e-01,6.539543968977664434e+00
7.376351408138252452e+01,7.282478911925591714e-01,5.177760547377079359e-01,6.539543968977664434e+00
7.373657147797504763e+01,7.282319578039104790e-01,5.223318037773724276e-01,6.508674503823955071e+00
7.370274543210345541e+01,7.278125681255821489e-01,5.726899106507794546e-01,6.610858533296363859e+00
7.370274543210345541e+01,7.278125681255821489e-01,5.726899106507794546e-01,6.610858533296363859e+00
7.352890576038983284e+01,7.271670617488127375e-01,5.849839801971654651e-01,6.505641095400625851e+00
7.352890576038983284e+01,7.271670617488127375e-01,5.849839801971654651e-01,6.505641095400625851e+00
7.354406415467549607e+01,7.261720829189060034e-01,5.308419422172798718e-01,6.509253901036329282e+00
7.354406415467549607e+01,7.261720829189060034e-01,5.308419422172798718e-01,6.509253901036329282e+00
7.470248644131069682e+01,7.373708595843991853e-01,1.357784467734724221e-01,1.361054769504424478e+01
7.470248644131069682e+01,7.373708595843991853e-01,1.357784467734724221e-01,1.361054769504424478e+01
7.470248644131069682e+01,7.373708595843991853e-01,1.357784467734724221e-01,1.361054769504424478e+01
7.470248644131069682e+01,7.373708595843991853e-01,1.357784467734724221e-01,1.361054769504424478e+01
7.470248644131069682e+01,7.373708595843991853e-01,1.357784467734724221e-01,1.361054769504424478e+01
7.366201206149659697e+01,7.350583823162524233e-01,8.539361317100613302e-02,1.467218315609309442e+01
7.366201206149659697e+01,7.350583823162524233e-01,8.539361317100613302e-02,1.467218315609309442e+01
7.366201206149659697e+01,7.350583823162524233e-01,8.539361317100613302e-02,1.467218315609309442e+01
7.366201206149659697e+01,7.350583823162524233e-01,8.539361317100613302e-02,1.467218315609309442e+01
7.366201206149659697e+01,7.350583823162524233e-01,8.539361317100613302e-02,1.467218315609309442e+01
7.366201206149659697e+01,7.350583823162524233e-01,8.539361317100613302e-02,1.467218315609309442e+01
7.392575613384153144e+01,7.343162658574856616e-01,1.077085404520975315e-01,1.361924631462652258e+01
7.388150035897535872e+01,7.345054044225346468e-01,1.054047726532778839e-01,1.355688122953458929e+01
7.388150035897535872e+01,7.345054044225346468e-01,1.054047726532778839e-01,1.355688122953458929e+01
7.388150035897535872e+01,7.345054044225346468e-01,1.054047726532778839e-01,1.355688122953458929e+01
7.388150035897535872e+01,7.345054044225346468e-01,1.054047726532778839e-01,1.355688122953458929e+01
7.408488777032356154e+01,7.344938515476229224e-01,1.162900812573708087e-01,1.341045165651915738e+01
7.408488777032356154e+01,7.344938515476229224e-01,1.162900812573708087e-01,1.341045165651915738e+01
7.400280480638383551e+01,7.341732180085450699e-01,1.168355216815535197e-01,1.284190377537813177e+01
7.400280480638383551e+01,7.341732180085450699e-01,1.168355216815535197e-01,1.284190377537813177e+01
7.400280480638383551e+01,7.341732180085450699e-01,1.168355216815535197e-01,1.284190377537813177e+01
7.393398529699808819e+01,7.341808338945929879e-01,1.134372625092898990e-01,1.298252963163086093e+01
7.393398529699808819e+01,7.341808338945929879e-01,1.134372625092898990e-01,1.298252963163086093e+01
7.393398529699808819e+01,7.341808338945929879e-01,1.134372625092898990e-01,1.298252963163086093e+01
7.393398529699808819e+01,7.341808338945929879e-01,1.134372625092898990e-01,1.298252963163086093e+01
7.393398529699808819e+01,7.341808338945929879e-01,1.134372625092898990e-01,1.298252963163086093e+01
7.393398529699808819e+01,7.341808338945929879e-01,1.134372625092898990e-01,1.298252963163086093e+01
7.393398529699808819e+01,7.341808338945929879e-01,1.134372625092898990e-01,1.298252963163086093e+01
7.393398529699808819e+01,7.341808338945929879e-01,1.134372625092898990e-01,1.298252963163086093e+01
7.393398529699808819e+01,7.341808338945929879e-01,1.134372625092898990e-01,1.298252963163086093e+01
7.398824623650382648e+01,7.357447594230280830e-01,1.066380842458884426e-01,1.351383202596105093e+01
7.398824623650382648e+01,7.357447594230280830e-01,1.066380842458884426e-01,1.351383202596105093e+01
7.398824623650382648e+01,7.357447594230280830e-01,1.066380842458884426e-01,1.351383202596105093e+01
7.398824623650382648e+01,7.357447594230280830e-01,1.066380842458884426e-01,1.351383202596105093e+01
7.398824623650382648e+01,7.357447594230280830e-01,1.066380842458884426e-01,1.351383202596105093e+01
7.398824623650382648e+01,7.357447594230280830e-01,1.066380842458884426e-01,1.351383202596105093e+01
7.398824623650382648e+01,7.357447594230280830e-01,1.066380842458884426e-01,1.351383202596105093e+01
7.407173033670511586e+01,7.359376650813465037e-01,1.091073848645558730e-01,1.350839905621191406e+01
7.407173033670511586e+01,7.359376650813465037e-01,1.091073848645558730e-01,1.350839905621191406e+01
7.407173033670511586e+01,7.359376650813465037e-01,1.091073848645558730e-01,1.350839905621191406e+01
7.407173033670511586e+01,7.359376650813465037e-01,1.091073848645558730e-01,1.350839905621191406e+01
7.407173033670511586e+01,7.359376650813465037e-01,1.091073848645558730e-01,1.350839905621191406e+01
7.407173033670511586e+01,7.359376650813465037e-01,1.091073848645558730e-01,1.350839905621191406e+01
7.407173033670511586e+01,7.359376650813465037e-01,1.091073848645558730e-01,1.350839905621191406e+01
7.407173033670511586e+01,7.359376650813465037e-01,1.091073848645558730e-01,1.350839905621191406e+01
7.407173033670511586e+01,7.359376650813465037e-01,1.091073848645558730e-01,1.350839905621191406e+01
7.413683609137761721e+01,7.362800374478494225e-01,1.094325274205449477e-01,1.366698874093209781e+01
7.413683609137761721e+01,7.362800374478494225e-01,1.094325274205449477e-01,1.366698874093209781e+01
7.413683609137761721e+01,7.362800374478494225e-01,1.094325274205449477e-01,1.366698874093209781e+01
7.404295854212315930e+01,7.368587264590085173e-01,1.011577954956251746e-01,1.404321609280365024e+01
7.411946959420355086e+01,7.370882987527916930e-01,1.077165095064465672e-01,1.350917704453123314e+01
7.411946959420355086e+01,7.370882987527916930e-01,1.077165095064465672e-01,1.350917704453123314e+01
7.411946959420355086e+01,7.370882987527916930e-01,1.077165095064465672e-01,1.350917704453123314e+01
7.411946959420355086e+01,7.370882987527916930e-01,1.077165095064465672e-01,1.350917704453123314e+01
7.411946959420355086e+01,7.370882987527916930e-01,1.077165095064465672e-01,1.350917704453123314e+01
7.411946959420355086e+01,7.370882987527916930e-01,1.077165095064465672e-01,1.350917704453123314e+01
7.411946959420355086e+01,7.370882987527916930e-01,1.077165095064465672e-01,1.350917704453123314e+01
7.411946959420355086e+01,7.370882987527916930e-01,1.077165095064465672e-01,1.350917704453123314e+01
7.411946959420355086e+01,7.370882987527916930e-01,1.077165095064465672e-01,1.350917704453123314e+01
7.411946959420355086e+01,7.370882987527916930e-01,1.077165095064465672e-01,1.350917704453123314e+01
7.414726414691824630e+01,7.372635792715600545e-01,1.084639501229049952e-01,1.339040945110696335e+01
7.414726414691824630e+01,7.372635792715600545e-01,1.084639501229049952e-01,1.339040945110696335e+01
7.414726414691824630e+01,7.372635792715600545e-01,1.084639501229049952e-01,1.339040945110696335e+01
7.418046241281605546e+01,7.368985861177095309e-01,1.099614490402979761e-01,1.351393262104774529e+01
7.418046241281605546e+01,7.368985861177095309e-01,1.099614490402979761e-01,1.351393262104774529e+01
7.418046241281605546e+01,7.368985861177095309e-01,1.099614490402979761e-01,1.351393262104774529e+01
7.418046241281605546e+01,7.368985861177095309e-01,1.099614490402979761e-01,1.351393262104774529e+01
7.418046241281605546e+01,7.368985861177095309e-01,1.099614490402979761e-01,1.351393262104774529e+01
7.418046241281605546e+01,7.368985861177095309e-01,1.099614490402979761e-01,1.351393262104774529e+01
7.418046241281605546e+01,7.368985861177095309e-01,1.099614490402979761e-01,1.351393262104774529e+01
7.415824795590445717e+01,7.384167383528769113e-01,1.052257979566690455e-01,1.319961305420478936e+01
7.415824795590445717e+01,7.384167383528769113e-01,1.052257979566690455e-01,1.319961305420478936e+01
7.421445279577989140e+01,7.382411297319704246e-01,1.067547861691291733e-01,1.341215185424364442e+01
7.410978596148191855e+01,7.379243168607511061e-01,1.026965749589213717e-01,1.359577670100133950e+01
7.410978596148191855e+01,7.379243168607511061e-01,1.026965749589213717e-01,1.359577670100133950e+01
7.410978596148191855e+01,7.379243168607511061e-01,1.026965749589213717e-01,1.359577670100133950e+01
7.426317682708283030e+01,7.387041723792746595e-01,1.083835259936390266e-01,1.291221454827118720e+01
7.426317682708283030e+01,7.387041723792746595e-01,1.083835259936390266e-01,1.291221454827118720e+01
7.426317682708283030e+01,7.387041723792746595e-01,1.083835259936390266e-01,1.291221454827118720e+01
7.426317682708283030e+01,7.387041723792746595e-01,1.083835259936390266e-01,1.291221454827118720e+01
7.426317682708283030e+01,7.387041723792746595e-01,1.083835259936390266e-01,1.291221454827118720e+01
7.426317682708283030e+01,7.387041723792746595e-01,1.083835259936390266e-01,1.291221454827118720e+01
7.429713970266998047e+01,7.384971587569393314e-01,1.090213972124590841e-01,1.318362188507051691e+01
7.427256535623266132e+01,7.377211910764327474e-01,1.097172522121840771e-01,1.334143294378658773e+01
7.427256535623266132e+01,7.377211910764327474e-01,1.097172522121840771e-01,1.334143294378658773e+01
7.427256535623266132e+01,7.377211910764327474e-01,1.097172522121840771e-01,1.334143294378658773e+01
7.427256535623266132e+01,7.377211910764327474e-01,1.097172522121840771e-01,1.334143294378658773e+01
7.427256535623266132e+01,7.377211910764327474e-01,1.097172522121840771e-01,1.334143294378658773e+01
7.427256535623266132e+01,7.377211910764327474e-01,1.097172522121840771e-01,1.334143294378658773e+01
7.427256535623266132e+01,7.377211910764327474e-01,1.097172522121840771e-01,1.334143294378658773e+01
7.415558177090072434e+01,7.370480614341816672e-01,1.097507386983008343e-01,1.278401857285779109e+01
7.406133735605180846e+01,7.369139458073626914e-01,1.081789825074455369e-01,1.236339887876794918e+01
7.406133735605180846e+01,7.369139458073626914e-01,1.081789825074455369e-01,1.236339887876794918e+01
7.415100643277256154e+01,7.375644278464577042e-01,1.067210718204683051e-01,1.303880853515593685e+01
7.415100643277256154e+01,7.375644278464577042e-01,1.067210718204683051e-01,1.303880853515593685e+01
7.415100643277256154e+01,7.375644278464577042e-01,1.067210718204683051e-01,1.303880853515593685e+01
7.408772491830059437e+01,7.384766684524617375e-01,1.023720654013650366e-01,1.267715743669073625e+01
7.408772491830059437e+01,7.384766684524617375e-01,1.023720654013650366e-01,1.267715743669073625e+01
7.408772491830059437e+01,7.384766684524617375e-01,1.023720654013650366e-01,1.267715743669073625e+01
7.408772491830059437e+01,7.384766684524617375e-01,1.023720654013650366e-01,1.267715743669073625e+01
7.408772491830059437e+01,7.384766684524617375e-01,1.023720654013650366e-01,1.267715743669073625e+01
7.408772491830059437e+01,7.384766684524617375e-01,1.023720654013650366e-01,1.267715743669073625e+01
7.408772491830059437e+01,7.384766684524617375e-01,1.023720654013650366e-01,1.267715743669073625e+01
7.408772491830059437e+01,7.384766684524617375e-01,1.023720654013650366e-01,1.267715743669073625e+01
7.408772491830059437e+01,7.384766684524617375e-01,1.023720654013650366e-01,1.267715743669073625e+01
7.387415280393227590e+01,7.377945551486581044e-01,1.002937245292711138e-01,1.157704197147685576e+01
7.387373821767187110e+01,7.377251432776485984e-01,1.026681472904854009e-01,1.155005008462622129e+01
7.387373821767187110e+01,7.377251432776485984e-01,1.026681472904854009e-01,1.155005008462622129e+01
7.413120974870669500e+01,7.379744888300344696e-01,1.119054172341511916e-01,1.189489480440529512e+01
7.413120974870669500e+01,7.379744888300344696e-01,1.119054172341511916e-01,1.189489480440529512e+01
7.413120974870669500e+01,7.379744888300344696e-01,1.119054172341511916e-01,1.189489480440529512e+01
7.413120974870669500e+01,7.379744888300344696e-01,1.119054172341511916e-01,1.189489480440529512e+01
7.413120974870669500e+01,7.379744888300344696e-01,1.119054172341511916e-01,1.189489480440529512e+01
7.413120974870669500e+01,7.379744888300344696e-01,1.119054172341511916e-01,1.189489480440529512e+01
7.404703141287752999e+01,7.379806883833951447e-01,1.048515685209401305e-01,1.232304404857846691e+01
7.404703141287752999e+01,7.379806883833951447e-01,1.048515685209401305e-01,1.232304404857846691e+01
7.404703141287752999e+01,7.379806883833951447e-01,1.048515685209401305e-01,1.232304404857846691e+01
7.406025701536030681e+01,7.379950674162065738e-01,1.051162607416149947e-01,1.236797558310791878e+01
7.410180213144876404e+01,7.392139474724988002e-01,1.037516212435629775e-01,1.211673183472259474e+01
7.410180213144876404e+01,7.392139474724988002e-01,1.037516212435629775e-01,1.211673183472259474e+01
7.410180213144876404e+01,7.392139474724988002e-01,1.037516212435629775e-01,1.211673183472259474e+01
7.410180213144876404e+01,7.392139474724988002e-01,1.037516212435629775e-01,1.211673183472259474e+01
7.412110450476090762e+01,7.395122476943735146e-01,1.038211718852562748e-01,1.202308572124845476e+01
7.412110450476090762e+01,7.395122476943735146e-01,1.038211718852562748e-01,1.202308572124845476e+01
7.412110450476090762e+01,7.395122476943735146e-01,1.038211718852562748e-01,1.202308572124845476e+01
7.412110450476090762e+01,7.395122476943735146e-01,1.038211718852562748e-01,1.202308572124845476e+01
7.412110450476090762e+01,7.395122476943735146e-01,1.038211718852562748e-01,1.202308572124845476e+01
7.412110450476090762e+01,7.395122476943735146e-01,1.038211718852562748e-01,1.202308572124845476e+01
7.403206347432738710e+01,7.370150176203117409e-01,1.087965920516693330e-01,1.193270557813901434e+01
7.396322628343010308e+01,7.367854796390582717e-01,1.044637861437225507e-01,1.220342835654240154e+01
7.396322628343010308e+01,7.367854796390582717e-01,1.044637861437225507e-01,1.220342835654240154e+01
7.370285270943317357e+01,7.345965536830374454e-01,1.072973016876250935e-01,1.083765707145034085e+01
7.393282846846527434e+01,7.361662819242450473e-01,1.052884113755200995e-01,1.228651874159841029e+01
7.393282846846527434e+01,7.361662819242450473e-01,1.052884113755200995e-01,1.228651874159841029e+01
7.393282846846527434e+01,7.361662819242450473e-01,1.052884113755200995e-01,1.228651874159841029e+01
7.393282846846527434e+01,7.361662819242450473e-01,1.052884113755200995e-01,1.228651874159841029e+01
7.393282846846527434e+01,7.361662819242450473e-01,1.052884113755200995e-01,1.228651874159841029e+01
7.393282846846527434e+01,7.361662819242450473e-01,1.052884113755200995e-01,1.228651874159841029e+01
7.393282846846527434e+01,7.361662819242450473e-01,1.052884113755200995e-01,1.228651874159841029e+01
7.407423190951013225e+01,7.364407929699675615e-01,1.130939664834228198e-01,1.209060167253899643e+01
7.407423190951013225e+01,7.364407929699675615e-01,1.130939664834228198e-01,1.209060167253899643e+01
7.406713454276774655e+01,7.364267864270721553e-01,1.122812477375865758e-01,1.219693001384325726e+01
7.406713454276774655e+01,7.364267864270721553e-01,1.122812477375865758e-01,1.219693001384325726e+01
7.406713454276774655e+01,7.364267864270721553e-01,1.122812477375865758e-01,1.219693001384325726e+01
7.406713454276774655e+01,7.364267864270721553e-01,1.122812477375865758e-01,1.219693001384325726e+01
7.397831565388928254e+01,7.363735842024652367e-01,1.002231261636052778e-01,1.301498447817971460e+01
7.397831565388928254e+01,7.363735842024652367e-01,1.002231261636052778e-01,1.301498447817971460e+01
7.418783981026558649e+01,7.375259227652948280e-01,1.052555094477480579e-01,1.323746215946400007e+01
7.418783981026558649e+01,7.375259227652948280e-01,1.052555094477480579e-01,1.323746215946400007e+01
7.418783981026558649e+01,7.375259227652948280e-01,1.052555094477480579e-01,1.323746215946400007e+01
7.418750877692791335e+01,7.375131857593250073e-01,1.058494650838814888e-01,1.322666818163256863e+01
7.418750877692791335e+01,7.375131857593250073e-01,1.058494650838814888e-01,1.322666818163256863e+01
7.418750877692791335e+01,7.375131857593250073e-01,1.058494650838814888e-01,1.322666818163256863e+01
7.418750877692791335e+01,7.375131857593250073e-01,1.058494650838814888e-01,1.322666818163256863e+01
7.418750877692791335e+01,7.375131857593250073e-01,1.058494650838814888e-01,1.322666818163256863e+01
7.418750877692791335e+01,7.375131857593250073e-01,1.058494650838814888e-01,1.322666818163256863e+01
7.418750877692791335e+01,7.375131857593250073e-01,1.058494650838814888e-01,1.322666818163256863e+01
7.418750877692791335e+01,7.375131857593250073e-01,1.058494650838814888e-01,1.322666818163256863e+01
7.418750877692791335e+01,7.375131857593250073e-01,1.058494650838814888e-01,1.322666818163256863e+01
7.418750877692791335e+01,7.375131857593250073e-01,1.058494650838814888e-01,1.322666818163256863e+01
7.418750877692791335e+01,7.375131857593250073e-01,1.058494650838814888e-01,1.322666818163256863e+01
7.418750877692791335e+01,7.375131857593250073e-01,1.058494650838814888e-01,1.322666818163256863e+01
7.418750877692791335e+01,7.375131857593250073e-01,1.058494650838814888e-01,1.322666818163256863e+01
7.418750877692791335e+01,7.375131857593250073e-01,1.058494650838814888e-01,1.322666818163256863e+01
7.418750877692791335e+01,7.375131857593250073e-01,1.058494650838814888e-01,1.322666818163256863e+01
7.418750877692791335e+01,7.375131857593250073e-01,1.058494650838814888e-01,1.322666818163256863e+01
7.418750877692791335e+01,7.375131857593250073e-01,1.058494650838814888e-01,1.322666818163256863e+01
7.418750877692791335e+01,7.375131857593250073e-01,1.058494650838814888e-01,1.322666818163256863e+01
7.418750877692791335e+01,7.375131857593250073e-01,1.058494650838814888e-01,1.322666818163256863e+01
7.418750877692791335e+01,7.375131857593250073e-01,1.058494650838814888e-01,1.322666818163256863e+01
7.415697121631194477e+01,7.375970777923520627e-01,1.043948159824424765e-01,1.322167919708870620e+01
7.415697121631194477e+01,7.375970777923520627e-01,1.043948159824424765e-01,1.322167919708870620e+01
7.415697121631194477e+01,7.375970777923520627e-01,1.043948159824424765e-01,1.322167919708870620e+01
7.418664160420995302e+01,7.377168969940285370e-01,1.052323852537571519e-01,1.325888403964208706e+01
7.418664160420995302e+01,7.377168969940285370e-01,1.052323852537571519e-01,1.325888403964208706e+01
7.444628730127234917e+01,7.262947476734601393e-01,1.909471680882657563e-01,1.097275191044633580e+01
7.444628730127234917e+01,7.262947476734601393e-01,1.909471680882657563e-01,1.097275191044633580e+01
7.444628730127234917e+01,7.262947476734601393e-01,1.909471680882657563e-01,1.097275191044633580e+01
7.444628730127234917e+01,7.262947476734601393e-01,1.909471680882657563e-01,1.097275191044633580e+01
7.444628730127234917e+01,7.262947476734601393e-01,1.909471680882657563e-01,1.097275191044633580e+01
7.409486995495652195e+01,7.302215492273790298e-01,1.436508258324128429e-01,1.263038974636061695e+01
7.409486995495652195e+01,7.302215492273790298e-01,1.436508258324128429e-01,1.263038974636061695e+01
7.409486995495652195e+01,7.302215492273790298e-01,1.436508258324128429e-01,1.263038974636061695e+01
7.409486995495652195e+01,7.302215492273790298e-01,1.436508258324128429e-01,1.263038974636061695e+01
7.409486995495652195e+01,7.302215492273790298e-01,1.436508258324128429e-01,1.263038974636061695e+01
7.409486995495652195e+01,7.302215492273790298e-01,1.436508258324128429e-01,1.263038974636061695e+01
7.409486995495652195e+01,7.302215492273790298e-01,1.436508258324128429e-01,1.263038974636061695e+01
7.404831023210479657e+01,7.311563361622570589e-01,1.353050930301145927e-01,1.283256094363315825e+01
7.404831023210479657e+01,7.311563361622570589e-01,1.353050930301145927e-01,1.283256094363315825e+01
7.404831023210479657e+01,7.311563361622570589e-01,1.353050930301145927e-01,1.283256094363315825e+01
7.404831023210479657e+01,7.311563361622570589e-01,1.353050930301145927e-01,1.283256094363315825e+01
7.404840919230615270e+01,7.310855203312859318e-01,1.372185444346696870e-01,1.274824272458785934e+01
7.404840919230615270e+01,7.310855203312859318e-01,1.372185444346696870e-01,1.274824272458785934e+01
7.404840919230615270e+01,7.310855203312859318e-01,1.372185444346696870e-01,1.274824272458785934e+01
7.404840919230615270e+01,7.310855203312859318e-01,1.372185444346696870e-01,1.274824272458785934e+01
7.404840919230615270e+01,7.310855203312859318e-01,1.372185444346696870e-01,1.274824272458785934e+01
7.404840919230615270e+01,7.310855203312859318e-01,1.372185444346696870e-01,1.274824272458785934e+01
7.404840919230615270e+01,7.310855203312859318e-01,1.372185444346696870e-01,1.274824272458785934e+01
7.404840919230615270e+01,7.310855203312859318e-01,1.372185444346696870e-01,1.274824272458785934e+01
7.433146939960869304e+01,7.335760812075219350e-01,1.534291880160851274e-01,1.102205936513726670e+01
7.433146939960869304e+01,7.335760812075219350e-01,1.534291880160851274e-01,1.102205936513726670e+01
7.459547559605626077e+01,7.359649061284136984e-01,1.434410455636403181e-01,1.219160772204780407e+01
7.459547559605626077e+01,7.359649061284136984e-01,1.434410455636403181e-01,1.219160772204780407e+01
7.459547559605626077e+01,7.359649061284136984e-01,1.434410455636403181e-01,1.219160772204780407e+01
7.459547559605626077e+01,7.359649061284136984e-01,1.434410455636403181e-01,1.219160772204780407e+01
7.459547559605626077e+01,7.359649061284136984e-01,1.434410455636403181e-01,1.219160772204780407e+01
7.459547559605626077e+01,7.359649061284136984e-01,1.434410455636403181e-01,1.219160772204780407e+01
7.456254849990941125e+01,7.370717924260654641e-01,1.236248509584742389e-01,1.347645764189965867e+01
7.456254849990941125e+01,7.370717924260654641e-01,1.236248509584742389e-01,1.347645764189965867e+01
7.456254849990941125e+01,7.370717924260654641e-01,1.236248509584742389e-01,1.347645764189965867e+01
7.456254849990941125e+01,7.370717924260654641e-01,1.236248509584742389e-01,1.347645764189965867e+01
7.456254849990941125e+01,7.370717924260654641e-01,1.236248509584742389e-01,1.347645764189965867e+01
7.456254849990941125e+01,7.370717924260654641e-01,1.236248509584742389e-01,1.347645764189965867e+01
7.456254849990941125e+01,7.370717924260654641e-01,1.236248509584742389e-01,1.347645764189965867e+01
7.456254849990941125e+01,7.370717924260654641e-01,1.236248509584742389e-01,1.347645764189965867e+01
7.456254849990941125e+01,7.370717924260654641e-01,1.236248509584742389e-01,1.347645764189965867e+01
7.456254849990941125e+01,7.370717924260654641e-01,1.236248509584742389e-01,1.347645764189965867e+01
7.439749006791370789e+01,7.361396725706798039e-01,1.216608481018755517e-01,1.328914329241388614e+01
7.439749006791370789e+01,7.361396725706798039e-01,1.216608481018755517e-01,1.328914329241388614e+01
7.435519342451516422e+01,7.359008144847809518e-01,1.211575673699863548e-01,1.324114351350021934e+01
7.435519342451516422e+01,7.359008144847809518e-01,1.211575673699863548e-01,1.324114351350021934e+01
7.435519342451516422e+01,7.359008144847809518e-01,1.211575673699863548e-01,1.324114351350021934e+01
7.440519358213079215e+01,7.358139788028624784e-01,1.238424043621670911e-01,1.314363211699472700e+01
7.440519358213079215e+01,7.358139788028624784e-01,1.238424043621670911e-01,1.314363211699472700e+01
7.440519358213079215e+01,7.358139788028624784e-01,1.238424043621670911e-01,1.314363211699472700e+01
7.437022881732342228e+01,7.340352515931362065e-01,1.271785744631523940e-01,1.372632298669639717e+01
7.437022881732342228e+01,7.340352515931362065e-01,1.271785744631523940e-01,1.372632298669639717e+01
7.437157847082256978e+01,7.340026678309442554e-01,1.273719560080204816e-01,1.372668592347943672e+01
7.437157847082256978e+01,7.340026678309442554e-01,1.273719560080204816e-01,1.372668592347943672e+01
7.437157847082256978e+01,7.340026678309442554e-01,1.273719560080204816e-01,1.372668592347943672e+01
7.437157847082256978e+01,7.340026678309442554e-01,1.273719560080204816e-01,1.372668592347943672e+01
7.437157847082256978e+01,7.340026678309442554e-01,1.273719560080204816e-01,1.372668592347943672e+01
7.437157847082256978e+01,7.340026678309442554e-01,1.273719560080204816e-01,1.372668592347943672e+01
7.437157847082256978e+01,7.340026678309442554e-01,1.273719560080204816e-01,1.372668592347943672e+01
7.437157847082256978e+01,7.340026678309442554e-01,1.273719560080204816e-01,1.372668592347943672e+01
7.437157847082256978e+01,7.340026678309442554e-01,1.273719560080204816e-01,1.372668592347943672e+01
7.436989020963113717e+01,7.340578238083503848e-01,1.270580437917182837e-01,1.372631579410618485e+01
7.436989020963113717e+01,7.340578238083503848e-01,1.270580437917182837e-01,1.372631579410618485e+01
7.436989020963113717e+01,7.340578238083503848e-01,1.270580437917182837e-01,1.372631579410618485e+01
7.436989020963113717e+01,7.340578238083503848e-01,1.270580437917182837e-01,1.372631579410618485e+01
7.436989020963113717e+01,7.340578238083503848e-01,1.270580437917182837e-01,1.372631579410618485e+01
7.436989020963113717e+01,7.340578238083503848e-01,1.270580437917182837e-01,1.372631579410618485e+01
7.444015397654894173e+01,7.340676073302356830e-01,1.290894454160907145e-01,1.390445416210983254e+01
7.444015397654894173e+01,7.340676073302356830e-01,1.290894454160907145e-01,1.390445416210983254e+01
7.444015397654894173e+01,7.340676073302356830e-01,1.290894454160907145e-01,1.390445416210983254e+01
7.444015397654894173e+01,7.340676073302356830e-01,1.290894454160907145e-01,1.390445416210983254e+01
7.444015397654894173e+01,7.340676073302356830e-01,1.290894454160907145e-01,1.390445416210983254e+01
7.444015397654894173e+01,7.340676073302356830e-01,1.290894454160907145e-01,1.390445416210983254e+01
7.444015397654894173e+01,7.340676073302356830e-01,1.290894454160907145e-01,1.390445416210983254e+01
7.444015397654894173e+01,7.340676073302356830e-01,1.290894454160907145e-01,1.390445416210983254e+01
7.446085571618269228e+01,7.350587355165686398e-01,1.284997819273701880e-01,1.352863306262290877e+01
7.446085571618269228e+01,7.350587355165686398e-01,1.284997819273701880e-01,1.352863306262290877e+01
7.446085571618269228e+01,7.350587355165686398e-01,1.284997819273701880e-01,1.352863306262290877e+01
7.446085571618269228e+01,7.350587355165686398e-01,1.284997819273701880e-01,1.352863306262290877e+01
7.446085571618269228e+01,7.350587355165686398e-01,1.284997819273701880e-01,1.352863306262290877e+01
7.446085571618269228e+01,7.350587355165686398e-01,1.284997819273701880e-01,1.352863306262290877e+01
7.446085571618269228e+01,7.350587355165686398e-01,1.284997819273701880e-01,1.352863306262290877e+01
7.446085571618269228e+01,7.350587355165686398e-01,1.284997819273701880e-01,1.352863306262290877e+01
7.437057394274818023e+01,7.356825055998713614e-01,1.225843234041017471e-01,1.322964260391875335e+01
7.437057394274818023e+01,7.356825055998713614e-01,1.225843234041017471e-01,1.322964260391875335e+01
7.435274862019664965e+01,7.357977615856996501e-01,1.212282439461082190e-01,1.314681385443354955e+01
7.435274862019664965e+01,7.357977615856996501e-01,1.212282439461082190e-01,1.314681385443354955e+01
7.435274862019664965e+01,7.357977615856996501e-01,1.212282439461082190e-01,1.314681385443354955e+01
7.435274862019664965e+01,7.357977615856996501e-01,1.212282439461082190e-01,1.314681385443354955e+01
7.435274862019664965e+01,7.357977615856996501e-01,1.212282439461082190e-01,1.314681385443354955e+01
7.435274862019664965e+01,7.357977615856996501e-01,1.212282439461082190e-01,1.314681385443354955e+01
7.435274862019664965e+01,7.357977615856996501e-01,1.212282439461082190e-01,1.314681385443354955e+01
7.435274862019664965e+01,7.357977615856996501e-01,1.212282439461082190e-01,1.314681385443354955e+01
7.435008712669916520e+01,7.356798761183628299e-01,1.216501783882925347e-01,1.310163293870366452e+01
7.435008712669916520e+01,7.356798761183628299e-01,1.216501783882925347e-01,1.310163293870366452e+01
7.435008712669916520e+01,7.356798761183628299e-01,1.216501783882925347e-01,1.310163293870366452e+01
7.435008712669916520e+01,7.356798761183628299e-01,1.216501783882925347e-01,1.310163293870366452e+01
7.432470267601684100e+01,7.355473702704709016e-01,1.194003258828391367e-01,1.325607213007971019e+01
7.432470267601684100e+01,7.355473702704709016e-01,1.194003258828391367e-01,1.325607213007971019e+01
7.432470267601684100e+01,7.355473702704709016e-01,1.194003258828391367e-01,1.325607213007971019e+01
7.432470267601684100e+01,7.355473702704709016e-01,1.194003258828391367e-01,1.325607213007971019e+01
7.432470267601684100e+01,7.355473702704709016e-01,1.194003258828391367e-01,1.325607213007971019e+01
7.432470267601684100e+01,7.355473702704709016e-01,1.194003258828391367e-01,1.325607213007971019e+01
7.432470267601684100e+01,7.355473702704709016e-01,1.194003258828391367e-01,1.325607213007971019e+01
7.432470267601684100e+01,7.355473702704709016e-01,1.194003258828391367e-01,1.325607213007971019e+01
7.432470267601684100e+01,7.355473702704709016e-01,1.194003258828391367e-01,1.325607213007971019e+01
7.432470267601684100e+01,7.355473702704709016e-01,1.194003258828391367e-01,1.325607213007971019e+01
7.432470267601684100e+01,7.355473702704709016e-01,1.194003258828391367e-01,1.325607213007971019e+01
7.432470267601684100e+01,7.355473702704709016e-01,1.194003258828391367e-01,1.325607213007971019e+01
7.434435183172486461e+01,7.358946252793745479e-01,1.185976152350627366e-01,1.336897587321045933e+01
7.434435183172486461e+01,7.358946252793745479e-01,1.185976152350627366e-01,1.336897587321045933e+01
7.434435183172486461e+01,7.358946252793745479e-01,1.185976152350627366e-01,1.336897587321045933e+01
7.434435183172486461e+01,7.358946252793745479e-01,1.185976152350627366e-01,1.336897587321045933e+01
7.435652574395720649e+01,7.356763595868747174e-01,1.199924730503239695e-01,1.334395276573231470e+01
7.435652574395720649e+01,7.356763595868747174e-01,1.199924730503239695e-01,1.334395276573231470e+01
7.437890082277607462e+01,7.356903198940839550e-01,1.210291895488624370e-01,1.330992093404286081e+01
7.437890082277607462e+01,7.356903198940839550e-01,1.210291895488624370e-01,1.330992093404286081e+01
7.437890082277607462e+01,7.356903198940839550e-01,1.210291895488624370e-01,1.330992093404286081e+01
7.437635379463679897e+01,7.356443491476047924e-01,1.244832675391850385e-01,1.301103802243671126e+01
7.437635379463679897e+01,7.356443491476047924e-01,1.244832675391850385e-01,1.301103802243671126e+01
7.437635379463679897e+01,7.356443491476047924e-01,1.244832675391850385e-01,1.301103802243671126e+01
7.437635379463679897e+01,7.356443491476047924e-01,1.244832675391850385e-01,1.301103802243671126e+01
7.437635379463679897e+01,7.356443491476047924e-01,1.244832675391850385e-01,1.301103802243671126e+01
7.437635379463679897e+01,7.356443491476047924e-01,1.244832675391850385e-01,1.301103802243671126e+01
7.437635379463679897e+01,7.356443491476047924e-01,1.244832675391850385e-01,1.301103802243671126e+01
7.437635379463679897e+01,7.356443491476047924e-01,1.244832675391850385e-01,1.301103802243671126e+01
7.437635379463679897e+01,7.356443491476047924e-01,1.244832675391850385e-01,1.301103802243671126e+01
7.437635379463679897e+01,7.356443491476047924e-01,1.244832675391850385e-01,1.301103802243671126e+01
7.437635379463679897e+01,7.356443491476047924e-01,1.244832675391850385e-01,1.301103802243671126e+01
7.437635379463679897e+01,7.356443491476047924e-01,1.244832675391850385e-01,1.301103802243671126e+01
7.455664005335960098e+01,7.367193580450284163e-01,1.270192792097448453e-01,1.345720027566587795e+01
7.455664005335960098e+01,7.367193580450284163e-01,1.270192792097448453e-01,1.345720027566587795e+01
7.455664005335960098e+01,7.367193580450284163e-01,1.270192792097448453e-01,1.345720027566587795e+01
7.455664005335960098e+01,7.367193580450284163e-01,1.270192792097448453e-01,1.345720027566587795e+01
7.455479405521577974e+01,7.367057599225752540e-01,1.270873859531193306e-01,1.343882849842922056e+01
7.453749852471578663e+01,7.366432857780663701e-01,1.272385971115679026e-01,1.331932019495250685e+01
7.453749852471578663e+01,7.366432857780663701e-01,1.272385971115679026e-01,1.331932019495250685e+01
7.453749852471578663e+01,7.366432857780663701e-01,1.272385971115679026e-01,1.331932019495250685e+01
7.453749852471578663e+01,7.366432857780663701e-01,1.272385971115679026e-01,1.331932019495250685e+01
7.449783576315657285e+01,7.362846205849855608e-01,1.204868445660134540e-01,1.405478042490629420e+01
7.449783576315657285e+01,7.362846205849855608e-01,1.204868445660134540e-01,1.405478042490629420e+01
7.449783576315657285e+01,7.362846205849855608e-01,1.204868445660134540e-01,1.405478042490629420e+01
7.449783576315657285e+01,7.362846205849855608e-01,1.204868445660134540e-01,1.405478042490629420e+01
7.449783576315657285e+01,7.362846205849855608e-01,1.204868445660134540e-01,1.405478042490629420e+01
7.449783576315657285e+01,7.362846205849855608e-01,1.204868445660134540e-01,1.405478042490629420e+01
7.448825014927327004e+01,7.363679334092348983e-01,1.203785318580840591e-01,1.394122885783257360e+01
7.448825014927327004e+01,7.363679334092348983e-01,1.203785318580840591e-01,1.394122885783257360e+01
7.448825014927327004e+01,7.363679334092348983e-01,1.203785318580840591e-01,1.394122885783257360e+01
7.448825014927327004e+01,7.363679334092348983e-01,1.203785318580840591e-01,1.394122885783257360e+01
7.451443476653521714e+01,7.372247554949794557e-01,1.182759556513742344e-01,1.404904754426414293e+01
7.455544245864710717e+01,7.374962751407287964e-01,1.224569198357283728e-01,1.346802415817730747e+01
7.455544245864710717e+01,7.374962751407287964e-01,1.224569198357283728e-01,1.346802415817730747e+01
7.455544245864710717e+01,7.374962751407287964e-01,1.224569198357283728e-01,1.346802415817730747e+01
7.455544768874980832e+01,7.374962729718230747e-01,1.224570005544816514e-01,1.346806382204271912e+01
7.449061107528322623e+01,7.374992532705375581e-01,1.195304920408589572e-01,1.342552611992175748e+01
7.452153989910571852e+01,7.376593166514079369e-01,1.138882658898108247e-01,1.410514130807938571e+01
7.452153989910571852e+01,7.376593166514079369e-01,1.138882658898108247e-01,1.410514130807938571e+01
7.452153989910571852e+01,7.376593166514079369e-01,1.138882658898108247e-01,1.410514130807938571e+01
7.452153989910571852e+01,7.376593166514079369e-01,1.138882658898108247e-01,1.410514130807938571e+01
7.452153989910571852e+01,7.376593166514079369e-01,1.138882658898108247e-01,1.410514130807938571e+01
7.457674789017161743e+01,7.372612529591507924e-01,1.169728441157663751e-01,1.410730921867885534e+01
7.457674789017161743e+01,7.372612529591507924e-01,1.169728441157663751e-01,1.410730921867885534e+01
7.457674789017161743e+01,7.372612529591507924e-01,1.169728441157663751e-01,1.410730921867885534e+01
7.457674789017161743e+01,7.372612529591507924e-01,1.169728441157663751e-01,1.410730921867885534e+01
7.460790761943754035e+01,7.375929220269082931e-01,1.175784910158056001e-01,1.407190090313867081e+01
7.460790761943754035e+01,7.375929220269082931e-01,1.175784910158056001e-01,1.407190090313867081e+01
7.460790761943754035e+01,7.375929220269082931e-01,1.175784910158056001e-01,1.407190090313867081e+01
7.460790761943754035e+01,7.375929220269082931e-01,1.175784910158056001e-01,1.407190090313867081e+01
7.460790761943754035e+01,7.375929220269082931e-01,1.175784910158056001e-01,1.407190090313867081e+01
7.460790761943754035e+01,7.375929220269082931e-01,1.175784910158056001e-01,1.407190090313867081e+01
7.460790761943754035e+01,7.375929220269082931e-01,1.175784910158056001e-01,1.407190090313867081e+01
7.460790761943754035e+01,7.375929220269082931e-01,1.175784910158056001e-01,1.407190090313867081e+01
7.460790761943754035e+01,7.375929220269082931e-01,1.175784910158056001e-01,1.407190090313867081e+01
7.460790761943754035e+01,7.375929220269082931e-01,1.175784910158056001e-01,1.407190090313867081e+01
7.460790761943754035e+01,7.375929220269082931e-01,1.175784910158056001e-01,1.407190090313867081e+01
7.409029476741403641e+01,7.194185843708204020e-01,4.185773827894521126e-01,7.756418180331634993e+00
7.409029476741403641e+01,7.194185843708204020e-01,4.185773827894521126e-01,7.756418180331634993e+00
7.409029476741403641e+01,7.194185843708204020e-01,4.185773827894521126e-01,7.756418180331634993e+00
7.417046856600518367e+01,7.209262556544641098e-01,3.857464578197016825e-01,7.945180902532416489e+00
7.417046856600518367e+01,7.209262556544641098e-01,3.857464578197016825e-01,7.945180902532416489e+00
7.383584970330430508e+01,7.208718873163437735e-01,4.071143103217080284e-01,7.415253561489822509e+00
7.383584970330430508e+01,7.208718873163437735e-01,4.071143103217080284e-01,7.415253561489822509e+00
7.383584970330430508e+01,7.208718873163437735e-01,4.071143103217080284e-01,7.415253561489822509e+00
7.383000984055605898e+01,7.246300007282854283e-01,3.621558445611867683e-01,6.869041645488057846e+00
7.383000984055605898e+01,7.246300007282854283e-01,3.621558445611867683e-01,6.869041645488057846e+00
7.383000984055605898e+01,7.246300007282854283e-01,3.621558445611867683e-01,6.869041645488057846e+00
7.383000984055605898e+01,7.246300007282854283e-01,3.621558445611867683e-01,6.869041645488057846e+00
7.383000984055605898e+01,7.246300007282854283e-01,3.621558445611867683e-01,6.869041645488057846e+00
7.383000984055605898e+01,7.246300007282854283e-01,3.621558445611867683e-01,6.869041645488057846e+00
7.383000984055605898e+01,7.246300007282854283e-01,3.621558445611867683e-01,6.869041645488057846e+00
7.380286730857662292e+01,7.253031134406218161e-01,4.733885759888316058e-01,6.767916598341654932e+00
7.380286730857662292e+01,7.253031134406218161e-01,4.733885759888316058e-01,6.767916598341654932e+00
7.380286730857662292e+01,7.253031134406218161e-01,4.733885759888316058e-01,6.767916598341654932e+00
7.382565709194223302e+01,7.253347519461813553e-01,4.664309248682922959e-01,6.781410501822913162e+00
7.382565709194223302e+01,7.253347519461813553e-01,4.664309248682922959e-01,6.781410501822913162e+00
7.382565709194223302e+01,7.253347519461813553e-01,4.664309248682922959e-01,6.781410501822913162e+00
7.382565709194223302e+01,7.253347519461813553e-01,4.664309248682922959e-01,6.781410501822913162e+00
7.382565709194223302e+01,7.253347519461813553e-01,4.664309248682922959e-01,6.781410501822913162e+00
7.382565709194223302e+01,7.253347519461813553e-01,4.664309248682922959e-01,6.781410501822913162e+00
7.382565709194223302e+01,7.253347519461813553e-01,4.664309248682922959e-01,6.781410501822913162e+00
7.382565709194223302e+01,7.253347519461813553e-01,4.664309248682922959e-01,6.781410501822913162e+00
7.382570509119237556e+01,7.253344827459291544e-01,4.665745649011045493e-01,6.780700627671207847e+00
7.399220671009311445e+01,7.269982033834356816e-01,4.758762208121184445e-01,6.818763952577023169e+00
7.399220671009311445e+01,7.269982033834356816e-01,4.758762208121184445e-01,6.818763952577023169e+00
7.399220671009311445e+01,7.269982033834356816e-01,4.758762208121184445e-01,6.818763952577023169e+00
7.399220671009311445e+01,7.269982033834356816e-01,4.758762208121184445e-01,6.818763952577023169e+00
7.425920531425833815e+01,7.285773694566195502e-01,5.800064977880398098e-01,7.011238310014896946e+00
7.425920531425833815e+01,7.285773694566195502e-01,5.800064977880398098e-01,7.011238310014896946e+00
7.391897805300369839e+01,7.269988150284311113e-01,5.740630514105060644e-01,6.724901300334980903e+00
7.391897805300369839e+01,7.269988150284311113e-01,5.740630514105060644e-01,6.724901300334980903e+00
7.391897805300369839e+01,7.269988150284311113e-01,5.740630514105060644e-01,6.724901300334980903e+00
7.391897805300369839e+01,7.269988150284311113e-01,5.740630514105060644e-01,6.724901300334980903e+00
7.391897805300369839e+01,7.269988150284311113e-01,5.740630514105060644e-01,6.724901300334980903e+00
7.389527088393286647e+01,7.266018792805009063e-01,5.366624727680621154e-01,6.789797714765344772e+00
7.392299585122808026e+01,7.270520005647526096e-01,5.424509647517299360e-01,6.779767437312862022e+00
7.392299585122808026e+01,7.270520005647526096e-01,5.424509647517299360e-01,6.779767437312862022e+00
7.392299585122808026e+01,7.270520005647526096e-01,5.424509647517299360e-01,6.779767437312862022e+00
7.389978117022879189e+01,7.273904818766931957e-01,5.792062555831537507e-01,6.675310680846807898e+00
7.389978117022879189e+01,7.273904818766931957e-01,5.792062555831537507e-01,6.675310680846807898e+00
7.389978117022879189e+01,7.273904818766931957e-01,5.792062555831537507e-01,6.675310680846807898e+00
7.389978117022879189e+01,7.273904818766931957e-01,5.792062555831537507e-01,6.675310680846807898e+00
7.389978117022879189e+01,7.273904818766931957e-01,5.792062555831537507e-01,6.675310680846807898e+00
7.381632953120535490e+01,7.267656866955110040e-01,5.710396290860072499e-01,6.665064035019899968e+00
7.370267687169436499e+01,7.256919028594983612e-01,5.003257664952949213e-01,6.605792721414164070e+00
7.366112519384728330e+01,7.253604721726278903e-01,5.159689241073521782e-01,6.627953765633224137e+00
7.366112519384728330e+01,7.253604721726278903e-01,5.159689241073521782e-01,6.627953765633224137e+00
7.366112519384728330e+01,7.253604721726278903e-01,5.159689241073521782e-01,6.627953765633224137e+00
7.364647042554419443e+01,7.252435806251313899e-01,5.214860743696629886e-01,6.635769694741553870e+00
7.364647042554419443e+01,7.252435806251313899e-01,5.214860743696629886e-01,6.635769694741553870e+00
7.364647042554419443e+01,7.252435806251313899e-01,5.214860743696629886e-01,6.635769694741553870e+00
7.380598571126677143e+01,7.258940618171525472e-01,5.027451205265356382e-01,6.815613492208120405e+00
7.380598571126677143e+01,7.258940618171525472e-01,5.027451205265356382e-01,6.815613492208120405e+00
7.380598571126677143e+01,7.258940618171525472e-01,5.027451205265356382e-01,6.815613492208120405e+00
7.380598571126677143e+01,7.258940618171525472e-01,5.027451205265356382e-01,6.815613492208120405e+00
7.380598571126677143e+01,7.258940618171525472e-01,5.027451205265356382e-01,6.815613492208120405e+00
7.380598571126677143e+01,7.258940618171525472e-01,5.027451205265356382e-01,6.815613492208120405e+00
7.380598571126677143e+01,7.258940618171525472e-01,5.027451205265356382e-01,6.815613492208120405e+00
7.380598571126677143e+01,7.258940618171525472e-01,5.027451205265356382e-01,6.815613492208120405e+00
7.373705424454631441e+01,7.257097809290917745e-01,5.083278538771861532e-01,6.758587471201364494e+00
7.373705424454631441e+01,7.257097809290917745e-01,5.083278538771861532e-01,6.758587471201364494e+00
7.373705424454631441e+01,7.257097809290917745e-01,5.083278538771861532e-01,6.758587471201364494e+00
7.373705424454631441e+01,7.257097809290917745e-01,5.083278538771861532e-01,6.758587471201364494e+00
7.362933128434295327e+01,7.252735060199130279e-01,5.214875720131963988e-01,6.624576068954871388e+00
7.362933128434295327e+01,7.252735060199130279e-01,5.214875720131963988e-01,6.624576068954871388e+00
7.349219040547318116e+01,7.251686690679204350e-01,5.182788018515467332e-01,6.429372273046823238e+00
7.345131049754563435e+01,7.252200175612382171e-01,4.629511152269747409e-01,6.348612125057642608e+00
7.345131049754563435e+01,7.252200175612382171e-01,4.629511152269747409e-01,6.348612125057642608e+00
7.345468320170847676e+01,7.251981388485017055e-01,4.626100770881588220e-01,6.355589751908237162e+00
7.345468320170847676e+01,7.251981388485017055e-01,4.626100770881588220e-01,6.355589751908237162e+00
7.345468320170847676e+01,7.251981388485017055e-01,4.626100770881588220e-01,6.355589751908237162e+00
7.328746909683331978e+01,7.257042318067199460e-01,4.224892829121386084e-01,6.076552665402031650e+00
7.328746909683331978e+01,7.257042318067199460e-01,4.224892829121386084e-01,6.076552665402031650e+00
7.328746909683331978e+01,7.257042318067199460e-01,4.224892829121386084e-01,6.076552665402031650e+00
7.328746909683331978e+01,7.257042318067199460e-01,4.224892829121386084e-01,6.076552665402031650e+00
7.339184497624442827e+01,7.265242825593783982e-01,4.435352268551669419e-01,6.124186527080463627e+00
7.339184497624442827e+01,7.265242825593783982e-01,4.435352268551669419e-01,6.124186527080463627e+00
7.339184497624442827e+01,7.265242825593783982e-01,4.435352268551669419e-01,6.124186527080463627e+00
7.339184497624442827e+01,7.265242825593783982e-01,4.435352268551669419e-01,6.124186527080463627e+00
7.339184497624442827e+01,7.265242825593783982e-01,4.435352268551669419e-01,6.124186527080463627e+00
7.339184497624442827e+01,7.265242825593783982e-01,4.435352268551669419e-01,6.124186527080463627e+00
7.339184497624442827e+01,7.265242825593783982e-01,4.435352268551669419e-01,6.124186527080463627e+00
7.339184497624442827e+01,7.265242825593783982e-01,4.435352268551669419e-01,6.124186527080463627e+00
7.339184497624442827e+01,7.265242825593783982e-01,4.435352268551669419e-01,6.124186527080463627e+00
7.339184497624442827e+01,7.265242825593783982e-01,4.435352268551669419e-01,6.124186527080463627e+00
7.339184497624442827e+01,7.265242825593783982e-01,4.435352268551669419e-01,6.124186527080463627e+00
7.339184497624442827e+01,7.265242825593783982e-01,4.435352268551669419e-01,6.124186527080463627e+00
7.343389601539652745e+01,7.267141730463920757e-01,5.034395442307424418e-01,6.195261383078583428e+00
7.343389601539652745e+01,7.267141730463920757e-01,5.034395442307424418e-01,6.195261383078583428e+00
7.343389601539652745e+01,7.267141730463920757e-01,5.034395442307424418e-01,6.195261383078583428e+00
7.343389601539652745e+01,7.267141730463920757e-01,5.034395442307424418e-01,6.195261383078583428e+00
7.352430330282264492e+01,7.274858505639361095e-01,4.992038142293809266e-01,6.213854901719282786e+00
7.352837622863773959e+01,7.269802887143258507e-01,5.031549808148170211e-01,6.270876627555800553e+00
7.352837622863773959e+01,7.269802887143258507e-01,5.031549808148170211e-01,6.270876627555800553e+00
7.350276891826609926e+01,7.278189239812354883e-01,5.056169262458672931e-01,6.245585524747603756e+00
7.350276891826609926e+01,7.278189239812354883e-01,5.056169262458672931e-01,6.245585524747603756e+00
7.350276891826609926e+01,7.278189239812354883e-01,5.056169262458672931e-01,6.245585524747603756e+00
7.350276891826609926e+01,7.278189239812354883e-01,5.056169262458672931e-01,6.245585524747603756e+00
7.350276891826609926e+01,7.278189239812354883e-01,5.056169262458672931e-01,6.245585524747603756e+00
7.350276891826609926e+01,7.278189239812354883e-01,5.056169262458672931e-01,6.245585524747603756e+00
7.350276891826609926e+01,7.278189239812354883e-01,5.056169262458672931e-01,6.245585524747603756e+00
7.350276891826609926e+01,7.278189239812354883e-01,5.056169262458672931e-01,6.245585524747603756e+00
7.350276891826609926e+01,7.278189239812354883e-01,5.056169262458672931e-01,6.245585524747603756e+00
7.350276891826609926e+01,7.278189239812354883e-01,5.056169262458672931e-01,6.245585524747603756e+00
7.350276891826609926e+01,7.278189239812354883e-01,5.056169262458672931e-01,6.245585524747603756e+00
7.350276891826609926e+01,7.278189239812354883e-01,5.056169262458672931e-01,6.245585524747603756e+00
7.350304975257384399e+01,7.278344332600957811e-01,5.062041601970821425e-01,6.246237489991478320e+00
7.350304975257384399e+01,7.278344332600957811e-01,5.062041601970821425e-01,6.246237489991478320e+00
7.345606303766595602e+01,7.272299529739877366e-01,5.042589247120442542e-01,6.252381520470383869e+00
7.351420367561173919e+01,7.273940018348262759e-01,5.029028895618229411e-01,6.279359082235167477e+00
7.351420367561173919e+01,7.273940018348262759e-01,5.029028895618229411e-01,6.279359082235167477e+00
7.351420367561173919e+01,7.273940018348262759e-01,5.029028895618229411e-01,6.279359082235167477e+00
7.351420367561173919e+01,7.273940018348262759e-01,5.029028895618229411e-01,6.279359082235167477e+00
7.351420367561173919e+01,7.273940018348262759e-01,5.029028895618229411e-01,6.279359082235167477e+00
7.349984923274431026e+01,7.264022579937144952e-01,5.112487552369676669e-01,6.378715838343961941e+00
7.349984923274431026e+01,7.264022579937144952e-01,5.112487552369676669e-01,6.378715838343961941e+00
7.350769892009930118e+01,7.264376539795014409e-01,5.115099636524482740e-01,6.383968874667774074e+00
7.350769892009930118e+01,7.264376539795014409e-01,5.115099636524482740e-01,6.383968874667774074e+00
7.350769892009930118e+01,7.264376539795014409e-01,5.115099636524482740e-01,6.383968874667774074e+00
7.343644407873497926e+01,7.259167130898140918e-01,5.085006360275668991e-01,6.433044089341229288e+00
7.343644407873497926e+01,7.259167130898140918e-01,5.085006360275668991e-01,6.433044089341229288e+00
7.340126993243214315e+01,7.259609680428320555e-01,5.479796552295037593e-01,6.332477075546512069e+00
7.324523491695616428e+01,7.254882114875423893e-01,5.578960460825881373e-01,6.227228754827226709e+00
7.323091367897742998e+01,7.254533112171689391e-01,5.596347282800957501e-01,6.218370844535343167e+00
7.323091367897742998e+01,7.254533112171689391e-01,5.596347282800957501e-01,6.218370844535343167e+00
7.323091367897742998e+01,7.254533112171689391e-01,5.596347282800957501e-01,6.218370844535343167e+00
7.323091367897742998e+01,7.254533112171689391e-01,5.596347282800957501e-01,6.218370844535343167e+00
7.323091367897742998e+01,7.254533112171689391e-01,5.596347282800957501e-01,6.218370844535343167e+00
7.318105452641366071e+01,7.253321018940991349e-01,5.810682528454895746e-01,6.182529569251125956e+00
7.318105452641366071e+01,7.253321018940991349e-01,5.810682528454895746e-01,6.182529569251125956e+00
7.332305800953236030e+01,7.257114103686426176e-01,5.860727996208101587e-01,6.266229912690819859e+00
7.307926958211852764e+01,7.245400584449709358e-01,6.098973958215464508e-01,6.081785941505043702e+00
7.307926958211852764e+01,7.245400584449709358e-01,6.098973958215464508e-01,6.081785941505043702e+00
7.307926958211852764e+01,7.245400584449709358e-01,6.098973958215464508e-01,6.081785941505043702e+00
7.307926958211852764e+01,7.245400584449709358e-01,6.098973958215464508e-01,6.081785941505043702e+00
7.307926958211852764e+01,7.245400584449709358e-01,6.098973958215464508e-01,6.081785941505043702e+00
7.307926958211852764e+01,7.245400584449709358e-01,6.098973958215464508e-01,6.081785941505043702e+00
7.322341665534756316e+01,7.243963992671256236e-01,5.760223753082843734e-01,6.212159222171334427e+00
7.332756379515869583e+01,7.242926046347056834e-01,5.515474663249165799e-01,6.306354712825615216e+00
7.332756379515869583e+01,7.242926046347056834e-01,5.515474663249165799e-01,6.306354712825615216e+00
7.332756379515869583e+01,7.242926046347056834e-01,5.515474663249165799e-01,6.306354712825615216e+00
7.332756379515869583e+01,7.242926046347056834e-01,5.515474663249165799e-01,6.306354712825615216e+00
7.332756379515869583e+01,7.242926046347056834e-01,5.515474663249165799e-01,6.306354712825615216e+00
7.334418788587322524e+01,7.244016436151767824e-01,5.505456440368958759e-01,6.318409722767941439e+00
7.334418788587322524e+01,7.244016436151767824e-01,5.505456440368958759e-01,6.318409722767941439e+00
7.326171804301314694e+01,7.236212199169430592e-01,5.726197575053735278e-01,6.213622378893688847e+00
7.336176942282411062e+01,7.252065791300538189e-01,5.347452655409755673e-01,6.278205118133008078e+00
7.336176942282411062e+01,7.252065791300538189e-01,5.347452655409755673e-01,6.278205118133008078e+00
7.336176942282411062e+01,7.252065791300538189e-01,5.347452655409755673e-01,6.278205118133008078e+00
7.336176942282411062e+01,7.252065791300538189e-01,5.347452655409755673e-01,6.278205118133008078e+00
7.336176942282411062e+01,7.252065791300538189e-01,5.347452655409755673e-01,6.278205118133008078e+00
7.336176942282411062e+01,7.252065791300538189e-01,5.347452655409755673e-01,6.278205118133008078e+00
7.336176942282411062e+01,7.252065791300538189e-01,5.347452655409755673e-01,6.278205118133008078e+00
7.336176942282411062e+01,7.252065791300538189e-01,5.347452655409755673e-01,6.278205118133008078e+00
7.336176942282411062e+01,7.252065791300538189e-01,5.347452655409755673e-01,6.278205118133008078e+00
7.336176942282411062e+01,7.252065791300538189e-01,5.347452655409755673e-01,6.278205118133008078e+00
7.336176942282411062e+01,7.252065791300538189e-01,5.347452655409755673e-01,6.278205118133008078e+00
7.336176942282411062e+01,7.252065791300538189e-01,5.347452655409755673e-01,6.278205118133008078e+00
7.335859480810856326e+01,7.252368598413415635e-01,5.357949211955851387e-01,6.272113751984271346e+00
7.354757385979578999e+01,7.256672390338563261e-01,5.071314609815260610e-01,6.473391317354685981e+00
7.356036734932115451e+01,7.258597917511867559e-01,5.042100594693402771e-01,6.467565008382508474e+00
7.356036734932115451e+01,7.258597917511867559e-01,5.042100594693402771e-01,6.467565008382508474e+00
7.356036734932115451e+01,7.258597917511867559e-01,5.042100594693402771e-01,6.467565008382508474e+00
7.356036734932115451e+01,7.258597917511867559e-01,5.042100594693402771e-01,6.467565008382508474e+00
7.356036734932115451e+01,7.258597917511867559e-01,5.042100594693402771e-01,6.467565008382508474e+00
7.356036734932115451e+01,7.258597917511867559e-01,5.042100594693402771e-01,6.467565008382508474e+00
7.357022761057531568e+01,7.260967400532825078e-01,4.899307260314591517e-01,6.457078824672562334e+00
7.357022761057531568e+01,7.260967400532825078e-01,4.899307260314591517e-01,6.457078824672562334e+00
7.357022761057531568e+01,7.260967400532825078e-01,4.899307260314591517e-01,6.457078824672562334e+00
7.362357031409710828e+01,7.259843679567629104e-01,4.784222307815081399e-01,6.547854257016481050e+00
7.362357031409710828e+01,7.259843679567629104e-01,4.784222307815081399e-01,6.547854257016481050e+00
7.393765038133855683e+01,7.270620134647977073e-01,1.703083608161741758e-01,9.471011290061783328e+00
7.361338031967284223e+01,7.287172700029113104e-01,1.687338526319753229e-01,7.170664002562173067e+00
7.361338031967284223e+01,7.287172700029113104e-01,1.687338526319753229e-01,7.170664002562173067e+00
7.361338031967284223e+01,7.287172700029113104e-01,1.687338526319753229e-01,7.170664002562173067e+00
7.359492890797379516e+01,7.289945297722396633e-01,1.552420758869076101e-01,8.483230508989549890e+00
7.359492890797379516e+01,7.289945297722396633e-01,1.552420758869076101e-01,8.483230508989549890e+00
7.359492890797379516e+01,7.289945297722396633e-01,1.552420758869076101e-01,8.483230508989549890e+00
7.359492890797379516e+01,7.289945297722396633e-01,1.552420758869076101e-01,8.483230508989549890e+00
7.359492890797379516e+01,7.289945297722396633e-01,1.552420758869076101e-01,8.483230508989549890e+00
7.359492890797379516e+01,7.289945297722396633e-01,1.552420758869076101e-01,8.483230508989549890e+00
7.359492890797379516e+01,7.289945297722396633e-01,1.552420758869076101e-01,8.483230508989549890e+00
7.378337600533524210e+01,7.287205651199620826e-01,1.723090703945186486e-01,8.543586685723267848e+00
7.378337600533524210e+01,7.287205651199620826e-01,1.723090703945186486e-01,8.543586685723267848e+00
7.378337600533524210e+01,7.287205651199620826e-01,1.723090703945186486e-01,8.543586685723267848e+00
7.381698867589057045e+01,7.287924149353305348e-01,1.729326523921196068e-01,8.634526709619834151e+00
7.372207235594414954e+01,7.282174151550606656e-01,1.731219170086268633e-01,8.431216135947487089e+00
7.372207235594414954e+01,7.282174151550606656e-01,1.731219170086268633e-01,8.431216135947487089e+00
7.372207235594414954e+01,7.282174151550606656e-01,1.731219170086268633e-01,8.431216135947487089e+00
7.372207235594414954e+01,7.282174151550606656e-01,1.731219170086268633e-01,8.431216135947487089e+00
7.372207235594414954e+01,7.282174151550606656e-01,1.731219170086268633e-01,8.431216135947487089e+00
7.374122811984908310e+01,7.282353615675991598e-01,1.757597774601218354e-01,8.407288468800647507e+00
7.374122811984908310e+01,7.282353615675991598e-01,1.757597774601218354e-01,8.407288468800647507e+00
7.374122811984908310e+01,7.282353615675991598e-01,1.757597774601218354e-01,8.407288468800647507e+00
7.374122811984908310e+01,7.282353615675991598e-01,1.757597774601218354e-01,8.407288468800647507e+00
7.374122811984908310e+01,7.282353615675991598e-01,1.757597774601218354e-01,8.407288468800647507e+00
7.374122811984908310e+01,7.282353615675991598e-01,1.757597774601218354e-01,8.407288468800647507e+00
7.374122811984908310e+01,7.282353615675991598e-01,1.757597774601218354e-01,8.407288468800647507e+00
7.374122811984908310e+01,7.282353615675991598e-01,1.757597774601218354e-01,8.407288468800647507e+00
7.374122811984908310e+01,7.282353615675991598e-01,1.757597774601218354e-01,8.407288468800647507e+00
7.374122811984908310e+01,7.282353615675991598e-01,1.757597774601218354e-01,8.407288468800647507e+00
7.357173926432793110e+01,7.282029244390514355e-01,1.763242905483623502e-01,7.636100330668369018e+00
7.357173926432793110e+01,7.282029244390514355e-01,1.763242905483623502e-01,7.636100330668369018e+00
7.357173926432793110e+01,7.282029244390514355e-01,1.763242905483623502e-01,7.636100330668369018e+00
7.357173926432793110e+01,7.282029244390514355e-01,1.763242905483623502e-01,7.636100330668369018e+00
7.357449112748852826e+01,7.279821426150526742e-01,1.882428358102424815e-01,7.564348971874840011e+00
7.357449112748852826e+01,7.279821426150526742e-01,1.882428358102424815e-01,7.564348971874840011e+00
7.357449112748852826e+01,7.279821426150526742e-01,1.882428358102424815e-01,7.564348971874840011e+00
7.357449112748852826e+01,7.279821426150526742e-01,1.882428358102424815e-01,7.564348971874840011e+00
7.357449112748852826e+01,7.279821426150526742e-01,1.882428358102424815e-01,7.564348971874840011e+00
7.365046439803056444e+01,7.285898462767306238e-01,1.858787355489588400e-01,7.732029369895258242e+00
7.365046439803056444e+01,7.285898462767306238e-01,1.858787355489588400e-01,7.732029369895258242e+00
7.365046439803056444e+01,7.285898462767306238e-01,1.858787355489588400e-01,7.732029369895258242e+00
7.361985241471434449e+01,7.283076678505937540e-01,1.871526865943928530e-01,7.641748604444140724e+00
7.361985241471434449e+01,7.283076678505937540e-01,1.871526865943928530e-01,7.641748604444140724e+00
7.361985241471434449e+01,7.283076678505937540e-01,1.871526865943928530e-01,7.641748604444140724e+00
7.361985241471434449e+01,7.283076678505937540e-01,1.871526865943928530e-01,7.641748604444140724e+00
7.361985241471434449e+01,7.283076678505937540e-01,1.871526865943928530e-01,7.641748604444140724e+00
7.361985241471434449e+01,7.283076678505937540e-01,1.871526865943928530e-01,7.641748604444140724e+00
7.361985241471434449e+01,7.283076678505937540e-01,1.871526865943928530e-01,7.641748604444140724e+00
7.361985241471434449e+01,7.283076678505937540e-01,1.871526865943928530e-01,7.641748604444140724e+00
7.361985241471434449e+01,7.283076678505937540e-01,1.871526865943928530e-01,7.641748604444140724e+00
7.361985241471434449e+01,7.283076678505937540e-01,1.871526865943928530e-01,7.641748604444140724e+00
7.361985241471434449e+01,7.283076678505937540e-01,1.871526865943928530e-01,7.641748604444140724e+00
7.361985241471434449e+01,7.283076678505937540e-01,1.871526865943928530e-01,7.641748604444140724e+00
7.361985241471434449e+01,7.283076678505937540e-01,1.871526865943928530e-01,7.641748604444140724e+00
7.361985241471434449e+01,7.283076678505937540e-01,1.871526865943928530e-01,7.641748604444140724e+00
7.361985241471434449e+01,7.283076678505937540e-01,1.871526865943928530e-01,7.641748604444140724e+00
7.361500126958604540e+01,7.282408834787259533e-01,1.879438394605692786e-01,7.582721866528984833e+00
7.361500126958604540e+01,7.282408834787259533e-01,1.879438394605692786e-01,7.582721866528984833e+00
7.361500126958604540e+01,7.282408834787259533e-01,1.879438394605692786e-01,7.582721866528984833e+00
7.361500126958604540e+01,7.282408834787259533e-01,1.879438394605692786e-01,7.582721866528984833e+00
7.361500126958604540e+01,7.282408834787259533e-01,1.879438394605692786e-01,7.582721866528984833e+00
7.361500126958604540e+01,7.282408834787259533e-01,1.879438394605692786e-01,7.582721866528984833e+00
7.361056411105145969e+01,7.282668742883513513e-01,1.819220017587986904e-01,7.597142096727639071e+00
7.361056411105145969e+01,7.282668742883513513e-01,1.819220017587986904e-01,7.597142096727639071e+00
7.361056411105145969e+01,7.282668742883513513e-01,1.819220017587986904e-01,7.597142096727639071e+00
7.370174658018585490e+01,7.293323534675528741e-01,1.829802742520152681e-01,7.563374860624352714e+00
7.370174658018585490e+01,7.293323534675528741e-01,1.829802742520152681e-01,7.563374860624352714e+00
7.386383405301533855e+01,7.311131063402154240e-01,1.729235612255929921e-01,8.228281993528820948e+00
7.385060284355969884e+01,7.309773691970600229e-01,1.746708040827416319e-01,8.054403413825651725e+00
7.385060284355969884e+01,7.309773691970600229e-01,1.746708040827416319e-01,8.054403413825651725e+00
7.385060284355969884e+01,7.309773691970600229e-01,1.746708040827416319e-01,8.054403413825651725e+00
7.384180854847713249e+01,7.308778383143064161e-01,1.753103527823551555e-01,8.000693802568378032e+00
7.384180854847713249e+01,7.308778383143064161e-01,1.753103527823551555e-01,8.000693802568378032e+00
7.417057128568964686e+01,7.331660625476051907e-01,1.770419195527220546e-01,8.436180846771614839e+00
7.417057128568964686e+01,7.331660625476051907e-01,1.770419195527220546e-01,8.436180846771614839e+00
7.397465204916190373e+01,7.314168749939178316e-01,1.711469452120218948e-01,8.622675135159202142e+00
7.397465204916190373e+01,7.314168749939178316e-01,1.711469452120218948e-01,8.622675135159202142e+00
7.397465204916190373e+01,7.314168749939178316e-01,1.711469452120218948e-01,8.622675135159202142e+00
7.397465204916190373e+01,7.314168749939178316e-01,1.711469452120218948e-01,8.622675135159202142e+00
7.397465204916190373e+01,7.314168749939178316e-01,1.711469452120218948e-01,8.622675135159202142e+00
7.418946993100853149e+01,7.343338953954740012e-01,1.573101188083152746e-01,9.542102767331412494e+00
7.418946993100853149e+01,7.343338953954740012e-01,1.573101188083152746e-01,9.542102767331412494e+00
7.424462166239183603e+01,7.347520005254862818e-01,1.611163044869770578e-01,9.395258149099088740e+00
7.424462166239183603e+01,7.347520005254862818e-01,1.611163044869770578e-01,9.395258149099088740e+00
7.424462166239183603e+01,7.347520005254862818e-01,1.611163044869770578e-01,9.395258149099088740e+00
7.424462166239183603e+01,7.347520005254862818e-01,1.611163044869770578e-01,9.395258149099088740e+00
7.417729465275581902e+01,7.352149446541910160e-01,1.631517344176376394e-01,8.511223061869426232e+00
7.417729465275581902e+01,7.352149446541910160e-01,1.631517344176376394e-01,8.511223061869426232e+00
7.417729465275581902e+01,7.352149446541910160e-01,1.631517344176376394e-01,8.511223061869426232e+00
7.417729465275581902e+01,7.352149446541910160e-01,1.631517344176376394e-01,8.511223061869426232e+00
7.413077385842615286e+01,7.355348241307047008e-01,1.645581509165824075e-01,7.900383300894522343e+00
7.413077385842615286e+01,7.355348241307047008e-01,1.645581509165824075e-01,7.900383300894522343e+00
7.413077385842615286e+01,7.355348241307047008e-01,1.645581509165824075e-01,7.900383300894522343e+00
7.413077385842615286e+01,7.355348241307047008e-01,1.645581509165824075e-01,7.900383300894522343e+00
7.413514993231130745e+01,7.355658495379404638e-01,1.637259143419095286e-01,7.999820839353993129e+00
7.413514993231130745e+01,7.355658495379404638e-01,1.637259143419095286e-01,7.999820839353993129e+00
7.420929222849092355e+01,7.359041575737167440e-01,1.566814387119353502e-01,8.945721371065904037e+00
7.420929222849092355e+01,7.359041575737167440e-01,1.566814387119353502e-01,8.945721371065904037e+00
7.420929222849092355e+01,7.359041575737167440e-01,1.566814387119353502e-01,8.945721371065904037e+00
7.422476205388637993e+01,7.360591908976998887e-01,1.576485410480466531e-01,8.837604679430608456e+00
7.422476205388637993e+01,7.360591908976998887e-01,1.576485410480466531e-01,8.837604679430608456e+00
7.422476205388637993e+01,7.360591908976998887e-01,1.576485410480466531e-01,8.837604679430608456e+00
7.422476205388637993e+01,7.360591908976998887e-01,1.576485410480466531e-01,8.837604679430608456e+00
7.422476205388637993e+01,7.360591908976998887e-01,1.576485410480466531e-01,8.837604679430608456e+00
7.422476205388637993e+01,7.360591908976998887e-01,1.576485410480466531e-01,8.837604679430608456e+00
7.422476205388637993e+01,7.360591908976998887e-01,1.576485410480466531e-01,8.837604679430608456e+00
7.422476205388637993e+01,7.360591908976998887e-01,1.576485410480466531e-01,8.837604679430608456e+00
7.422476205388637993e+01,7.360591908976998887e-01,1.576485410480466531e-01,8.837604679430608456e+00
7.422476205388637993e+01,7.360591908976998887e-01,1.576485410480466531e-01,8.837604679430608456e+00
7.422476205388637993e+01,7.360591908976998887e-01,1.576485410480466531e-01,8.837604679430608456e+00
7.422476205388637993e+01,7.360591908976998887e-01,1.576485410480466531e-01,8.837604679430608456e+00
7.448997514191884761e+01,7.369929783832649406e-01,1.658524361708265116e-01,8.999178005954519222e+00
7.448997514191884761e+01,7.369929783832649406e-01,1.658524361708265116e-01,8.999178005954519222e+00
7.448997514191884761e+01,7.369929783832649406e-01,1.658524361708265116e-01,8.999178005954519222e+00
7.445007771703255628e+01,7.369111069785491130e-01,1.641272641382901243e-01,9.014060519853529740e+00
7.445007771703255628e+01,7.369111069785491130e-01,1.641272641382901243e-01,9.014060519853529740e+00
7.445007771703255628e+01,7.369111069785491130e-01,1.641272641382901243e-01,9.014060519853529740e+00
7.445007771703255628e+01,7.369111069785491130e-01,1.641272641382901243e-01,9.014060519853529740e+00
7.445007771703255628e+01,7.369111069785491130e-01,1.641272641382901243e-01,9.014060519853529740e+00
7.445007771703255628e+01,7.369111069785491130e-01,1.641272641382901243e-01,9.014060519853529740e+00
7.445007771703255628e+01,7.369111069785491130e-01,1.641272641382901243e-01,9.014060519853529740e+00
7.445007771703255628e+01,7.369111069785491130e-01,1.641272641382901243e-01,9.014060519853529740e+00
7.446693478938115618e+01,7.369067693167243860e-01,1.692669872238266038e-01,8.570009492726027744e+00
7.446693478938115618e+01,7.369067693167243860e-01,1.692669872238266038e-01,8.570009492726027744e+00
7.446693478938115618e+01,7.369067693167243860e-01,1.692669872238266038e-01,8.570009492726027744e+00
7.446693478938115618e+01,7.369067693167243860e-01,1.692669872238266038e-01,8.570009492726027744e+00
7.427634667291283677e+01,7.365845890434652432e-01,1.604012305962488338e-01,8.331068207043392349e+00
7.427634667291283677e+01,7.365845890434652432e-01,1.604012305962488338e-01,8.331068207043392349e+00
7.427634667291283677e+01,7.365845890434652432e-01,1.604012305962488338e-01,8.331068207043392349e+00
7.427634667291283677e+01,7.365845890434652432e-01,1.604012305962488338e-01,8.331068207043392349e+00
7.427366648370816904e+01,7.365799642409684989e-01,1.579496982790232207e-01,8.588537575501948851e+00
7.427366648370816904e+01,7.365799642409684989e-01,1.579496982790232207e-01,8.588537575501948851e+00
7.428300632765740374e+01,7.365845650818845236e-01,1.569288068659224489e-01,8.749232971602099340e+00
7.428300632765740374e+01,7.365845650818845236e-01,1.569288068659224489e-01,8.749232971602099340e+00
7.428300632765740374e+01,7.365845650818845236e-01,1.569288068659224489e-01,8.749232971602099340e+00
7.428982284473130449e+01,7.366444375594080052e-01,1.554216651080622680e-01,8.885054011976993849e+00
7.425003105935039116e+01,7.364453726355320029e-01,1.641536957889729864e-01,8.046648795668881249e+00
7.425003105935039116e+01,7.364453726355320029e-01,1.641536957889729864e-01,8.046648795668881249e+00
7.425003105935039116e+01,7.364453726355320029e-01,1.641536957889729864e-01,8.046648795668881249e+00
7.425003105935039116e+01,7.364453726355320029e-01,1.641536957889729864e-01,8.046648795668881249e+00
7.434291697871553595e+01,7.365919792062793903e-01,1.497216861692999834e-01,9.656872873279473524e+00
7.434291697871553595e+01,7.365919792062793903e-01,1.497216861692999834e-01,9.656872873279473524e+00
7.434291697871553595e+01,7.365919792062793903e-01,1.497216861692999834e-01,9.656872873279473524e+00
7.434291697871553595e+01,7.365919792062793903e-01,1.497216861692999834e-01,9.656872873279473524e+00
7.438785504088667722e+01,7.366394084009978416e-01,1.490688370734929158e-01,9.750234669879008109e+00
7.438785504088667722e+01,7.366394084009978416e-01,1.490688370734929158e-01,9.750234669879008109e+00
7.438785504088667722e+01,7.366394084009978416e-01,1.490688370734929158e-01,9.750234669879008109e+00
7.421627110522365456e+01,7.357851332423621660e-01,1.403990739559752565e-01,9.864633434821159952e+00
7.421053245542569243e+01,7.359217197158699486e-01,1.381768284967191673e-01,1.006986146045457531e+01
7.434603901932446490e+01,7.365868655997055425e-01,1.353404865758970899e-01,1.086116444171757323e+01
7.434603901932446490e+01,7.365868655997055425e-01,1.353404865758970899e-01,1.086116444171757323e+01
7.434603901932446490e+01,7.365868655997055425e-01,1.353404865758970899e-01,1.086116444171757323e+01
7.408178658696633079e+01,7.361962390929825961e-01,1.335510681544438694e-01,9.837585378790031143e+00
7.408178658696633079e+01,7.361962390929825961e-01,1.335510681544438694e-01,9.837585378790031143e+00
7.408275270332671880e+01,7.362099891431245213e-01,1.329691452314522015e-01,9.841956806492039078e+00
7.408275270332671880e+01,7.362099891431245213e-01,1.329691452314522015e-01,9.841956806492039078e+00
7.408275270332671880e+01,7.362099891431245213e-01,1.329691452314522015e-01,9.841956806492039078e+00
7.408275270332671880e+01,7.362099891431245213e-01,1.329691452314522015e-01,9.841956806492039078e+00
7.407648041222861934e+01,7.361730121143074124e-01,1.335135993624754769e-01,9.769698049925523264e+00
7.407648041222861934e+01,7.361730121143074124e-01,1.335135993624754769e-01,9.769698049925523264e+00
7.407648041222861934e+01,7.361730121143074124e-01,1.335135993624754769e-01,9.769698049925523264e+00
7.407648041222861934e+01,7.361730121143074124e-01,1.335135993624754769e-01,9.769698049925523264e+00
7.403342635368217373e+01,7.357392726247505843e-01,1.381596903555734612e-01,9.083641261650717169e+00
7.403342635368217373e+01,7.357392726247505843e-01,1.381596903555734612e-01,9.083641261650717169e+00
7.404501157460668992e+01,7.359708168075264068e-01,1.306387858538965996e-01,9.121757867654249452e+00
7.408225397721939487e+01,7.359374039776248599e-01,1.389712497350606424e-01,9.013844305665742240e+00
7.408225397721939487e+01,7.359374039776248599e-01,1.389712497350606424e-01,9.013844305665742240e+00
7.413566663064418094e+01,7.364453402954511674e-01,1.352782387051664759e-01,9.593971358697892526e+00
7.413566663064418094e+01,7.364453402954511674e-01,1.352782387051664759e-01,9.593971358697892526e+00
7.413566663064418094e+01,7.364453402954511674e-01,1.352782387051664759e-01,9.593971358697892526e+00
7.414699820735557978e+01,7.365709295842637339e-01,1.370010205166872774e-01,9.450138217359510762e+00
7.414699820735557978e+01,7.365709295842637339e-01,1.370010205166872774e-01,9.450138217359510762e+00
7.414699820735557978e+01,7.365709295842637339e-01,1.370010205166872774e-01,9.450138217359510762e+00
7.414699820735557978e+01,7.365709295842637339e-01,1.370010205166872774e-01,9.450138217359510762e+00
7.430311285965792933e+01,7.339367230737338099e-01,1.732451300500973401e-01,8.216407280431283766e+00
7.430311285965792933e+01,7.339367230737338099e-01,1.732451300500973401e-01,8.216407280431283766e+00
7.430311285965792933e+01,7.339367230737338099e-01,1.732451300500973401e-01,8.216407280431283766e+00
7.430311285965792933e+01,7.339367230737338099e-01,1.732451300500973401e-01,8.216407280431283766e+00
7.430311285965792933e+01,7.339367230737338099e-01,1.732451300500973401e-01,8.216407280431283766e+00
7.420823834627863391e+01,7.330086533708604080e-01,1.937786077432807341e-01,7.957789625958286095e+00
7.420823834627863391e+01,7.330086533708604080e-01,1.937786077432807341e-01,7.957789625958286095e+00
7.420823834627863391e+01,7.330086533708604080e-01,1.937786077432807341e-01,7.957789625958286095e+00
7.420823834627863391e+01,7.330086533708604080e-01,1.937786077432807341e-01,7.957789625958286095e+00
7.410329128029277967e+01,7.328286820829092996e-01,1.996154447563076584e-01,7.210413242248558952e+00
7.410329128029277967e+01,7.328286820829092996e-01,1.996154447563076584e-01,7.210413242248558952e+00
7.408504475132276923e+01,7.298630069617098037e-01,3.093655316700907321e-01,7.200966094901906978e+00
7.396132503787723067e+01,7.304850130416218335e-01,3.288490861072222993e-01,6.758845530874602048e+00
7.396132503787723067e+01,7.304850130416218335e-01,3.288490861072222993e-01,6.758845530874602048e+00
7.396132503787723067e+01,7.304850130416218335e-01,3.288490861072222993e-01,6.758845530874602048e+00
7.396132503787723067e+01,7.304850130416218335e-01,3.288490861072222993e-01,6.758845530874602048e+00
7.396132503787723067e+01,7.304850130416218335e-01,3.288490861072222993e-01,6.758845530874602048e+00
7.388634426058386850e+01,7.309360674889187059e-01,3.240354507796702199e-01,6.575820495737236371e+00
7.388634426058386850e+01,7.309360674889187059e-01,3.240354507796702199e-01,6.575820495737236371e+00
7.388634426058386850e+01,7.309360674889187059e-01,3.240354507796702199e-01,6.575820495737236371e+00
7.388634426058386850e+01,7.309360674889187059e-01,3.240354507796702199e-01,6.575820495737236371e+00
7.390469948322537164e+01,7.312964897236468031e-01,3.076867459751277956e-01,6.571672570106111166e+00
7.384520684047247130e+01,7.308822538111672262e-01,3.327519465994130954e-01,5.956503096651664109e+00
7.384520684047247130e+01,7.308822538111672262e-01,3.327519465994130954e-01,5.956503096651664109e+00
7.370164226870598156e+01,7.278889726541951655e-01,3.609988410553800486e-01,6.203502699421044042e+00
7.370164226870598156e+01,7.278889726541951655e-01,3.609988410553800486e-01,6.203502699421044042e+00
7.373314915256494828e+01,7.275956880137227634e-01,3.732796210516811097e-01,6.303531661876936809e+00
7.373314915256494828e+01,7.275956880137227634e-01,3.732796210516811097e-01,6.303531661876936809e+00
7.373314915256494828e+01,7.275956880137227634e-01,3.732796210516811097e-01,6.303531661876936809e+00
7.368960492181433608e+01,7.268633531903552214e-01,4.363108531230615039e-01,6.415165473875252822e+00
7.363222890988016900e+01,7.264632143509250906e-01,4.545951253985956453e-01,6.383705278507502356e+00
7.363222890988016900e+01,7.264632143509250906e-01,4.545951253985956453e-01,6.383705278507502356e+00
7.363222890988016900e+01,7.264632143509250906e-01,4.545951253985956453e-01,6.383705278507502356e+00
7.363222890988016900e+01,7.264632143509250906e-01,4.545951253985956453e-01,6.383705278507502356e+00
7.363222890988016900e+01,7.264632143509250906e-01,4.545951253985956453e-01,6.383705278507502356e+00
7.363222890988016900e+01,7.264632143509250906e-01,4.545951253985956453e-01,6.383705278507502356e+00
7.363222890988016900e+01,7.264632143509250906e-01,4.545951253985956453e-01,6.383705278507502356e+00
7.364404208514785921e+01,7.275550561458423715e-01,5.165294045911432708e-01,6.290035359498924450e+00
7.364404208514785921e+01,7.275550561458423715e-01,5.165294045911432708e-01,6.290035359498924450e+00
7.361400822205000338e+01,7.272258104351160268e-01,5.181581575897025171e-01,6.300964619465895922e+00
7.361400822205000338e+01,7.272258104351160268e-01,5.181581575897025171e-01,6.300964619465895922e+00
7.385922179739745275e+01,7.299920982226962840e-01,4.385239793588585622e-01,6.306967494567671473e+00
7.385922179739745275e+01,7.299920982226962840e-01,4.385239793588585622e-01,6.306967494567671473e+00
7.388230423256563029e+01,7.309108036580781453e-01,4.355383054986267655e-01,6.202053467625566974e+00
7.388230423256563029e+01,7.309108036580781453e-01,4.355383054986267655e-01,6.202053467625566974e+00
7.388230423256563029e+01,7.309108036580781453e-01,4.355383054986267655e-01,6.202053467625566974e+00
7.388230423256563029e+01,7.309108036580781453e-01,4.355383054986267655e-01,6.202053467625566974e+00
7.395558850272406914e+01,7.293104619119071819e-01,4.621913732766622096e-01,6.530260022081473714e+00
7.388261834870887412e+01,7.285657254890632872e-01,4.836455668510417083e-01,6.550043275962309508e+00
7.388261834870887412e+01,7.285657254890632872e-01,4.836455668510417083e-01,6.550043275962309508e+00
7.388261834870887412e+01,7.285657254890632872e-01,4.836455668510417083e-01,6.550043275962309508e+00
7.388261834870887412e+01,7.285657254890632872e-01,4.836455668510417083e-01,6.550043275962309508e+00
7.388261834870887412e+01,7.285657254890632872e-01,4.836455668510417083e-01,6.550043275962309508e+00
7.388261834870887412e+01,7.285657254890632872e-01,4.836455668510417083e-01,6.550043275962309508e+00
7.386723413918683434e+01,7.283984805031009646e-01,4.867594632859110204e-01,6.546909693105754435e+00
7.386723413918683434e+01,7.283984805031009646e-01,4.867594632859110204e-01,6.546909693105754435e+00
7.394442270530903727e+01,7.291836033860576993e-01,4.739838742801796845e-01,6.542105574806163837e+00
7.394442270530903727e+01,7.291836033860576993e-01,4.739838742801796845e-01,6.542105574806163837e+00
7.393628138350067047e+01,7.290349952255631427e-01,4.790795812038938228e-01,6.531805991647460452e+00
7.393628138350067047e+01,7.290349952255631427e-01,4.790795812038938228e-01,6.531805991647460452e+00
7.393628138350067047e+01,7.290349952255631427e-01,4.790795812038938228e-01,6.531805991647460452e+00
7.393628138350067047e+01,7.290349952255631427e-01,4.790795812038938228e-01,6.531805991647460452e+00
7.393628138350067047e+01,7.290349952255631427e-01,4.790795812038938228e-01,6.531805991647460452e+00
7.393628138350067047e+01,7.290349952255631427e-01,4.790795812038938228e-01,6.531805991647460452e+00
7.359937340406641226e+01,7.260953747524885316e-01,5.150663309207736962e-01,6.473479413655165438e+00
7.359937340406641226e+01,7.260953747524885316e-01,5.150663309207736962e-01,6.473479413655165438e+00
7.370127603028453223e+01,7.272481197131314135e-01,4.868106305847083037e-01,6.418863232982107370e+00
7.367673065714215852e+01,7.270282411591971750e-01,4.910280964045268259e-01,6.417080577456376389e+00
7.367673065714215852e+01,7.270282411591971750e-01,4.910280964045268259e-01,6.417080577456376389e+00
7.367673065714215852e+01,7.270282411591971750e-01,4.910280964045268259e-01,6.417080577456376389e+00
7.367673065714215852e+01,7.270282411591971750e-01,4.910280964045268259e-01,6.417080577456376389e+00
7.367673065714215852e+01,7.270282411591971750e-01,4.910280964045268259e-01,6.417080577456376389e+00
7.376727153325842323e+01,7.280670209262523063e-01,4.652705011125103374e-01,6.364789532734530297e+00
7.373235962159849066e+01,7.279269904272732683e-01,4.757671294479453028e-01,6.340200106320400764e+00
7.373235962159849066e+01,7.279269904272732683e-01,4.757671294479453028e-01,6.340200106320400764e+00
7.373758793612863371e+01,7.278489354672241785e-01,4.958362368139228593e-01,6.435533523932011057e+00
7.373758793612863371e+01,7.278489354672241785e-01,4.958362368139228593e-01,6.435533523932011057e+00
7.373758793612863371e+01,7.278489354672241785e-01,4.958362368139228593e-01,6.435533523932011057e+00
7.373758793612863371e+01,7.278489354672241785e-01,4.958362368139228593e-01,6.435533523932011057e+00
7.373758793612863371e+01,7.278489354672241785e-01,4.958362368139228593e-01,6.435533523932011057e+00
7.373758793612863371e+01,7.278489354672241785e-01,4.958362368139228593e-01,6.435533523932011057e+00
7.373758793612863371e+01,7.278489354672241785e-01,4.958362368139228593e-01,6.435533523932011057e+00
7.373758793612863371e+01,7.278489354672241785e-01,4.958362368139228593e-01,6.435533523932011057e+00
7.373758793612863371e+01,7.278489354672241785e-01,4.958362368139228593e-01,6.435533523932011057e+00
7.373758793612863371e+01,7.278489354672241785e-01,4.958362368139228593e-01,6.435533523932011057e+00
7.374066320161857391e+01,7.279049341205025003e-01,4.951651284551753518e-01,6.432975659034825711e+00
7.374066320161857391e+01,7.279049341205025003e-01,4.951651284551753518e-01,6.432975659034825711e+00
7.374066320161857391e+01,7.279049341205025003e-01,4.951651284551753518e-01,6.432975659034825711e+00
7.374066320161857391e+01,7.279049341205025003e-01,4.951651284551753518e-01,6.432975659034825711e+00
7.374066320161857391e+01,7.279049341205025003e-01,4.951651284551753518e-01,6.432975659034825711e+00
7.374066320161857391e+01,7.279049341205025003e-01,4.951651284551753518e-01,6.432975659034825711e+00
7.374066320161857391e+01,7.279049341205025003e-01,4.951651284551753518e-01,6.432975659034825711e+00
7.374066320161857391e+01,7.279049341205025003e-01,4.951651284551753518e-01,6.432975659034825711e+00
7.374066320161857391e+01,7.279049341205025003e-01,4.951651284551753518e-01,6.432975659034825711e+00
7.375676252200972272e+01,7.280771226804865215e-01,4.917362690233569311e-01,6.430138038705949910e+00
7.375676252200972272e+01,7.280771226804865215e-01,4.917362690233569311e-01,6.430138038705949910e+00
7.375676252200972272e+01,7.280771226804865215e-01,4.917362690233569311e-01,6.430138038705949910e+00
7.361054141622133784e+01,7.268530542754050305e-01,5.100427723887368536e-01,6.400084836526868770e+00
7.361054141622133784e+01,7.268530542754050305e-01,5.100427723887368536e-01,6.400084836526868770e+00
7.361054141622133784e+01,7.268530542754050305e-01,5.100427723887368536e-01,6.400084836526868770e+00
7.361054141622133784e+01,7.268530542754050305e-01,5.100427723887368536e-01,6.400084836526868770e+00
7.361054141622133784e+01,7.268530542754050305e-01,5.100427723887368536e-01,6.400084836526868770e+00
7.361054141622133784e+01,7.268530542754050305e-01,5.100427723887368536e-01,6.400084836526868770e+00
7.361054141622133784e+01,7.268530542754050305e-01,5.100427723887368536e-01,6.400084836526868770e+00
7.361054141622133784e+01,7.268530542754050305e-01,5.100427723887368536e-01,6.400084836526868770e+00
7.361054141622133784e+01,7.268530542754050305e-01,5.100427723887368536e-01,6.400084836526868770e+00
7.361054141622133784e+01,7.268530542754050305e-01,5.100427723887368536e-01,6.400084836526868770e+00
7.364130242825386574e+01,7.277526220069060470e-01,4.999385193343630074e-01,6.338333571865422122e+00
7.364130242825386574e+01,7.277526220069060470e-01,4.999385193343630074e-01,6.338333571865422122e+00
7.364130242825386574e+01,7.277526220069060470e-01,4.999385193343630074e-01,6.338333571865422122e+00
7.364130242825386574e+01,7.277526220069060470e-01,4.999385193343630074e-01,6.338333571865422122e+00
7.364130242825386574e+01,7.277526220069060470e-01,4.999385193343630074e-01,6.338333571865422122e+00
7.364130242825386574e+01,7.277526220069060470e-01,4.999385193343630074e-01,6.338333571865422122e+00
7.377042706019051366e+01,7.287816512792949508e-01,5.363960471356710169e-01,6.457133226357839817e+00
7.377042706019051366e+01,7.287816512792949508e-01,5.363960471356710169e-01,6.457133226357839817e+00
7.377042706019051366e+01,7.287816512792949508e-01,5.363960471356710169e-01,6.457133226357839817e+00
7.377042706019051366e+01,7.287816512792949508e-01,5.363960471356710169e-01,6.457133226357839817e+00
7.377042706019051366e+01,7.287816512792949508e-01,5.363960471356710169e-01,6.457133226357839817e+00
7.377042706019051366e+01,7.287816512792949508e-01,5.363960471356710169e-01,6.457133226357839817e+00
7.370787288234043899e+01,7.293411326176425513e-01,5.418274394437008201e-01,6.341743835001352636e+00
7.354906490302043665e+01,7.260723411366823976e-01,5.370214110720223921e-01,6.461588843868152132e+00
7.355561646389510599e+01,7.262379904312742385e-01,5.368147349669508683e-01,6.449161462668996592e+00
7.355561646389510599e+01,7.262379904312742385e-01,5.368147349669508683e-01,6.449161462668996592e+00
7.355561646389510599e+01,7.262379904312742385e-01,5.368147349669508683e-01,6.449161462668996592e+00
7.356751407245353391e+01,7.264646563126339052e-01,5.374144505896469859e-01,6.444611627610347782e+00
7.356751407245353391e+01,7.264646563126339052e-01,5.374144505896469859e-01,6.444611627610347782e+00
7.364721107581024739e+01,7.270410112198474328e-01,5.139469386468394907e-01,6.471639433921998474e+00
7.364721107581024739e+01,7.270410112198474328e-01,5.139469386468394907e-01,6.471639433921998474e+00
7.364721107581024739e+01,7.270410112198474328e-01,5.139469386468394907e-01,6.471639433921998474e+00
7.364721107581024739e+01,7.270410112198474328e-01,5.139469386468394907e-01,6.471639433921998474e+00
7.364721107581024739e+01,7.270410112198474328e-01,5.139469386468394907e-01,6.471639433921998474e+00
7.364721107581024739e+01,7.270410112198474328e-01,5.139469386468394907e-01,6.471639433921998474e+00
7.364721107581024739e+01,7.270410112198474328e-01,5.139469386468394907e-01,6.471639433921998474e+00
7.364721107581024739e+01,7.270410112198474328e-01,5.139469386468394907e-01,6.471639433921998474e+00
7.364721107581024739e+01,7.270410112198474328e-01,5.139469386468394907e-01,6.471639433921998474e+00
7.364721107581024739e+01,7.270410112198474328e-01,5.139469386468394907e-01,6.471639433921998474e+00
7.364721107581024739e+01,7.270410112198474328e-01,5.139469386468394907e-01,6.471639433921998474e+00
7.364721107581024739e+01,7.270410112198474328e-01,5.139469386468394907e-01,6.471639433921998474e+00
7.368078334465570833e+01,7.280264795968585112e-01,5.005822195904253702e-01,6.417371078708087317e+00
7.368078334465570833e+01,7.280264795968585112e-01,5.005822195904253702e-01,6.417371078708087317e+00
7.368078334465570833e+01,7.280264795968585112e-01,5.005822195904253702e-01,6.417371078708087317e+00
7.368078334465570833e+01,7.280264795968585112e-01,5.005822195904253702e-01,6.417371078708087317e+00
7.368078334465570833e+01,7.280264795968585112e-01,5.005822195904253702e-01,6.417371078708087317e+00
7.368078334465570833e+01,7.280264795968585112e-01,5.005822195904253702e-01,6.417371078708087317e+00
7.368078334465570833e+01,7.280264795968585112e-01,5.005822195904253702e-01,6.417371078708087317e+00
7.368078334465570833e+01,7.280264795968585112e-01,5.005822195904253702e-01,6.417371078708087317e+00
7.368078334465570833e+01,7.280264795968585112e-01,5.005822195904253702e-01,6.417371078708087317e+00
7.368078334465570833e+01,7.280264795968585112e-01,5.005822195904253702e-01,6.417371078708087317e+00
7.368078334465570833e+01,7.280264795968585112e-01,5.005822195904253702e-01,6.417371078708087317e+00
7.368078334465570833e+01,7.280264795968585112e-01,5.005822195904253702e-01,6.417371078708087317e+00
7.368078334465570833e+01,7.280264795968585112e-01,5.005822195904253702e-01,6.417371078708087317e+00
7.368078334465570833e+01,7.280264795968585112e-01,5.005822195904253702e-01,6.417371078708087317e+00
7.367354203170283711e+01,7.280286853713504591e-01,5.045096987996398052e-01,6.415902108198406673e+00
7.367354203170283711e+01,7.280286853713504591e-01,5.045096987996398052e-01,6.415902108198406673e+00
7.367354203170283711e+01,7.280286853713504591e-01,5.045096987996398052e-01,6.415902108198406673e+00
7.367354203170283711e+01,7.280286853713504591e-01,5.045096987996398052e-01,6.415902108198406673e+00
7.367354203170283711e+01,7.280286853713504591e-01,5.045096987996398052e-01,6.415902108198406673e+00
7.367354203170283711e+01,7.280286853713504591e-01,5.045096987996398052e-01,6.415902108198406673e+00
7.367354203170283711e+01,7.280286853713504591e-01,5.045096987996398052e-01,6.415902108198406673e+00
7.370833687377495380e+01,7.273357736269183693e-01,5.431369180087159965e-01,6.575802679031816922e+00
7.369067306911152571e+01,7.276875343182667155e-01,5.235275847234462931e-01,6.494628220963645227e+00
7.373029372219222921e+01,7.280815169147131227e-01,5.259597905969515264e-01,6.521172210622212972e+00
7.393735303254001678e+01,7.283920277827031775e-01,5.410832523480362255e-01,6.774845158968403780e+00
7.393728805601432441e+01,7.283901292715726505e-01,5.411559713255570392e-01,6.773917054495218970e+00
7.392974789052728113e+01,7.286554800628314288e-01,5.566361296952988535e-01,6.748253046504693486e+00
7.392974789052728113e+01,7.286554800628314288e-01,5.566361296952988535e-01,6.748253046504693486e+00
7.392974789052728113e+01,7.286554800628314288e-01,5.566361296952988535e-01,6.748253046504693486e+00
7.392974789052728113e+01,7.286554800628314288e-01,5.566361296952988535e-01,6.748253046504693486e+00
7.392974789052728113e+01,7.286554800628314288e-01,5.566361296952988535e-01,6.748253046504693486e+00
7.392974789052728113e+01,7.286554800628314288e-01,5.566361296952988535e-01,6.748253046504693486e+00
7.392974789052728113e+01,7.286554800628314288e-01,5.566361296952988535e-01,6.748253046504693486e+00
7.392974789052728113e+01,7.286554800628314288e-01,5.566361296952988535e-01,6.748253046504693486e+00
7.392974789052728113e+01,7.286554800628314288e-01,5.566361296952988535e-01,6.748253046504693486e+00
7.392974789052728113e+01,7.286554800628314288e-01,5.566361296952988535e-01,6.748253046504693486e+00
7.392974789052728113e+01,7.286554800628314288e-01,5.566361296952988535e-01,6.748253046504693486e+00
7.477417966454785869e+01,7.319289929965481223e-01,1.794921798831231319e-01,1.023211277753785886e+01
7.477417966454785869e+01,7.319289929965481223e-01,1.794921798831231319e-01,1.023211277753785886e+01
7.477417966454785869e+01,7.319289929965481223e-01,1.794921798831231319e-01,1.023211277753785886e+01
7.477417966454785869e+01,7.319289929965481223e-01,1.794921798831231319e-01,1.023211277753785886e+01
7.477417966454785869e+01,7.319289929965481223e-01,1.794921798831231319e-01,1.023211277753785886e+01
7.477417966454785869e+01,7.319289929965481223e-01,1.794921798831231319e-01,1.023211277753785886e+01
7.477417966454785869e+01,7.319289929965481223e-01,1.794921798831231319e-01,1.023211277753785886e+01
7.477417966454785869e+01,7.319289929965481223e-01,1.794921798831231319e-01,1.023211277753785886e+01
7.477417966454785869e+01,7.319289929965481223e-01,1.794921798831231319e-01,1.023211277753785886e+01
7.477417966454785869e+01,7.319289929965481223e-01,1.794921798831231319e-01,1.023211277753785886e+01
7.477417966454785869e+01,7.319289929965481223e-01,1.794921798831231319e-01,1.023211277753785886e+01
7.477417966454785869e+01,7.319289929965481223e-01,1.794921798831231319e-01,1.023211277753785886e+01
7.452420296810231548e+01,7.348522456148524062e-01,1.431720996670150237e-01,1.226627661558433857e+01
7.452420296810231548e+01,7.348522456148524062e-01,1.431720996670150237e-01,1.226627661558433857e+01
7.452420296810231548e+01,7.348522456148524062e-01,1.431720996670150237e-01,1.226627661558433857e+01
7.452420296810231548e+01,7.348522456148524062e-01,1.431720996670150237e-01,1.226627661558433857e+01
7.467828793536703813e+01,7.349779483867941998e-01,1.526006715616426979e-01,1.186496982123952826e+01
7.467828793536703813e+01,7.349779483867941998e-01,1.526006715616426979e-01,1.186496982123952826e+01
7.461063599812501934e+01,7.354219919584512599e-01,1.508033657151144347e-01,1.134519385574655637e+01
7.461063599812501934e+01,7.354219919584512599e-01,1.508033657151144347e-01,1.134519385574655637e+01
7.465825277354448986e+01,7.357390733298856400e-01,1.522632332477820982e-01,1.129782914496617430e+01
7.467161747040664466e+01,7.390382718666301809e-01,1.581205935207458113e-01,8.926879744534609529e+00
7.467161747040664466e+01,7.390382718666301809e-01,1.581205935207458113e-01,8.926879744534609529e+00
7.464570073470534339e+01,7.386426641887099409e-01,1.668455744040017175e-01,8.860615829493928786e+00
7.464570073470534339e+01,7.386426641887099409e-01,1.668455744040017175e-01,8.860615829493928786e+00
7.464570073470534339e+01,7.386426641887099409e-01,1.668455744040017175e-01,8.860615829493928786e+00
7.464570073470534339e+01,7.386426641887099409e-01,1.668455744040017175e-01,8.860615829493928786e+00
7.464570073470534339e+01,7.386426641887099409e-01,1.668455744040017175e-01,8.860615829493928786e+00
7.464570073470534339e+01,7.386426641887099409e-01,1.668455744040017175e-01,8.860615829493928786e+00
7.464570073470534339e+01,7.386426641887099409e-01,1.668455744040017175e-01,8.860615829493928786e+00
7.470074535786670822e+01,7.394888052744408302e-01,1.719317919795735894e-01,8.371285411090386930e+00
7.470074535786670822e+01,7.394888052744408302e-01,1.719317919795735894e-01,8.371285411090386930e+00
7.470074535786670822e+01,7.394888052744408302e-01,1.719317919795735894e-01,8.371285411090386930e+00
7.470074535786670822e+01,7.394888052744408302e-01,1.719317919795735894e-01,8.371285411090386930e+00
7.470074535786670822e+01,7.394888052744408302e-01,1.719317919795735894e-01,8.371285411090386930e+00
7.470074535786670822e+01,7.394888052744408302e-01,1.719317919795735894e-01,8.371285411090386930e+00
7.463701701855504211e+01,7.379703874247299789e-01,1.720664743342858738e-01,8.636834387030193128e+00
7.463701701855504211e+01,7.379703874247299789e-01,1.720664743342858738e-01,8.636834387030193128e+00
7.463701701855504211e+01,7.379703874247299789e-01,1.720664743342858738e-01,8.636834387030193128e+00
7.463701701855504211e+01,7.379703874247299789e-01,1.720664743342858738e-01,8.636834387030193128e+00
7.463701701855504211e+01,7.379703874247299789e-01,1.720664743342858738e-01,8.636834387030193128e+00
7.463701701855504211e+01,7.379703874247299789e-01,1.720664743342858738e-01,8.636834387030193128e+00
7.463701701855504211e+01,7.379703874247299789e-01,1.720664743342858738e-01,8.636834387030193128e+00
7.463701701855504211e+01,7.379703874247299789e-01,1.720664743342858738e-01,8.636834387030193128e+00
7.458708275188919856e+01,7.387965712079086478e-01,1.473034858252386392e-01,1.014441834844844337e+01
7.458708275188919856e+01,7.387965712079086478e-01,1.473034858252386392e-01,1.014441834844844337e+01
7.459390790295263685e+01,7.385118563674964998e-01,1.483865185868781245e-01,1.019764784738848462e+01
7.459390790295263685e+01,7.385118563674964998e-01,1.483865185868781245e-01,1.019764784738848462e+01
7.459390790295263685e+01,7.385118563674964998e-01,1.483865185868781245e-01,1.019764784738848462e+01
7.471144582635743348e+01,7.388645302616444477e-01,1.584621560807645269e-01,9.377245578118152736e+00
7.465797964496037764e+01,7.386817614707076318e-01,1.527869074895642498e-01,9.863659231799069005e+00
7.465797964496037764e+01,7.386817614707076318e-01,1.527869074895642498e-01,9.863659231799069005e+00
7.465797964496037764e+01,7.386817614707076318e-01,1.527869074895642498e-01,9.863659231799069005e+00
7.465797964496037764e+01,7.386817614707076318e-01,1.527869074895642498e-01,9.863659231799069005e+00
7.465797964496037764e+01,7.386817614707076318e-01,1.527869074895642498e-01,9.863659231799069005e+00
7.465797964496037764e+01,7.386817614707076318e-01,1.527869074895642498e-01,9.863659231799069005e+00
7.465797964496037764e+01,7.386817614707076318e-01,1.527869074895642498e-01,9.863659231799069005e+00
7.477648428540908299e+01,7.418005927664529375e-01,1.400659818496351183e-01,1.003280328222017026e+01
7.477648428540908299e+01,7.418005927664529375e-01,1.400659818496351183e-01,1.003280328222017026e+01
7.477648428540908299e+01,7.418005927664529375e-01,1.400659818496351183e-01,1.003280328222017026e+01
7.477648428540908299e+01,7.418005927664529375e-01,1.400659818496351183e-01,1.003280328222017026e+01
7.477648428540908299e+01,7.418005927664529375e-01,1.400659818496351183e-01,1.003280328222017026e+01
7.477648428540908299e+01,7.418005927664529375e-01,1.400659818496351183e-01,1.003280328222017026e+01
7.477648428540908299e+01,7.418005927664529375e-01,1.400659818496351183e-01,1.003280328222017026e+01
7.477648428540908299e+01,7.418005927664529375e-01,1.400659818496351183e-01,1.003280328222017026e+01
7.477648428540908299e+01,7.418005927664529375e-01,1.400659818496351183e-01,1.003280328222017026e+01
7.470645296076753539e+01,7.412246172279720602e-01,1.365287621479810976e-01,1.044182870571013844e+01
7.470645296076753539e+01,7.412246172279720602e-01,1.365287621479810976e-01,1.044182870571013844e+01
7.470224836318111272e+01,7.411856494400136386e-01,1.367237821668555731e-01,1.042567896329302712e+01
7.470224836318111272e+01,7.411856494400136386e-01,1.367237821668555731e-01,1.042567896329302712e+01
7.470224836318111272e+01,7.411856494400136386e-01,1.367237821668555731e-01,1.042567896329302712e+01
7.470224836318111272e+01,7.411856494400136386e-01,1.367237821668555731e-01,1.042567896329302712e+01
7.470224836318111272e+01,7.411856494400136386e-01,1.367237821668555731e-01,1.042567896329302712e+01
7.467707340218449019e+01,7.409446013088731853e-01,1.360828769778362202e-01,1.049260754012376751e+01
7.467707340218449019e+01,7.409446013088731853e-01,1.360828769778362202e-01,1.049260754012376751e+01
7.467707340218449019e+01,7.409446013088731853e-01,1.360828769778362202e-01,1.049260754012376751e+01
7.467707340218449019e+01,7.409446013088731853e-01,1.360828769778362202e-01,1.049260754012376751e+01
7.461003761129038026e+01,7.391197567469881546e-01,1.337318261293454491e-01,1.143389211234768865e+01
7.491716080216728813e+01,7.419915207472025376e-01,1.479698982234664006e-01,9.615123320946214136e+00
7.491716080216728813e+01,7.419915207472025376e-01,1.479698982234664006e-01,9.615123320946214136e+00
7.453015204917340952e+01,7.400029839206790916e-01,1.274330246425829649e-01,1.084123701141338358e+01
7.453015204917340952e+01,7.400029839206790916e-01,1.274330246425829649e-01,1.084123701141338358e+01
7.453015204917340952e+01,7.400029839206790916e-01,1.274330246425829649e-01,1.084123701141338358e+01
7.453015204917340952e+01,7.400029839206790916e-01,1.274330246425829649e-01,1.084123701141338358e+01
7.440942323922020307e+01,7.377827474564228050e-01,1.416750895127054932e-01,1.022984391510439828e+01
7.440942323922020307e+01,7.377827474564228050e-01,1.416750895127054932e-01,1.022984391510439828e+01
7.442402129293824942e+01,7.378675057002364035e-01,1.405908931863009137e-01,1.036241871659081504e+01
7.442402129293824942e+01,7.378675057002364035e-01,1.405908931863009137e-01,1.036241871659081504e+01
7.442402129293824942e+01,7.378675057002364035e-01,1.405908931863009137e-01,1.036241871659081504e+01
7.440143048662920933e+01,7.379227683561372375e-01,1.373771969243366975e-01,1.050324567275125531e+01
7.440143048662920933e+01,7.379227683561372375e-01,1.373771969243366975e-01,1.050324567275125531e+01
7.440143048662920933e+01,7.379227683561372375e-01,1.373771969243366975e-01,1.050324567275125531e+01
7.442374204387947145e+01,7.378709651952336523e-01,1.318552236305884362e-01,1.132064230381138081e+01
7.442374204387947145e+01,7.378709651952336523e-01,1.318552236305884362e-01,1.132064230381138081e+01
7.442374204387947145e+01,7.378709651952336523e-01,1.318552236305884362e-01,1.132064230381138081e+01
7.442374204387947145e+01,7.378709651952336523e-01,1.318552236305884362e-01,1.132064230381138081e+01
7.442374204387947145e+01,7.378709651952336523e-01,1.318552236305884362e-01,1.132064230381138081e+01
7.442374204387947145e+01,7.378709651952336523e-01,1.318552236305884362e-01,1.132064230381138081e+01
7.442374204387947145e+01,7.378709651952336523e-01,1.318552236305884362e-01,1.132064230381138081e+01
7.442374204387947145e+01,7.378709651952336523e-01,1.318552236305884362e-01,1.132064230381138081e+01
7.439593903547134346e+01,7.372186697431881708e-01,1.283587995895617562e-01,1.186396939579875287e+01
7.439593903547134346e+01,7.372186697431881708e-01,1.283587995895617562e-01,1.186396939579875287e+01
7.439593903547134346e+01,7.372186697431881708e-01,1.283587995895617562e-01,1.186396939579875287e+01
7.439593903547134346e+01,7.372186697431881708e-01,1.283587995895617562e-01,1.186396939579875287e+01
7.438651875788512768e+01,7.371793588284304422e-01,1.284844810282593508e-01,1.179845889178721308e+01
7.438651875788512768e+01,7.371793588284304422e-01,1.284844810282593508e-01,1.179845889178721308e+01
7.438651875788512768e+01,7.371793588284304422e-01,1.284844810282593508e-01,1.179845889178721308e+01
7.430161888007194193e+01,7.364006721456098914e-01,1.306190355496750222e-01,1.138603239083244034e+01
7.430161888007194193e+01,7.364006721456098914e-01,1.306190355496750222e-01,1.138603239083244034e+01
7.430161888007194193e+01,7.364006721456098914e-01,1.306190355496750222e-01,1.138603239083244034e+01
7.430161888007194193e+01,7.364006721456098914e-01,1.306190355496750222e-01,1.138603239083244034e+01
7.443521798179386906e+01,7.373072888908346334e-01,1.299659172789532913e-01,1.184168479306864974e+01
7.444875271509738468e+01,7.375557502142084942e-01,1.286897732344040035e-01,1.201774004117697459e+01
7.444875271509738468e+01,7.375557502142084942e-01,1.286897732344040035e-01,1.201774004117697459e+01
7.440720055566433189e+01,7.375500069957988680e-01,1.225468479462364646e-01,1.240215946459674967e+01
7.434198431753733871e+01,7.374575275556070064e-01,1.199441145127938257e-01,1.251836883948478629e+01
7.434198431753733871e+01,7.374575275556070064e-01,1.199441145127938257e-01,1.251836883948478629e+01
7.434135021001524990e+01,7.375009228324286292e-01,1.187411761196027343e-01,1.260510161672893581e+01
7.434135021001524990e+01,7.375009228324286292e-01,1.187411761196027343e-01,1.260510161672893581e+01
7.434135021001524990e+01,7.375009228324286292e-01,1.187411761196027343e-01,1.260510161672893581e+01
7.450442748507086321e+01,7.363347461213587408e-01,1.289456235028141884e-01,1.293756937746278979e+01
7.450442748507086321e+01,7.363347461213587408e-01,1.289456235028141884e-01,1.293756937746278979e+01
7.450442748507086321e+01,7.363347461213587408e-01,1.289456235028141884e-01,1.293756937746278979e+01
7.450442748507086321e+01,7.363347461213587408e-01,1.289456235028141884e-01,1.293756937746278979e+01
7.450442748507086321e+01,7.363347461213587408e-01,1.289456235028141884e-01,1.293756937746278979e+01
7.450442748507086321e+01,7.363347461213587408e-01,1.289456235028141884e-01,1.293756937746278979e+01
7.450442748507086321e+01,7.363347461213587408e-01,1.289456235028141884e-01,1.293756937746278979e+01
7.450442748507086321e+01,7.363347461213587408e-01,1.289456235028141884e-01,1.293756937746278979e+01
7.450442748507086321e+01,7.363347461213587408e-01,1.289456235028141884e-01,1.293756937746278979e+01
7.450442748507086321e+01,7.363347461213587408e-01,1.289456235028141884e-01,1.293756937746278979e+01
7.450442748507086321e+01,7.363347461213587408e-01,1.289456235028141884e-01,1.293756937746278979e+01
7.450442748507086321e+01,7.363347461213587408e-01,1.289456235028141884e-01,1.293756937746278979e+01
7.450442748507086321e+01,7.363347461213587408e-01,1.289456235028141884e-01,1.293756937746278979e+01
7.450442748507086321e+01,7.363347461213587408e-01,1.289456235028141884e-01,1.293756937746278979e+01
7.454089389698415857e+01,7.355375794188107053e-01,1.366554239551998617e-01,1.234064791177552323e+01
7.454089389698415857e+01,7.355375794188107053e-01,1.366554239551998617e-01,1.234064791177552323e+01
7.454288428113460441e+01,7.356278518015942902e-01,1.362627538874032762e-01,1.234831879940179356e+01
7.454288428113460441e+01,7.356278518015942902e-01,1.362627538874032762e-01,1.234831879940179356e+01
7.456294293327378853e+01,7.365079267456020595e-01,1.295263339168526429e-01,1.289479802421936050e+01
7.456294293327378853e+01,7.365079267456020595e-01,1.295263339168526429e-01,1.289479802421936050e+01
7.456923632166046900e+01,7.364082217727202506e-01,1.311455130064967112e-01,1.265276559495025666e+01
7.456923632166046900e+01,7.364082217727202506e-01,1.311455130064967112e-01,1.265276559495025666e+01
7.456923632166046900e+01,7.364082217727202506e-01,1.311455130064967112e-01,1.265276559495025666e+01
7.456923632166046900e+01,7.364082217727202506e-01,1.311455130064967112e-01,1.265276559495025666e+01
7.456923632166046900e+01,7.364082217727202506e-01,1.311455130064967112e-01,1.265276559495025666e+01
7.456923632166046900e+01,7.364082217727202506e-01,1.311455130064967112e-01,1.265276559495025666e+01
7.455525251169581225e+01,7.366463062545535179e-01,1.291707073842655595e-01,1.273487220213043258e+01
7.458543996081603211e+01,7.365740349951225285e-01,1.311356335234503123e-01,1.269357828739562954e+01
7.454727110006727742e+01,7.368138763626466137e-01,1.285236566801896407e-01,1.265081431183470251e+01
7.454727110006727742e+01,7.368138763626466137e-01,1.285236566801896407e-01,1.265081431183470251e+01
7.454727110006727742e+01,7.368138763626466137e-01,1.285236566801896407e-01,1.265081431183470251e+01
7.454727110006727742e+01,7.368138763626466137e-01,1.285236566801896407e-01,1.265081431183470251e+01
7.452915017333785386e+01,7.370938942748638256e-01,1.260195860869212370e-01,1.277022148049781336e+01
7.452915017333785386e+01,7.370938942748638256e-01,1.260195860869212370e-01,1.277022148049781336e+01
7.457662318905714471e+01,7.374157925382851531e-01,1.252876949834187126e-01,1.308487599861327588e+01
7.457662318905714471e+01,7.374157925382851531e-01,1.252876949834187126e-01,1.308487599861327588e+01
7.457662318905714471e+01,7.374157925382851531e-01,1.252876949834187126e-01,1.308487599861327588e+01
7.458327081045628404e+01,7.374015046096409343e-01,1.260740266324031356e-01,1.297105842731921399e+01
7.458327081045628404e+01,7.374015046096409343e-01,1.260740266324031356e-01,1.297105842731921399e+01
7.458327081045628404e+01,7.374015046096409343e-01,1.260740266324031356e-01,1.297105842731921399e+01
7.457725554728285999e+01,7.375090959143596470e-01,1.212440665440362858e-01,1.340462826859187295e+01
7.456988953221646454e+01,7.375600799589022705e-01,1.196762479926414824e-01,1.353258976939115321e+01
7.456988953221646454e+01,7.375600799589022705e-01,1.196762479926414824e-01,1.353258976939115321e+01
7.456988953221646454e+01,7.375600799589022705e-01,1.196762479926414824e-01,1.353258976939115321e+01
7.456988953221646454e+01,7.375600799589022705e-01,1.196762479926414824e-01,1.353258976939115321e+01
7.457920002107059076e+01,7.375612217734848208e-01,1.200129127080591107e-01,1.354003857400192068e+01
7.457519891967072567e+01,7.375942084168304325e-01,1.196990397110298254e-01,1.355678914547588754e+01
7.456960503981065358e+01,7.375013458067015693e-01,1.198426145125775083e-01,1.347880095759365027e+01
7.458181381563932177e+01,7.364299606862321212e-01,1.246320874900266468e-01,1.329108661270626079e+01
7.458181381563932177e+01,7.364299606862321212e-01,1.246320874900266468e-01,1.329108661270626079e+01
7.458181381563932177e+01,7.364299606862321212e-01,1.246320874900266468e-01,1.329108661270626079e+01
7.458181381563932177e+01,7.364299606862321212e-01,1.246320874900266468e-01,1.329108661270626079e+01
7.449479976325658015e+01,7.364581709777763274e-01,1.271073228904960051e-01,1.252244703651599167e+01
7.449479976325658015e+01,7.364581709777763274e-01,1.271073228904960051e-01,1.252244703651599167e+01
7.449479976325658015e+01,7.364581709777763274e-01,1.271073228904960051e-01,1.252244703651599167e+01
7.671481524163209542e+01,7.418433047469716879e-01,2.332252015659926903e-01,1.155729231926768463e+01
7.671481524163209542e+01,7.418433047469716879e-01,2.332252015659926903e-01,1.155729231926768463e+01
7.671481524163209542e+01,7.418433047469716879e-01,2.332252015659926903e-01,1.155729231926768463e+01
7.671481524163209542e+01,7.418433047469716879e-01,2.332252015659926903e-01,1.155729231926768463e+01
7.671481524163209542e+01,7.418433047469716879e-01,2.332252015659926903e-01,1.155729231926768463e+01
7.671481524163209542e+01,7.418433047469716879e-01,2.332252015659926903e-01,1.155729231926768463e+01
7.671481524163209542e+01,7.418433047469716879e-01,2.332252015659926903e-01,1.155729231926768463e+01
7.671481524163209542e+01,7.418433047469716879e-01,2.332252015659926903e-01,1.155729231926768463e+01
7.587209961306774630e+01,7.369940374484629242e-01,2.185258557719817751e-01,1.112804181642820645e+01
7.587209961306774630e+01,7.369940374484629242e-01,2.185258557719817751e-01,1.112804181642820645e+01
7.587209961306774630e+01,7.369940374484629242e-01,2.185258557719817751e-01,1.112804181642820645e+01
7.587209961306774630e+01,7.369940374484629242e-01,2.185258557719817751e-01,1.112804181642820645e+01
7.557219449871080030e+01,7.352018152852333177e-01,2.021337638418485572e-01,1.179000430491413987e+01
7.557219449871080030e+01,7.352018152852333177e-01,2.021337638418485572e-01,1.179000430491413987e+01
7.557219449871080030e+01,7.352018152852333177e-01,2.021337638418485572e-01,1.179000430491413987e+01
7.521696368517420694e+01,7.338607826674645729e-01,1.965633738040572509e-01,1.114510361096595403e+01
7.526108348567944972e+01,7.338361104062387508e-01,1.996918227062905449e-01,1.105681739046284662e+01
7.526108348567944972e+01,7.338361104062387508e-01,1.996918227062905449e-01,1.105681739046284662e+01
7.526108348567944972e+01,7.338361104062387508e-01,1.996918227062905449e-01,1.105681739046284662e+01
7.513934314743036680e+01,7.348593858170268112e-01,1.875784048154605366e-01,1.108145723244040859e+01
7.528170003857005099e+01,7.359475789137044366e-01,2.000067889487641692e-01,1.005790680314525964e+01
7.483847366841270343e+01,7.351037738097315755e-01,1.945869759128679433e-01,9.211180872696500543e+00
7.483847366841270343e+01,7.351037738097315755e-01,1.945869759128679433e-01,9.211180872696500543e+00
7.483847366841270343e+01,7.351037738097315755e-01,1.945869759128679433e-01,9.211180872696500543e+00
7.483847366841270343e+01,7.351037738097315755e-01,1.945869759128679433e-01,9.211180872696500543e+00
7.483847366841270343e+01,7.351037738097315755e-01,1.945869759128679433e-01,9.211180872696500543e+00
7.483847366841270343e+01,7.351037738097315755e-01,1.945869759128679433e-01,9.211180872696500543e+00
7.483847366841270343e+01,7.351037738097315755e-01,1.945869759128679433e-01,9.211180872696500543e+00
7.483847366841270343e+01,7.351037738097315755e-01,1.945869759128679433e-01,9.211180872696500543e+00
7.483847366841270343e+01,7.351037738097315755e-01,1.945869759128679433e-01,9.211180872696500543e+00
7.483847366841270343e+01,7.351037738097315755e-01,1.945869759128679433e-01,9.211180872696500543e+00
7.471718121724418893e+01,7.346750452451153990e-01,1.822206487418107645e-01,9.903439302171399561e+00
7.473535859430830897e+01,7.348244416565626880e-01,1.838045020850476441e-01,9.862157514478417042e+00
7.473535859430830897e+01,7.348244416565626880e-01,1.838045020850476441e-01,9.862157514478417042e+00
7.474024082773210864e+01,7.348389076295487321e-01,1.859007514717493648e-01,9.676215263528820998e+00
7.474024082773210864e+01,7.348389076295487321e-01,1.859007514717493648e-01,9.676215263528820998e+00
7.463811532966676054e+01,7.347906375663872947e-01,1.832854080617905002e-01,9.314400827807421734e+00
7.463811532966676054e+01,7.347906375663872947e-01,1.832854080617905002e-01,9.314400827807421734e+00
7.463811532966676054e+01,7.347906375663872947e-01,1.832854080617905002e-01,9.314400827807421734e+00
7.463811532966676054e+01,7.347906375663872947e-01,1.832854080617905002e-01,9.314400827807421734e+00
7.459407727406376409e+01,7.347573329582027801e-01,1.839817072756019523e-01,9.136654002298401522e+00
7.459407727406376409e+01,7.347573329582027801e-01,1.839817072756019523e-01,9.136654002298401522e+00
7.459407727406376409e+01,7.347573329582027801e-01,1.839817072756019523e-01,9.136654002298401522e+00
7.459407727406376409e+01,7.347573329582027801e-01,1.839817072756019523e-01,9.136654002298401522e+00
7.459407727406376409e+01,7.347573329582027801e-01,1.839817072756019523e-01,9.136654002298401522e+00
7.459407727406376409e+01,7.347573329582027801e-01,1.839817072756019523e-01,9.136654002298401522e+00
7.459407727406376409e+01,7.347573329582027801e-01,1.839817072756019523e-01,9.136654002298401522e+00
7.459407727406376409e+01,7.347573329582027801e-01,1.839817072756019523e-01,9.136654002298401522e+00
7.459407727406376409e+01,7.347573329582027801e-01,1.839817072756019523e-01,9.136654002298401522e+00
7.455042973232080783e+01,7.355040110553218158e-01,1.841878806197545793e-01,8.790746328623132655e+00
7.455042973232080783e+01,7.355040110553218158e-01,1.841878806197545793e-01,8.790746328623132655e+00
7.455042973232080783e+01,7.355040110553218158e-01,1.841878806197545793e-01,8.790746328623132655e+00
7.455042973232080783e+01,7.355040110553218158e-01,1.841878806197545793e-01,8.790746328623132655e+00
7.457711108140723866e+01,7.358959778861086098e-01,1.867551921746151422e-01,8.627145526611318616e+00
7.457711108140723866e+01,7.358959778861086098e-01,1.867551921746151422e-01,8.627145526611318616e+00
7.453637021691352516e+01,7.367254601456100227e-01,1.908902103967189956e-01,7.943096211698160047e+00
7.453637021691352516e+01,7.367254601456100227e-01,1.908902103967189956e-01,7.943096211698160047e+00
7.453637021691352516e+01,7.367254601456100227e-01,1.908902103967189956e-01,7.943096211698160047e+00
7.453637021691352516e+01,7.367254601456100227e-01,1.908902103967189956e-01,7.943096211698160047e+00
7.453637021691352516e+01,7.367254601456100227e-01,1.908902103967189956e-01,7.943096211698160047e+00
7.458676262410560298e+01,7.371797163472653125e-01,1.855960015571180011e-01,8.338347042974278978e+00
7.458676262410560298e+01,7.371797163472653125e-01,1.855960015571180011e-01,8.338347042974278978e+00
7.458676262410560298e+01,7.371797163472653125e-01,1.855960015571180011e-01,8.338347042974278978e+00
7.458676262410560298e+01,7.371797163472653125e-01,1.855960015571180011e-01,8.338347042974278978e+00
7.458676262410560298e+01,7.371797163472653125e-01,1.855960015571180011e-01,8.338347042974278978e+00
7.458676262410560298e+01,7.371797163472653125e-01,1.855960015571180011e-01,8.338347042974278978e+00
7.465327464152699122e+01,7.374669759247889367e-01,1.922187545814774412e-01,7.973059625346744284e+00
7.465484052322730690e+01,7.374896692436457846e-01,1.916129988396230166e-01,7.975208006925980087e+00
7.465484052322730690e+01,7.374896692436457846e-01,1.916129988396230166e-01,7.975208006925980087e+00
7.465484052322730690e+01,7.374896692436457846e-01,1.916129988396230166e-01,7.975208006925980087e+00
7.465484052322730690e+01,7.374896692436457846e-01,1.916129988396230166e-01,7.975208006925980087e+00
7.465484052322730690e+01,7.374896692436457846e-01,1.916129988396230166e-01,7.975208006925980087e+00
7.465484052322730690e+01,7.374896692436457846e-01,1.916129988396230166e-01,7.975208006925980087e+00
7.465484052322730690e+01,7.374896692436457846e-01,1.916129988396230166e-01,7.975208006925980087e+00
7.465484052322730690e+01,7.374896692436457846e-01,1.916129988396230166e-01,7.975208006925980087e+00
7.465484052322730690e+01,7.374896692436457846e-01,1.916129988396230166e-01,7.975208006925980087e+00
7.465484052322730690e+01,7.374896692436457846e-01,1.916129988396230166e-01,7.975208006925980087e+00
7.465484052322730690e+01,7.374896692436457846e-01,1.916129988396230166e-01,7.975208006925980087e+00
7.458235258722972105e+01,7.371059046681956994e-01,1.841683531052358824e-01,8.187111688345606098e+00
7.454403920215082735e+01,7.368402523824441053e-01,1.745806319184779187e-01,8.882988899889491918e+00
7.454403920215082735e+01,7.368402523824441053e-01,1.745806319184779187e-01,8.882988899889491918e+00
7.454403920215082735e+01,7.368402523824441053e-01,1.745806319184779187e-01,8.882988899889491918e+00
7.451753188286804175e+01,7.368209321864136463e-01,1.799506537754461954e-01,8.668619181792614370e+00
7.455527944838718213e+01,7.374863824185593497e-01,1.614638437466663912e-01,8.770506736526897384e+00
7.455527944838718213e+01,7.374863824185593497e-01,1.614638437466663912e-01,8.770506736526897384e+00
7.455527944838718213e+01,7.374863824185593497e-01,1.614638437466663912e-01,8.770506736526897384e+00
7.455527944838718213e+01,7.374863824185593497e-01,1.614638437466663912e-01,8.770506736526897384e+00
7.443708733551345347e+01,7.368331255581299644e-01,1.405043928505247675e-01,1.066447244451327414e+01
7.443708733551345347e+01,7.368331255581299644e-01,1.405043928505247675e-01,1.066447244451327414e+01
7.443708733551345347e+01,7.368331255581299644e-01,1.405043928505247675e-01,1.066447244451327414e+01
7.449095388763248593e+01,7.366798153454638953e-01,1.463558276188343388e-01,1.040222166387646219e+01
7.449095388763248593e+01,7.366798153454638953e-01,1.463558276188343388e-01,1.040222166387646219e+01
7.449095388763248593e+01,7.366798153454638953e-01,1.463558276188343388e-01,1.040222166387646219e+01
7.449095388763248593e+01,7.366798153454638953e-01,1.463558276188343388e-01,1.040222166387646219e+01
7.474699972272168225e+01,7.380436557917717799e-01,1.587562234206790213e-01,9.513992340429664907e+00
7.474699972272168225e+01,7.380436557917717799e-01,1.587562234206790213e-01,9.513992340429664907e+00
7.464851301959785701e+01,7.377034590797407754e-01,1.498388256748085512e-01,1.029589168790709053e+01
7.464851301959785701e+01,7.377034590797407754e-01,1.498388256748085512e-01,1.029589168790709053e+01
7.464851301959785701e+01,7.377034590797407754e-01,1.498388256748085512e-01,1.029589168790709053e+01
7.464851301959785701e+01,7.377034590797407754e-01,1.498388256748085512e-01,1.029589168790709053e+01
7.464851301959785701e+01,7.377034590797407754e-01,1.498388256748085512e-01,1.029589168790709053e+01
7.464851301959785701e+01,7.377034590797407754e-01,1.498388256748085512e-01,1.029589168790709053e+01
7.466321848154522911e+01,7.377548895946717256e-01,1.510476278753840329e-01,1.026026732745821413e+01
7.466321848154522911e+01,7.377548895946717256e-01,1.510476278753840329e-01,1.026026732745821413e+01
7.462567510669929050e+01,7.376342415050731738e-01,1.474994680698658855e-01,1.035765313002884724e+01
7.465375764285698779e+01,7.377244865710111954e-01,1.501535002776957506e-01,1.028480831165120435e+01
7.465375764285698779e+01,7.377244865710111954e-01,1.501535002776957506e-01,1.028480831165120435e+01
7.465375764285698779e+01,7.377244865710111954e-01,1.501535002776957506e-01,1.028480831165120435e+01
7.465375764285698779e+01,7.377244865710111954e-01,1.501535002776957506e-01,1.028480831165120435e+01
7.465375764285698779e+01,7.377244865710111954e-01,1.501535002776957506e-01,1.028480831165120435e+01
7.465375764285698779e+01,7.377244865710111954e-01,1.501535002776957506e-01,1.028480831165120435e+01
7.465375764285698779e+01,7.377244865710111954e-01,1.501535002776957506e-01,1.028480831165120435e+01
7.478275637369411299e+01,7.383507457008459118e-01,1.512213419464634445e-01,1.041950455467256909e+01
7.478275637369411299e+01,7.383507457008459118e-01,1.512213419464634445e-01,1.041950455467256909e+01
7.478275637369411299e+01,7.383507457008459118e-01,1.512213419464634445e-01,1.041950455467256909e+01
7.478275637369411299e+01,7.383507457008459118e-01,1.512213419464634445e-01,1.041950455467256909e+01
7.472800706592758502e+01,7.381355529358616385e-01,1.471720529819204315e-01,1.076018040237491924e+01
7.472800706592758502e+01,7.381355529358616385e-01,1.471720529819204315e-01,1.076018040237491924e+01
7.472800706592758502e+01,7.381355529358616385e-01,1.471720529819204315e-01,1.076018040237491924e+01
7.483029433920530948e+01,7.382147244643332273e-01,1.495083792282267954e-01,1.104377094313041496e+01
7.481356287449563069e+01,7.379780853273074648e-01,1.607901974051614002e-01,1.021065758133247137e+01
7.481356287449563069e+01,7.379780853273074648e-01,1.607901974051614002e-01,1.021065758133247137e+01
7.496357894185754844e+01,7.384011622225168381e-01,1.592273486943515115e-01,1.083475800404893263e+01
7.496357894185754844e+01,7.384011622225168381e-01,1.592273486943515115e-01,1.083475800404893263e+01
7.460725168363421744e+01,7.368443443689037808e-01,1.509351907575067764e-01,1.051154600242035286e+01
7.460725168363421744e+01,7.368443443689037808e-01,1.509351907575067764e-01,1.051154600242035286e+01
7.460110773811361184e+01,7.367622885240440178e-01,1.531815661095118908e-01,1.048917983551667987e+01
7.460110773811361184e+01,7.367622885240440178e-01,1.531815661095118908e-01,1.048917983551667987e+01
7.460110773811361184e+01,7.367622885240440178e-01,1.531815661095118908e-01,1.048917983551667987e+01
7.460110773811361184e+01,7.367622885240440178e-01,1.531815661095118908e-01,1.048917983551667987e+01
7.460110773811361184e+01,7.367622885240440178e-01,1.531815661095118908e-01,1.048917983551667987e+01
7.460110773811361184e+01,7.367622885240440178e-01,1.531815661095118908e-01,1.048917983551667987e+01
7.458825426936530789e+01,7.367054475173385741e-01,1.499594403798320541e-01,1.081468889730177629e+01
7.458825426936530789e+01,7.367054475173385741e-01,1.499594403798320541e-01,1.081468889730177629e+01
7.458384266380576832e+01,7.367130024368344632e-01,1.494248074378839164e-01,1.073358426118256048e+01
7.458384266380576832e+01,7.367130024368344632e-01,1.494248074378839164e-01,1.073358426118256048e+01
7.458384266380576832e+01,7.367130024368344632e-01,1.494248074378839164e-01,1.073358426118256048e+01
7.458537182961022438e+01,7.374330853282042852e-01,1.413091979142079568e-01,1.138240790946430714e+01
7.458537182961022438e+01,7.374330853282042852e-01,1.413091979142079568e-01,1.138240790946430714e+01
7.458537182961022438e+01,7.374330853282042852e-01,1.413091979142079568e-01,1.138240790946430714e+01
7.458537182961022438e+01,7.374330853282042852e-01,1.413091979142079568e-01,1.138240790946430714e+01
7.458978694343770144e+01,7.373871935719362725e-01,1.422644828122864025e-01,1.132673761155557912e+01
7.461211767770713266e+01,7.365662774163281856e-01,1.488204793201479137e-01,1.118981964074792934e+01
7.469394261985864603e+01,7.370966255654692878e-01,1.381430871998942655e-01,1.215977335248220115e+01
7.469394261985864603e+01,7.370966255654692878e-01,1.381430871998942655e-01,1.215977335248220115e+01
7.469394261985864603e+01,7.370966255654692878e-01,1.381430871998942655e-01,1.215977335248220115e+01
7.468427670523735173e+01,7.370868595051964789e-01,1.376309054023242551e-01,1.217132461887834616e+01
7.468427670523735173e+01,7.370868595051964789e-01,1.376309054023242551e-01,1.217132461887834616e+01
7.468427670523735173e+01,7.370868595051964789e-01,1.376309054023242551e-01,1.217132461887834616e+01
7.468427670523735173e+01,7.370868595051964789e-01,1.376309054023242551e-01,1.217132461887834616e+01
7.468427670523735173e+01,7.370868595051964789e-01,1.376309054023242551e-01,1.217132461887834616e+01
7.468427670523735173e+01,7.370868595051964789e-01,1.376309054023242551e-01,1.217132461887834616e+01
7.468427670523735173e+01,7.370868595051964789e-01,1.376309054023242551e-01,1.217132461887834616e+01
7.463795545255435115e+01,7.370889601087446952e-01,1.341637302556493438e-01,1.235015703728183034e+01
7.463795545255435115e+01,7.370889601087446952e-01,1.341637302556493438e-01,1.235015703728183034e+01
7.463795545255435115e+01,7.370889601087446952e-01,1.341637302556493438e-01,1.235015703728183034e+01
7.463795545255435115e+01,7.370889601087446952e-01,1.341637302556493438e-01,1.235015703728183034e+01
7.463795545255435115e+01,7.370889601087446952e-01,1.341637302556493438e-01,1.235015703728183034e+01
7.463795545255435115e+01,7.370889601087446952e-01,1.341637302556493438e-01,1.235015703728183034e+01
7.463795545255435115e+01,7.370889601087446952e-01,1.341637302556493438e-01,1.235015703728183034e+01
7.463795545255435115e+01,7.370889601087446952e-01,1.341637302556493438e-01,1.235015703728183034e+01
7.463795545255435115e+01,7.370889601087446952e-01,1.341637302556493438e-01,1.235015703728183034e+01
7.463795545255435115e+01,7.370889601087446952e-01,1.341637302556493438e-01,1.235015703728183034e+01
7.463795545255435115e+01,7.370889601087446952e-01,1.341637302556493438e-01,1.235015703728183034e+01
7.463795545255435115e+01,7.370889601087446952e-01,1.341637302556493438e-01,1.235015703728183034e+01
7.463795545255435115e+01,7.370889601087446952e-01,1.341637302556493438e-01,1.235015703728183034e+01
7.463795545255435115e+01,7.370889601087446952e-01,1.341637302556493438e-01,1.235015703728183034e+01
7.463795545255435115e+01,7.370889601087446952e-01,1.341637302556493438e-01,1.235015703728183034e+01
7.468562033503778252e+01,7.376484580456902362e-01,1.422562023897452343e-01,1.155129722302908490e+01
7.468562033503778252e+01,7.376484580456902362e-01,1.422562023897452343e-01,1.155129722302908490e+01
7.467914954343559941e+01,7.377456176671458588e-01,1.397511644678534060e-01,1.180412686932322330e+01
7.465279778838535663e+01,7.375515508775366547e-01,1.280759289515717714e-01,1.256091275262501661e+01
7.465279778838535663e+01,7.375515508775366547e-01,1.280759289515717714e-01,1.256091275262501661e+01
7.465279778838535663e+01,7.375515508775366547e-01,1.280759289515717714e-01,1.256091275262501661e+01
7.465279778838535663e+01,7.375515508775366547e-01,1.280759289515717714e-01,1.256091275262501661e+01
7.521541274423235279e+01,7.257589443904018944e-01,1.805361422955606976e-01,1.468804225036897826e+01
7.521541274423235279e+01,7.257589443904018944e-01,1.805361422955606976e-01,1.468804225036897826e+01
7.521541274423235279e+01,7.257589443904018944e-01,1.805361422955606976e-01,1.468804225036897826e+01
7.521541274423235279e+01,7.257589443904018944e-01,1.805361422955606976e-01,1.468804225036897826e+01
7.521541274423235279e+01,7.257589443904018944e-01,1.805361422955606976e-01,1.468804225036897826e+01
7.521541274423235279e+01,7.257589443904018944e-01,1.805361422955606976e-01,1.468804225036897826e+01
7.521541274423235279e+01,7.257589443904018944e-01,1.805361422955606976e-01,1.468804225036897826e+01
7.521488170184244382e+01,7.269087769842162983e-01,1.782683325090925475e-01,1.496865579303637439e+01
7.521488170184244382e+01,7.269087769842162983e-01,1.782683325090925475e-01,1.496865579303637439e+01
7.521488170184244382e+01,7.269087769842162983e-01,1.782683325090925475e-01,1.496865579303637439e+01
7.521488170184244382e+01,7.269087769842162983e-01,1.782683325090925475e-01,1.496865579303637439e+01
7.521488170184244382e+01,7.269087769842162983e-01,1.782683325090925475e-01,1.496865579303637439e+01
7.521488170184244382e+01,7.269087769842162983e-01,1.782683325090925475e-01,1.496865579303637439e+01
7.521488170184244382e+01,7.269087769842162983e-01,1.782683325090925475e-01,1.496865579303637439e+01
7.521488170184244382e+01,7.269087769842162983e-01,1.782683325090925475e-01,1.496865579303637439e+01
7.521488170184244382e+01,7.269087769842162983e-01,1.782683325090925475e-01,1.496865579303637439e+01
7.521488170184244382e+01,7.269087769842162983e-01,1.782683325090925475e-01,1.496865579303637439e+01
7.521488170184244382e+01,7.269087769842162983e-01,1.782683325090925475e-01,1.496865579303637439e+01
7.521488170184244382e+01,7.269087769842162983e-01,1.782683325090925475e-01,1.496865579303637439e+01
7.521488170184244382e+01,7.269087769842162983e-01,1.782683325090925475e-01,1.496865579303637439e+01
7.521488170184244382e+01,7.269087769842162983e-01,1.782683325090925475e-01,1.496865579303637439e+01
7.521488170184244382e+01,7.269087769842162983e-01,1.782683325090925475e-01,1.496865579303637439e+01
7.521488170184244382e+01,7.269087769842162983e-01,1.782683325090925475e-01,1.496865579303637439e+01
7.521488170184244382e+01,7.269087769842162983e-01,1.782683325090925475e-01,1.496865579303637439e+01
7.521488170184244382e+01,7.269087769842162983e-01,1.782683325090925475e-01,1.496865579303637439e+01
7.510854842784711138e+01,7.284970421628219617e-01,1.712056714847844385e-01,1.462870756631707359e+01
7.510854842784711138e+01,7.284970421628219617e-01,1.712056714847844385e-01,1.462870756631707359e+01
7.510854842784711138e+01,7.284970421628219617e-01,1.712056714847844385e-01,1.462870756631707359e+01
7.510854842784711138e+01,7.284970421628219617e-01,1.712056714847844385e-01,1.462870756631707359e+01
7.510854842784711138e+01,7.284970421628219617e-01,1.712056714847844385e-01,1.462870756631707359e+01
7.510854842784711138e+01,7.284970421628219617e-01,1.712056714847844385e-01,1.462870756631707359e+01
7.510854842784711138e+01,7.284970421628219617e-01,1.712056714847844385e-01,1.462870756631707359e+01
7.510854842784711138e+01,7.284970421628219617e-01,1.712056714847844385e-01,1.462870756631707359e+01
7.510854842784711138e+01,7.284970421628219617e-01,1.712056714847844385e-01,1.462870756631707359e+01
7.510854842784711138e+01,7.284970421628219617e-01,1.712056714847844385e-01,1.462870756631707359e+01
7.510854842784711138e+01,7.284970421628219617e-01,1.712056714847844385e-01,1.462870756631707359e+01
7.510854842784711138e+01,7.284970421628219617e-01,1.712056714847844385e-01,1.462870756631707359e+01
7.480188267944664915e+01,7.315744565528747856e-01,1.663064496604985953e-01,1.222134268946882329e+01
7.480188267944664915e+01,7.315744565528747856e-01,1.663064496604985953e-01,1.222134268946882329e+01
7.480188267944664915e+01,7.315744565528747856e-01,1.663064496604985953e-01,1.222134268946882329e+01
7.474157262020958115e+01,7.324982028057497319e-01,1.714362288009073365e-01,1.132609284210137091e+01
7.474157262020958115e+01,7.324982028057497319e-01,1.714362288009073365e-01,1.132609284210137091e+01
7.474157262020958115e+01,7.324982028057497319e-01,1.714362288009073365e-01,1.132609284210137091e+01
7.474157262020958115e+01,7.324982028057497319e-01,1.714362288009073365e-01,1.132609284210137091e+01
7.473705833910970853e+01,7.325402590788031576e-01,1.711020029417164023e-01,1.131408115690166305e+01
7.473705833910970853e+01,7.325402590788031576e-01,1.711020029417164023e-01,1.131408115690166305e+01
7.473705833910970853e+01,7.325402590788031576e-01,1.711020029417164023e-01,1.131408115690166305e+01
7.473705833910970853e+01,7.325402590788031576e-01,1.711020029417164023e-01,1.131408115690166305e+01
7.473705833910970853e+01,7.325402590788031576e-01,1.711020029417164023e-01,1.131408115690166305e+01
7.473665885443386969e+01,7.326475920476348547e-01,1.705617962572792967e-01,1.130599258081733893e+01
7.473665885443386969e+01,7.326475920476348547e-01,1.705617962572792967e-01,1.130599258081733893e+01
7.473665885443386969e+01,7.326475920476348547e-01,1.705617962572792967e-01,1.130599258081733893e+01
7.473665885443386969e+01,7.326475920476348547e-01,1.705617962572792967e-01,1.130599258081733893e+01
7.473665885443386969e+01,7.326475920476348547e-01,1.705617962572792967e-01,1.130599258081733893e+01
7.473665885443386969e+01,7.326475920476348547e-01,1.705617962572792967e-01,1.130599258081733893e+01
7.473665885443386969e+01,7.326475920476348547e-01,1.705617962572792967e-01,1.130599258081733893e+01
7.473665885443386969e+01,7.326475920476348547e-01,1.705617962572792967e-01,1.130599258081733893e+01
7.467245248749203768e+01,7.335372229561174517e-01,1.593331804226901238e-01,1.183627503571125317e+01
7.430502574991081133e+01,7.316969331135712018e-01,1.692743681884516793e-01,1.035831639552378647e+01
7.430300002580297303e+01,7.316552029276353064e-01,1.692848843598509234e-01,1.036533798698332376e+01
7.439098834554984307e+01,7.329702322611056919e-01,1.712528668856425074e-01,1.003403030710047439e+01
7.439098834554984307e+01,7.329702322611056919e-01,1.712528668856425074e-01,1.003403030710047439e+01
7.439098834554984307e+01,7.329702322611056919e-01,1.712528668856425074e-01,1.003403030710047439e+01
7.439098834554984307e+01,7.329702322611056919e-01,1.712528668856425074e-01,1.003403030710047439e+01
7.432087987205582635e+01,7.326839742937751865e-01,1.659734059671759687e-01,1.033830205519958056e+01
7.432087987205582635e+01,7.326839742937751865e-01,1.659734059671759687e-01,1.033830205519958056e+01
7.432087987205582635e+01,7.326839742937751865e-01,1.659734059671759687e-01,1.033830205519958056e+01
7.432087987205582635e+01,7.326839742937751865e-01,1.659734059671759687e-01,1.033830205519958056e+01
7.432087987205582635e+01,7.326839742937751865e-01,1.659734059671759687e-01,1.033830205519958056e+01
7.432087987205582635e+01,7.326839742937751865e-01,1.659734059671759687e-01,1.033830205519958056e+01
7.432087987205582635e+01,7.326839742937751865e-01,1.659734059671759687e-01,1.033830205519958056e+01
7.427526059349686705e+01,7.309739972752420378e-01,1.847031272874239960e-01,8.933189801084452597e+00
7.427526059349686705e+01,7.309739972752420378e-01,1.847031272874239960e-01,8.933189801084452597e+00
7.426404101502471633e+01,7.307635036815526286e-01,1.884871606811939215e-01,8.594937958760828778e+00
7.426404101502471633e+01,7.307635036815526286e-01,1.884871606811939215e-01,8.594937958760828778e+00
7.426404101502471633e+01,7.307635036815526286e-01,1.884871606811939215e-01,8.594937958760828778e+00
7.426404101502471633e+01,7.307635036815526286e-01,1.884871606811939215e-01,8.594937958760828778e+00
7.426404101502471633e+01,7.307635036815526286e-01,1.884871606811939215e-01,8.594937958760828778e+00
7.426404101502471633e+01,7.307635036815526286e-01,1.884871606811939215e-01,8.594937958760828778e+00
7.432917614588549782e+01,7.321361437245192949e-01,1.800007967370116091e-01,9.035737166319416147e+00
7.432917614588549782e+01,7.321361437245192949e-01,1.800007967370116091e-01,9.035737166319416147e+00
7.432193710839867151e+01,7.322500227437653830e-01,1.788250532794136705e-01,9.061975079722152771e+00
7.432193710839867151e+01,7.322500227437653830e-01,1.788250532794136705e-01,9.061975079722152771e+00
7.433726804712063085e+01,7.334523774492507364e-01,1.711661346798084848e-01,9.198017775465757495e+00
7.433726804712063085e+01,7.334523774492507364e-01,1.711661346798084848e-01,9.198017775465757495e+00
7.433726804712063085e+01,7.334523774492507364e-01,1.711661346798084848e-01,9.198017775465757495e+00
7.435843737062573666e+01,7.338440870374666192e-01,1.702240236970291865e-01,9.156505636959593630e+00
7.435843737062573666e+01,7.338440870374666192e-01,1.702240236970291865e-01,9.156505636959593630e+00
7.437772275379927578e+01,7.350271997248921663e-01,1.615102070117813982e-01,9.511112299608507570e+00
7.437772275379927578e+01,7.350271997248921663e-01,1.615102070117813982e-01,9.511112299608507570e+00
7.433509841828966103e+01,7.347066081450258634e-01,1.634382442192644502e-01,9.249742903876885691e+00
7.433509841828966103e+01,7.347066081450258634e-01,1.634382442192644502e-01,9.249742903876885691e+00
7.430644712835335497e+01,7.348227442392448738e-01,1.635952824701134567e-01,9.060529755740391877e+00
7.430644712835335497e+01,7.348227442392448738e-01,1.635952824701134567e-01,9.060529755740391877e+00
7.430644712835335497e+01,7.348227442392448738e-01,1.635952824701134567e-01,9.060529755740391877e+00
7.430644712835335497e+01,7.348227442392448738e-01,1.635952824701134567e-01,9.060529755740391877e+00
7.429999024867115054e+01,7.347242657877782746e-01,1.631194789637544496e-01,9.064085613156329657e+00
7.429999024867115054e+01,7.347242657877782746e-01,1.631194789637544496e-01,9.064085613156329657e+00
7.429999024867115054e+01,7.347242657877782746e-01,1.631194789637544496e-01,9.064085613156329657e+00
7.429999024867115054e+01,7.347242657877782746e-01,1.631194789637544496e-01,9.064085613156329657e+00
7.429999024867115054e+01,7.347242657877782746e-01,1.631194789637544496e-01,9.064085613156329657e+00
7.429999024867115054e+01,7.347242657877782746e-01,1.631194789637544496e-01,9.064085613156329657e+00
7.429999024867115054e+01,7.347242657877782746e-01,1.631194789637544496e-01,9.064085613156329657e+00
7.429999024867115054e+01,7.347242657877782746e-01,1.631194789637544496e-01,9.064085613156329657e+00
7.429999024867115054e+01,7.347242657877782746e-01,1.631194789637544496e-01,9.064085613156329657e+00
7.429999024867115054e+01,7.347242657877782746e-01,1.631194789637544496e-01,9.064085613156329657e+00
7.429999024867115054e+01,7.347242657877782746e-01,1.631194789637544496e-01,9.064085613156329657e+00
7.429999024867115054e+01,7.347242657877782746e-01,1.631194789637544496e-01,9.064085613156329657e+00
7.434694434498888427e+01,7.362349786688969777e-01,1.476137231661731053e-01,9.964443930826337947e+00
7.434694434498888427e+01,7.362349786688969777e-01,1.476137231661731053e-01,9.964443930826337947e+00
7.434694434498888427e+01,7.362349786688969777e-01,1.476137231661731053e-01,9.964443930826337947e+00
7.434694434498888427e+01,7.362349786688969777e-01,1.476137231661731053e-01,9.964443930826337947e+00
7.434694434498888427e+01,7.362349786688969777e-01,1.476137231661731053e-01,9.964443930826337947e+00
7.433752522476723357e+01,7.362741703601928256e-01,1.396310640285843008e-01,1.068987668619861964e+01
7.433752522476723357e+01,7.362741703601928256e-01,1.396310640285843008e-01,1.068987668619861964e+01
7.433752522476723357e+01,7.362741703601928256e-01,1.396310640285843008e-01,1.068987668619861964e+01
7.433752522476723357e+01,7.362741703601928256e-01,1.396310640285843008e-01,1.068987668619861964e+01
7.433752522476723357e+01,7.362741703601928256e-01,1.396310640285843008e-01,1.068987668619861964e+01
7.433752522476723357e+01,7.362741703601928256e-01,1.396310640285843008e-01,1.068987668619861964e+01
7.427222295625796278e+01,7.358705378183645340e-01,1.430883954915861955e-01,1.003707633351566741e+01
7.431106939274552303e+01,7.360683791729705217e-01,1.422895765562479653e-01,1.023951451785515232e+01
7.432582699137903148e+01,7.363433518699858960e-01,1.402320071558602055e-01,1.043406680971082423e+01
7.432582699137903148e+01,7.363433518699858960e-01,1.402320071558602055e-01,1.043406680971082423e+01
7.432582699137903148e+01,7.363433518699858960e-01,1.402320071558602055e-01,1.043406680971082423e+01
7.435907616895413241e+01,7.366465123891017264e-01,1.401054977477898811e-01,1.050275610699111972e+01
7.435907616895413241e+01,7.366465123891017264e-01,1.401054977477898811e-01,1.050275610699111972e+01
7.444470034379293111e+01,7.370065067096758238e-01,1.379770713894241108e-01,1.105516848317981093e+01
7.444470034379293111e+01,7.370065067096758238e-01,1.379770713894241108e-01,1.105516848317981093e+01
7.445608556403358591e+01,7.373235690215549365e-01,1.311872385596642987e-01,1.147503397835592232e+01
7.442692209194072461e+01,7.373153325887072951e-01,1.262847510404525586e-01,1.171389499781276022e+01
7.442692209194072461e+01,7.373153325887072951e-01,1.262847510404525586e-01,1.171389499781276022e+01
7.442692209194072461e+01,7.373153325887072951e-01,1.262847510404525586e-01,1.171389499781276022e+01
7.442692209194072461e+01,7.373153325887072951e-01,1.262847510404525586e-01,1.171389499781276022e+01
7.442692209194072461e+01,7.373153325887072951e-01,1.262847510404525586e-01,1.171389499781276022e+01
7.442692209194072461e+01,7.373153325887072951e-01,1.262847510404525586e-01,1.171389499781276022e+01
7.442692209194072461e+01,7.373153325887072951e-01,1.262847510404525586e-01,1.171389499781276022e+01
7.442515523271305256e+01,7.373214599964175164e-01,1.257239133569114098e-01,1.173648123327844317e+01
7.438291975303664572e+01,7.371867115250936298e-01,1.272059255432702873e-01,1.126173507841576082e+01
7.438291975303664572e+01,7.371867115250936298e-01,1.272059255432702873e-01,1.126173507841576082e+01
7.438291975303664572e+01,7.371867115250936298e-01,1.272059255432702873e-01,1.126173507841576082e+01
7.447526377662354946e+01,7.368008688886265034e-01,1.291585020656586813e-01,1.195117110537647420e+01
7.447526377662354946e+01,7.368008688886265034e-01,1.291585020656586813e-01,1.195117110537647420e+01
7.447526377662354946e+01,7.368008688886265034e-01,1.291585020656586813e-01,1.195117110537647420e+01
7.436177568074496946e+01,7.366473795907972910e-01,1.244957580888800819e-01,1.184291247610171638e+01
7.422471276752634139e+01,7.349065196513433484e-01,1.208014980047193015e-01,1.202789480411891709e+01
7.422471276752634139e+01,7.349065196513433484e-01,1.208014980047193015e-01,1.202789480411891709e+01
7.421030291916379440e+01,7.346749631715400186e-01,1.207549388197115964e-01,1.202879807141832558e+01
7.421405826683076157e+01,7.347758157945933899e-01,1.230281887515358996e-01,1.182902634703576794e+01
7.421405826683076157e+01,7.347758157945933899e-01,1.230281887515358996e-01,1.182902634703576794e+01
7.421405826683076157e+01,7.347758157945933899e-01,1.230281887515358996e-01,1.182902634703576794e+01
7.421405826683076157e+01,7.347758157945933899e-01,1.230281887515358996e-01,1.182902634703576794e+01
7.421405826683076157e+01,7.347758157945933899e-01,1.230281887515358996e-01,1.182902634703576794e+01
7.436932349542200882e+01,7.360101643013197137e-01,1.284836327015426716e-01,1.171087891378623880e+01
7.436932349542200882e+01,7.360101643013197137e-01,1.284836327015426716e-01,1.171087891378623880e+01
7.436932349542200882e+01,7.360101643013197137e-01,1.284836327015426716e-01,1.171087891378623880e+01
7.436932349542200882e+01,7.360101643013197137e-01,1.284836327015426716e-01,1.171087891378623880e+01
7.436932349542200882e+01,7.360101643013197137e-01,1.284836327015426716e-01,1.171087891378623880e+01
7.440063165558623837e+01,7.357511133421198446e-01,1.363404038865477785e-01,1.074732860356903075e+01
7.440063165558623837e+01,7.357511133421198446e-01,1.363404038865477785e-01,1.074732860356903075e+01
7.440063165558623837e+01,7.357511133421198446e-01,1.363404038865477785e-01,1.074732860356903075e+01
7.440063165558623837e+01,7.357511133421198446e-01,1.363404038865477785e-01,1.074732860356903075e+01
7.440063165558623837e+01,7.357511133421198446e-01,1.363404038865477785e-01,1.074732860356903075e+01
7.440346706223544970e+01,7.357231236386900797e-01,1.367486673843382461e-01,1.071228635034609056e+01
7.434792394605705113e+01,7.364988959110567723e-01,1.268986985756368480e-01,1.138296003272393975e+01
7.434792394605705113e+01,7.364988959110567723e-01,1.268986985756368480e-01,1.138296003272393975e+01
7.434792394605705113e+01,7.364988959110567723e-01,1.268986985756368480e-01,1.138296003272393975e+01
7.434792394605705113e+01,7.364988959110567723e-01,1.268986985756368480e-01,1.138296003272393975e+01
7.434792394605705113e+01,7.364988959110567723e-01,1.268986985756368480e-01,1.138296003272393975e+01
7.434792394605705113e+01,7.364988959110567723e-01,1.268986985756368480e-01,1.138296003272393975e+01
7.434792394605705113e+01,7.364988959110567723e-01,1.268986985756368480e-01,1.138296003272393975e+01
7.434792394605705113e+01,7.364988959110567723e-01,1.268986985756368480e-01,1.138296003272393975e+01
7.434792394605705113e+01,7.364988959110567723e-01,1.268986985756368480e-01,1.138296003272393975e+01
7.434792394605705113e+01,7.364988959110567723e-01,1.268986985756368480e-01,1.138296003272393975e+01
7.434792394605705113e+01,7.364988959110567723e-01,1.268986985756368480e-01,1.138296003272393975e+01
7.434792394605705113e+01,7.364988959110567723e-01,1.268986985756368480e-01,1.138296003272393975e+01
7.565356119209297958e+01,7.358138363198494236e-01,1.499431188653696512e-01,1.883414343278535341e+01
7.542230861629839467e+01,7.374025909546011448e-01,1.462263788024721900e-01,1.602097945472463181e+01
7.542230861629839467e+01,7.374025909546011448e-01,1.462263788024721900e-01,1.602097945472463181e+01
7.529897744611839983e+01,7.391281674995473505e-01,1.389993884357112464e-01,1.564532103800479312e+01
7.529897744611839983e+01,7.391281674995473505e-01,1.389993884357112464e-01,1.564532103800479312e+01
7.547921002516960698e+01,7.417291404748440620e-01,1.213198861873193701e-01,1.701154673989007549e+01
7.547921002516960698e+01,7.417291404748440620e-01,1.213198861873193701e-01,1.701154673989007549e+01
7.547921002516960698e+01,7.417291404748440620e-01,1.213198861873193701e-01,1.701154673989007549e+01
7.547921002516960698e+01,7.417291404748440620e-01,1.213198861873193701e-01,1.701154673989007549e+01
7.547921002516960698e+01,7.417291404748440620e-01,1.213198861873193701e-01,1.701154673989007549e+01
7.496268414760224630e+01,7.381027847089884908e-01,1.191461048245949367e-01,1.582514762661529772e+01
7.496268414760224630e+01,7.381027847089884908e-01,1.191461048245949367e-01,1.582514762661529772e+01
7.496268414760224630e+01,7.381027847089884908e-01,1.191461048245949367e-01,1.582514762661529772e+01
7.496268414760224630e+01,7.381027847089884908e-01,1.191461048245949367e-01,1.582514762661529772e+01
7.496595828068547007e+01,7.381447411525238200e-01,1.186310896703397511e-01,1.585606717580201241e+01
7.450551106834110726e+01,7.344699591724027643e-01,1.388018698417368690e-01,1.310762224578633273e+01
7.450551106834110726e+01,7.344699591724027643e-01,1.388018698417368690e-01,1.310762224578633273e+01
7.450551106834110726e+01,7.344699591724027643e-01,1.388018698417368690e-01,1.310762224578633273e+01
7.450551106834110726e+01,7.344699591724027643e-01,1.388018698417368690e-01,1.310762224578633273e+01
7.454845453165340530e+01,7.345963403977167072e-01,1.293975189055453778e-01,1.392101200091468627e+01
7.454845453165340530e+01,7.345963403977167072e-01,1.293975189055453778e-01,1.392101200091468627e+01
7.454845453165340530e+01,7.345963403977167072e-01,1.293975189055453778e-01,1.392101200091468627e+01
7.454845453165340530e+01,7.345963403977167072e-01,1.293975189055453778e-01,1.392101200091468627e+01
7.454845453165340530e+01,7.345963403977167072e-01,1.293975189055453778e-01,1.392101200091468627e+01
7.454845453165340530e+01,7.345963403977167072e-01,1.293975189055453778e-01,1.392101200091468627e+01
7.454845453165340530e+01,7.345963403977167072e-01,1.293975189055453778e-01,1.392101200091468627e+01
7.454845453165340530e+01,7.345963403977167072e-01,1.293975189055453778e-01,1.392101200091468627e+01
7.454845453165340530e+01,7.345963403977167072e-01,1.293975189055453778e-01,1.392101200091468627e+01
7.454845453165340530e+01,7.345963403977167072e-01,1.293975189055453778e-01,1.392101200091468627e+01
7.454845453165340530e+01,7.345963403977167072e-01,1.293975189055453778e-01,1.392101200091468627e+01
7.418895499354294998e+01,7.328079408334368106e-01,1.283655387189618080e-01,1.291821105840241124e+01
7.418895499354294998e+01,7.328079408334368106e-01,1.283655387189618080e-01,1.291821105840241124e+01
7.418895499354294998e+01,7.328079408334368106e-01,1.283655387189618080e-01,1.291821105840241124e+01
7.418895499354294998e+01,7.328079408334368106e-01,1.283655387189618080e-01,1.291821105840241124e+01
7.384873953579194961e+01,7.314718546978371538e-01,1.301391903358344593e-01,1.122474913615353209e+01
7.384873953579194961e+01,7.314718546978371538e-01,1.301391903358344593e-01,1.122474913615353209e+01
7.387816954106406797e+01,7.314023610237242456e-01,1.310985316806547729e-01,1.130426795458506994e+01
7.378504127788588107e+01,7.313850104447787714e-01,1.275488882736938445e-01,1.121180897168712676e+01
7.404802851435620425e+01,7.341661893088654578e-01,1.175026631417992046e-01,1.289256153174011743e+01
7.404802851435620425e+01,7.341661893088654578e-01,1.175026631417992046e-01,1.289256153174011743e+01
7.404802851435620425e+01,7.341661893088654578e-01,1.175026631417992046e-01,1.289256153174011743e+01
7.404802851435620425e+01,7.341661893088654578e-01,1.175026631417992046e-01,1.289256153174011743e+01
7.404802851435620425e+01,7.341661893088654578e-01,1.175026631417992046e-01,1.289256153174011743e+01
7.404802851435620425e+01,7.341661893088654578e-01,1.175026631417992046e-01,1.289256153174011743e+01
7.404802851435620425e+01,7.341661893088654578e-01,1.175026631417992046e-01,1.289256153174011743e+01
7.404802851435620425e+01,7.341661893088654578e-01,1.175026631417992046e-01,1.289256153174011743e+01
7.398700179810337829e+01,7.333437001595886073e-01,1.191212593356036631e-01,1.265932114456982305e+01
7.398700179810337829e+01,7.333437001595886073e-01,1.191212593356036631e-01,1.265932114456982305e+01
7.399423866462205979e+01,7.333394916447151246e-01,1.200089457486216149e-01,1.260814989376541817e+01
7.399423866462205979e+01,7.333394916447151246e-01,1.200089457486216149e-01,1.260814989376541817e+01
7.399423866462205979e+01,7.333394916447151246e-01,1.200089457486216149e-01,1.260814989376541817e+01
7.397256153596957517e+01,7.329913294002345925e-01,1.210676902268568583e-01,1.251162512453348263e+01
7.397256153596957517e+01,7.329913294002345925e-01,1.210676902268568583e-01,1.251162512453348263e+01
7.397256153596957517e+01,7.329913294002345925e-01,1.210676902268568583e-01,1.251162512453348263e+01
7.397256153596957517e+01,7.329913294002345925e-01,1.210676902268568583e-01,1.251162512453348263e+01
7.397256153596957517e+01,7.329913294002345925e-01,1.210676902268568583e-01,1.251162512453348263e+01
7.404751627945286430e+01,7.341951978711916960e-01,1.174067846681597915e-01,1.284538654808503999e+01
7.404751627945286430e+01,7.341951978711916960e-01,1.174067846681597915e-01,1.284538654808503999e+01
7.404751627945286430e+01,7.341951978711916960e-01,1.174067846681597915e-01,1.284538654808503999e+01
7.404751627945286430e+01,7.341951978711916960e-01,1.174067846681597915e-01,1.284538654808503999e+01
7.404751627945286430e+01,7.341951978711916960e-01,1.174067846681597915e-01,1.284538654808503999e+01
7.385906267358767252e+01,7.325099578162270753e-01,1.154918315736772616e-01,1.290533768139527915e+01
7.399634595169226259e+01,7.347743207589796377e-01,1.121441366693356617e-01,1.313639910482400452e+01
7.399634595169226259e+01,7.347743207589796377e-01,1.121441366693356617e-01,1.313639910482400452e+01
7.381922917652119054e+01,7.327308151014767512e-01,1.142438435163026511e-01,1.277321854777654231e+01
7.381922917652119054e+01,7.327308151014767512e-01,1.142438435163026511e-01,1.277321854777654231e+01
7.381922917652119054e+01,7.327308151014767512e-01,1.142438435163026511e-01,1.277321854777654231e+01
7.381922917652119054e+01,7.327308151014767512e-01,1.142438435163026511e-01,1.277321854777654231e+01
7.381922917652119054e+01,7.327308151014767512e-01,1.142438435163026511e-01,1.277321854777654231e+01
7.381922917652119054e+01,7.327308151014767512e-01,1.142438435163026511e-01,1.277321854777654231e+01
7.381922917652119054e+01,7.327308151014767512e-01,1.142438435163026511e-01,1.277321854777654231e+01
7.381922917652119054e+01,7.327308151014767512e-01,1.142438435163026511e-01,1.277321854777654231e+01
7.381922917652119054e+01,7.327308151014767512e-01,1.142438435163026511e-01,1.277321854777654231e+01
7.381922917652119054e+01,7.327308151014767512e-01,1.142438435163026511e-01,1.277321854777654231e+01
7.381922917652119054e+01,7.327308151014767512e-01,1.142438435163026511e-01,1.277321854777654231e+01
7.381922917652119054e+01,7.327308151014767512e-01,1.142438435163026511e-01,1.277321854777654231e+01
7.381922917652119054e+01,7.327308151014767512e-01,1.142438435163026511e-01,1.277321854777654231e+01
7.381922917652119054e+01,7.327308151014767512e-01,1.142438435163026511e-01,1.277321854777654231e+01
7.381922917652119054e+01,7.327308151014767512e-01,1.142438435163026511e-01,1.277321854777654231e+01
7.381922917652119054e+01,7.327308151014767512e-01,1.142438435163026511e-01,1.277321854777654231e+01
7.381922917652119054e+01,7.327308151014767512e-01,1.142438435163026511e-01,1.277321854777654231e+01
7.377152989048018128e+01,7.325242852028546192e-01,1.086954792182696916e-01,1.318949340130114223e+01
7.377152989048018128e+01,7.325242852028546192e-01,1.086954792182696916e-01,1.318949340130114223e+01
7.377152989048018128e+01,7.325242852028546192e-01,1.086954792182696916e-01,1.318949340130114223e+01
7.377152989048018128e+01,7.325242852028546192e-01,1.086954792182696916e-01,1.318949340130114223e+01
7.390461834900209226e+01,7.331337761071026193e-01,1.204421749390819363e-01,1.238436342586766692e+01
7.390461834900209226e+01,7.331337761071026193e-01,1.204421749390819363e-01,1.238436342586766692e+01
7.390461834900209226e+01,7.331337761071026193e-01,1.204421749390819363e-01,1.238436342586766692e+01
7.390461834900209226e+01,7.331337761071026193e-01,1.204421749390819363e-01,1.238436342586766692e+01
7.390461834900209226e+01,7.331337761071026193e-01,1.204421749390819363e-01,1.238436342586766692e+01
7.400331434294032817e+01,7.340216414323027516e-01,1.211954813913065504e-01,1.232352297791274687e+01
7.421720607436586192e+01,7.351875875228215396e-01,1.322314813967389036e-01,1.148078889466936836e+01
7.421720607436586192e+01,7.351875875228215396e-01,1.322314813967389036e-01,1.148078889466936836e+01
7.418270240039409202e+01,7.350378989839506660e-01,1.314270925080613106e-01,1.147155368353552873e+01
7.418270240039409202e+01,7.350378989839506660e-01,1.314270925080613106e-01,1.147155368353552873e+01
7.418270240039409202e+01,7.350378989839506660e-01,1.314270925080613106e-01,1.147155368353552873e+01
7.418270240039409202e+01,7.350378989839506660e-01,1.314270925080613106e-01,1.147155368353552873e+01
7.395662316434781758e+01,7.339289442360635851e-01,1.189473935648157205e-01,1.203373789356670720e+01
7.395662316434781758e+01,7.339289442360635851e-01,1.189473935648157205e-01,1.203373789356670720e+01
7.395662316434781758e+01,7.339289442360635851e-01,1.189473935648157205e-01,1.203373789356670720e+01
7.395662316434781758e+01,7.339289442360635851e-01,1.189473935648157205e-01,1.203373789356670720e+01
7.396533506076832509e+01,7.341082952617928870e-01,1.105099954826604947e-01,1.216064583978028324e+01
7.396533506076832509e+01,7.341082952617928870e-01,1.105099954826604947e-01,1.216064583978028324e+01
7.398623464818172124e+01,7.342592589016597726e-01,1.113762964542527600e-01,1.214624649458435712e+01
7.398623464818172124e+01,7.342592589016597726e-01,1.113762964542527600e-01,1.214624649458435712e+01
7.398623464818172124e+01,7.342592589016597726e-01,1.113762964542527600e-01,1.214624649458435712e+01
7.413648752274917797e+01,7.348878439183041955e-01,1.334661779690786421e-01,1.094358646965477710e+01
7.413648752274917797e+01,7.348878439183041955e-01,1.334661779690786421e-01,1.094358646965477710e+01
7.413648752274917797e+01,7.348878439183041955e-01,1.334661779690786421e-01,1.094358646965477710e+01
7.413648752274917797e+01,7.348878439183041955e-01,1.334661779690786421e-01,1.094358646965477710e+01
7.407393407605300695e+01,7.342413362066761984e-01,1.384986594008812411e-01,1.003657934799498896e+01
7.407393407605300695e+01,7.342413362066761984e-01,1.384986594008812411e-01,1.003657934799498896e+01
7.407393407605300695e+01,7.342413362066761984e-01,1.384986594008812411e-01,1.003657934799498896e+01
7.407393407605300695e+01,7.342413362066761984e-01,1.384986594008812411e-01,1.003657934799498896e+01
7.407393407605300695e+01,7.342413362066761984e-01,1.384986594008812411e-01,1.003657934799498896e+01
7.412779187686773241e+01,7.346236050178093224e-01,1.421682689296035751e-01,9.890170876933398247e+00
7.412779187686773241e+01,7.346236050178093224e-01,1.421682689296035751e-01,9.890170876933398247e+00
7.412779187686773241e+01,7.346236050178093224e-01,1.421682689296035751e-01,9.890170876933398247e+00
7.412779187686773241e+01,7.346236050178093224e-01,1.421682689296035751e-01,9.890170876933398247e+00
7.412779187686773241e+01,7.346236050178093224e-01,1.421682689296035751e-01,9.890170876933398247e+00
7.412779187686773241e+01,7.346236050178093224e-01,1.421682689296035751e-01,9.890170876933398247e+00
7.412779187686773241e+01,7.346236050178093224e-01,1.421682689296035751e-01,9.890170876933398247e+00
7.417240381969995155e+01,7.349444646865190833e-01,1.408157651928687859e-01,1.011711070379377730e+01
7.417240381969995155e+01,7.349444646865190833e-01,1.408157651928687859e-01,1.011711070379377730e+01
7.417240381969995155e+01,7.349444646865190833e-01,1.408157651928687859e-01,1.011711070379377730e+01
7.417240381969995155e+01,7.349444646865190833e-01,1.408157651928687859e-01,1.011711070379377730e+01
7.405197247785680759e+01,7.344714386477694257e-01,1.263625927602727017e-01,1.082858686252956204e+01
7.419828684573255373e+01,7.354159015014956058e-01,1.306896732814880058e-01,1.091300192311784123e+01
7.419828684573255373e+01,7.354159015014956058e-01,1.306896732814880058e-01,1.091300192311784123e+01
7.419828684573255373e+01,7.354159015014956058e-01,1.306896732814880058e-01,1.091300192311784123e+01
7.419828684573255373e+01,7.354159015014956058e-01,1.306896732814880058e-01,1.091300192311784123e+01
7.419828684573255373e+01,7.354159015014956058e-01,1.306896732814880058e-01,1.091300192311784123e+01
7.419828684573255373e+01,7.354159015014956058e-01,1.306896732814880058e-01,1.091300192311784123e+01
7.419828684573255373e+01,7.354159015014956058e-01,1.306896732814880058e-01,1.091300192311784123e+01
7.418982050563973019e+01,7.353874187315865285e-01,1.302782723635993456e-01,1.091694171827433379e+01
7.412492095304385487e+01,7.355841091555105349e-01,1.239674511592105260e-01,1.126280821684990840e+01
7.419846661646110419e+01,7.364114979094146252e-01,1.192594520534843161e-01,1.218186071014257621e+01
7.419846661646110419e+01,7.364114979094146252e-01,1.192594520534843161e-01,1.218186071014257621e+01
7.422451710484264709e+01,7.365209820508251681e-01,1.203817399102436736e-01,1.205191050965334654e+01
7.422451710484264709e+01,7.365209820508251681e-01,1.203817399102436736e-01,1.205191050965334654e+01
7.422451710484264709e+01,7.365209820508251681e-01,1.203817399102436736e-01,1.205191050965334654e+01
7.426421943549487992e+01,7.373114856440766696e-01,1.220558455469866188e-01,1.178969970615407092e+01
7.426421943549487992e+01,7.373114856440766696e-01,1.220558455469866188e-01,1.178969970615407092e+01
7.414424680541344514e+01,7.374993945171014476e-01,1.125082496603271032e-01,1.244039696249217997e+01
7.414424680541344514e+01,7.374993945171014476e-01,1.125082496603271032e-01,1.244039696249217997e+01
7.414424680541344514e+01,7.374993945171014476e-01,1.125082496603271032e-01,1.244039696249217997e+01
7.414424680541344514e+01,7.374993945171014476e-01,1.125082496603271032e-01,1.244039696249217997e+01
7.414424680541344514e+01,7.374993945171014476e-01,1.125082496603271032e-01,1.244039696249217997e+01
7.414424680541344514e+01,7.374993945171014476e-01,1.125082496603271032e-01,1.244039696249217997e+01
7.414424680541344514e+01,7.374993945171014476e-01,1.125082496603271032e-01,1.244039696249217997e+01
7.414424680541344514e+01,7.374993945171014476e-01,1.125082496603271032e-01,1.244039696249217997e+01
7.414424680541344514e+01,7.374993945171014476e-01,1.125082496603271032e-01,1.244039696249217997e+01
7.414424680541344514e+01,7.374993945171014476e-01,1.125082496603271032e-01,1.244039696249217997e+01
7.417723929067651056e+01,7.371790582371935407e-01,1.142345282763236047e-01,1.238996978178496988e+01
7.417723929067651056e+01,7.371790582371935407e-01,1.142345282763236047e-01,1.238996978178496988e+01
7.421534807460378147e+01,7.369813408576317837e-01,1.143007031597662176e-01,1.268069449442839058e+01
7.421534807460378147e+01,7.369813408576317837e-01,1.143007031597662176e-01,1.268069449442839058e+01
7.421534807460378147e+01,7.369813408576317837e-01,1.143007031597662176e-01,1.268069449442839058e+01
7.421534807460378147e+01,7.369813408576317837e-01,1.143007031597662176e-01,1.268069449442839058e+01
7.421534807460378147e+01,7.369813408576317837e-01,1.143007031597662176e-01,1.268069449442839058e+01
7.424784191413812096e+01,7.371295351723710088e-01,1.136663446109154318e-01,1.299808196700334229e+01
7.424784191413812096e+01,7.371295351723710088e-01,1.136663446109154318e-01,1.299808196700334229e+01
7.424784191413812096e+01,7.371295351723710088e-01,1.136663446109154318e-01,1.299808196700334229e+01
7.424784191413812096e+01,7.371295351723710088e-01,1.136663446109154318e-01,1.299808196700334229e+01
7.424784191413812096e+01,7.371295351723710088e-01,1.136663446109154318e-01,1.299808196700334229e+01
7.424784191413812096e+01,7.371295351723710088e-01,1.136663446109154318e-01,1.299808196700334229e+01
7.424784191413812096e+01,7.371295351723710088e-01,1.136663446109154318e-01,1.299808196700334229e+01
7.424784191413812096e+01,7.371295351723710088e-01,1.136663446109154318e-01,1.299808196700334229e+01
7.410433811952152894e+01,7.364750589143954640e-01,1.164678866943425761e-01,1.159639145178582531e+01
7.410433811952152894e+01,7.364750589143954640e-01,1.164678866943425761e-01,1.159639145178582531e+01
7.406750856351408174e+01,7.356899358715376369e-01,1.249159139068854590e-01,1.045911035502247799e+01
7.406750856351408174e+01,7.356899358715376369e-01,1.249159139068854590e-01,1.045911035502247799e+01
7.379051509554032862e+01,7.348298503611234711e-01,1.180578201118560044e-01,1.004676363541249451e+01
7.384605510956119190e+01,7.349319625101101705e-01,1.239457689615112990e-01,9.792953405214579021e+00
7.384605510956119190e+01,7.349319625101101705e-01,1.239457689615112990e-01,9.792953405214579021e+00
7.508605717046283701e+01,7.397127102740408411e-01,1.408220748043433057e-01,1.193051494099867682e+01
7.508605717046283701e+01,7.397127102740408411e-01,1.408220748043433057e-01,1.193051494099867682e+01
7.510611405399667717e+01,7.419376461289004521e-01,1.307095610270664343e-01,1.311790878949777905e+01
7.510611405399667717e+01,7.419376461289004521e-01,1.307095610270664343e-01,1.311790878949777905e+01
7.506021584835815474e+01,7.412219489714233500e-01,1.407242221558047957e-01,1.222730249289600835e+01
7.506021584835815474e+01,7.412219489714233500e-01,1.407242221558047957e-01,1.222730249289600835e+01
7.506021584835815474e+01,7.412219489714233500e-01,1.407242221558047957e-01,1.222730249289600835e+01
7.506021584835815474e+01,7.412219489714233500e-01,1.407242221558047957e-01,1.222730249289600835e+01
7.506021584835815474e+01,7.412219489714233500e-01,1.407242221558047957e-01,1.222730249289600835e+01
7.506021584835815474e+01,7.412219489714233500e-01,1.407242221558047957e-01,1.222730249289600835e+01
7.506021584835815474e+01,7.412219489714233500e-01,1.407242221558047957e-01,1.222730249289600835e+01
7.506699638279425812e+01,7.413891293865384480e-01,1.386654675974679507e-01,1.228738326440011797e+01
7.506699638279425812e+01,7.413891293865384480e-01,1.386654675974679507e-01,1.228738326440011797e+01
7.506699638279425812e+01,7.413891293865384480e-01,1.386654675974679507e-01,1.228738326440011797e+01
7.506699638279425812e+01,7.413891293865384480e-01,1.386654675974679507e-01,1.228738326440011797e+01
7.506699638279425812e+01,7.413891293865384480e-01,1.386654675974679507e-01,1.228738326440011797e+01
7.506699638279425812e+01,7.413891293865384480e-01,1.386654675974679507e-01,1.228738326440011797e+01
7.489675666008356814e+01,7.396670543743394388e-01,1.384236387188813033e-01,1.236440817443591200e+01
7.489675666008356814e+01,7.396670543743394388e-01,1.384236387188813033e-01,1.236440817443591200e+01
7.490375891866406732e+01,7.395282810288995590e-01,1.398424909659149451e-01,1.232737579748781087e+01
7.496257314476248723e+01,7.419653291869564571e-01,1.245935779947203448e-01,1.281256274065298051e+01
7.496257314476248723e+01,7.419653291869564571e-01,1.245935779947203448e-01,1.281256274065298051e+01
7.496257314476248723e+01,7.419653291869564571e-01,1.245935779947203448e-01,1.281256274065298051e+01
7.496257314476248723e+01,7.419653291869564571e-01,1.245935779947203448e-01,1.281256274065298051e+01
7.496257314476248723e+01,7.419653291869564571e-01,1.245935779947203448e-01,1.281256274065298051e+01
7.496257314476248723e+01,7.419653291869564571e-01,1.245935779947203448e-01,1.281256274065298051e+01
7.496257314476248723e+01,7.419653291869564571e-01,1.245935779947203448e-01,1.281256274065298051e+01
7.496257314476248723e+01,7.419653291869564571e-01,1.245935779947203448e-01,1.281256274065298051e+01
7.493216456610024068e+01,7.417740208764485033e-01,1.244510562042012436e-01,1.274483058630218579e+01
7.493216456610024068e+01,7.417740208764485033e-01,1.244510562042012436e-01,1.274483058630218579e+01
7.493216456610024068e+01,7.417740208764485033e-01,1.244510562042012436e-01,1.274483058630218579e+01
7.493216456610024068e+01,7.417740208764485033e-01,1.244510562042012436e-01,1.274483058630218579e+01
7.493216456610024068e+01,7.417740208764485033e-01,1.244510562042012436e-01,1.274483058630218579e+01
7.493216456610024068e+01,7.417740208764485033e-01,1.244510562042012436e-01,1.274483058630218579e+01
7.493216456610024068e+01,7.417740208764485033e-01,1.244510562042012436e-01,1.274483058630218579e+01
7.493216456610024068e+01,7.417740208764485033e-01,1.244510562042012436e-01,1.274483058630218579e+01
7.493216456610024068e+01,7.417740208764485033e-01,1.244510562042012436e-01,1.274483058630218579e+01
7.493216456610024068e+01,7.417740208764485033e-01,1.244510562042012436e-01,1.274483058630218579e+01
7.483086250923066984e+01,7.407449474658330812e-01,1.292108447525213144e-01,1.235829180002887284e+01
7.473090549820219053e+01,7.399049315672451277e-01,1.277158728350408778e-01,1.242651061246484190e+01
7.473090549820219053e+01,7.399049315672451277e-01,1.277158728350408778e-01,1.242651061246484190e+01
7.469242935010267104e+01,7.408389349359688625e-01,1.208669544850766858e-01,1.272953009892320786e+01
7.470310517260392658e+01,7.408912603960995380e-01,1.208333815190099914e-01,1.278653343974425916e+01
7.471632776280952726e+01,7.410393164639607066e-01,1.213115444147329497e-01,1.271010454512762422e+01
7.471632776280952726e+01,7.410393164639607066e-01,1.213115444147329497e-01,1.271010454512762422e+01
7.486690185608182446e+01,7.435746086751424677e-01,1.068187538344125553e-01,1.371962902901219472e+01
7.486690185608182446e+01,7.435746086751424677e-01,1.068187538344125553e-01,1.371962902901219472e+01
7.486690185608182446e+01,7.435746086751424677e-01,1.068187538344125553e-01,1.371962902901219472e+01
7.486690185608182446e+01,7.435746086751424677e-01,1.068187538344125553e-01,1.371962902901219472e+01
7.486690185608182446e+01,7.435746086751424677e-01,1.068187538344125553e-01,1.371962902901219472e+01
7.450838002902715118e+01,7.404633117686373334e-01,1.072493814915295857e-01,1.361868124573911487e+01
7.445303578526703348e+01,7.378881904586583884e-01,1.152331414612169508e-01,1.366180320375045554e+01
7.445303578526703348e+01,7.378881904586583884e-01,1.152331414612169508e-01,1.366180320375045554e+01
7.428642072749026681e+01,7.367847957333224507e-01,1.115378800484755767e-01,1.370801619255922077e+01
7.428642072749026681e+01,7.367847957333224507e-01,1.115378800484755767e-01,1.370801619255922077e+01
7.428642072749026681e+01,7.367847957333224507e-01,1.115378800484755767e-01,1.370801619255922077e+01
7.428642072749026681e+01,7.367847957333224507e-01,1.115378800484755767e-01,1.370801619255922077e+01
7.428642072749026681e+01,7.367847957333224507e-01,1.115378800484755767e-01,1.370801619255922077e+01
7.428642072749026681e+01,7.367847957333224507e-01,1.115378800484755767e-01,1.370801619255922077e+01
7.428642072749026681e+01,7.367847957333224507e-01,1.115378800484755767e-01,1.370801619255922077e+01
7.428642072749026681e+01,7.367847957333224507e-01,1.115378800484755767e-01,1.370801619255922077e+01
7.428642072749026681e+01,7.367847957333224507e-01,1.115378800484755767e-01,1.370801619255922077e+01
7.428642072749026681e+01,7.367847957333224507e-01,1.115378800484755767e-01,1.370801619255922077e+01
7.428642072749026681e+01,7.367847957333224507e-01,1.115378800484755767e-01,1.370801619255922077e+01
7.435380934454678936e+01,7.373235832581500615e-01,1.106725104055481801e-01,1.399999991257931953e+01
7.435380934454678936e+01,7.373235832581500615e-01,1.106725104055481801e-01,1.399999991257931953e+01
7.435380934454678936e+01,7.373235832581500615e-01,1.106725104055481801e-01,1.399999991257931953e+01
7.435380934454678936e+01,7.373235832581500615e-01,1.106725104055481801e-01,1.399999991257931953e+01
7.435380934454678936e+01,7.373235832581500615e-01,1.106725104055481801e-01,1.399999991257931953e+01
7.435380934454678936e+01,7.373235832581500615e-01,1.106725104055481801e-01,1.399999991257931953e+01
7.444953972019331445e+01,7.375066148631282958e-01,1.131500563474317489e-01,1.430113388729260926e+01
7.444953972019331445e+01,7.375066148631282958e-01,1.131500563474317489e-01,1.430113388729260926e+01
7.444953972019331445e+01,7.375066148631282958e-01,1.131500563474317489e-01,1.430113388729260926e+01
7.444953972019331445e+01,7.375066148631282958e-01,1.131500563474317489e-01,1.430113388729260926e+01
7.444953972019331445e+01,7.375066148631282958e-01,1.131500563474317489e-01,1.430113388729260926e+01
7.445743666817730855e+01,7.375472437696019012e-01,1.120353270790591799e-01,1.444502914332716514e+01
7.445743666817730855e+01,7.375472437696019012e-01,1.120353270790591799e-01,1.444502914332716514e+01
7.445743666817730855e+01,7.375472437696019012e-01,1.120353270790591799e-01,1.444502914332716514e+01
7.445743666817730855e+01,7.375472437696019012e-01,1.120353270790591799e-01,1.444502914332716514e+01
7.445715704066384433e+01,7.375218064582339528e-01,1.120267509304203324e-01,1.446236753884162951e+01
7.445715704066384433e+01,7.375218064582339528e-01,1.120267509304203324e-01,1.446236753884162951e+01
7.445715704066384433e+01,7.375218064582339528e-01,1.120267509304203324e-01,1.446236753884162951e+01
7.446220699689835953e+01,7.375522989589609058e-01,1.081185348889629749e-01,1.472932720006205543e+01
7.440133092266574977e+01,7.367688308281867826e-01,1.229462628860215623e-01,1.323696015131419657e+01
7.440133092266574977e+01,7.367688308281867826e-01,1.229462628860215623e-01,1.323696015131419657e+01
7.440133092266574977e+01,7.367688308281867826e-01,1.229462628860215623e-01,1.323696015131419657e+01
7.433184912764519936e+01,7.372379688807286779e-01,1.023138773356718489e-01,1.508157416379925131e+01
7.433184912764519936e+01,7.372379688807286779e-01,1.023138773356718489e-01,1.508157416379925131e+01
7.433184912764519936e+01,7.372379688807286779e-01,1.023138773356718489e-01,1.508157416379925131e+01
7.433184912764519936e+01,7.372379688807286779e-01,1.023138773356718489e-01,1.508157416379925131e+01
7.433184912764519936e+01,7.372379688807286779e-01,1.023138773356718489e-01,1.508157416379925131e+01
7.433184912764519936e+01,7.372379688807286779e-01,1.023138773356718489e-01,1.508157416379925131e+01
7.433184912764519936e+01,7.372379688807286779e-01,1.023138773356718489e-01,1.508157416379925131e+01
7.433184912764519936e+01,7.372379688807286779e-01,1.023138773356718489e-01,1.508157416379925131e+01
7.433184912764519936e+01,7.372379688807286779e-01,1.023138773356718489e-01,1.508157416379925131e+01
7.433184912764519936e+01,7.372379688807286779e-01,1.023138773356718489e-01,1.508157416379925131e+01
7.439274796385797117e+01,7.377410385451413921e-01,1.064501858459881850e-01,1.453584538707308127e+01
7.439274796385797117e+01,7.377410385451413921e-01,1.064501858459881850e-01,1.453584538707308127e+01
7.439274796385797117e+01,7.377410385451413921e-01,1.064501858459881850e-01,1.453584538707308127e+01
7.439274796385797117e+01,7.377410385451413921e-01,1.064501858459881850e-01,1.453584538707308127e+01
7.439274796385797117e+01,7.377410385451413921e-01,1.064501858459881850e-01,1.453584538707308127e+01
7.439274796385797117e+01,7.377410385451413921e-01,1.064501858459881850e-01,1.453584538707308127e+01
7.441006491577755355e+01,7.378840894428694286e-01,1.076263701551174040e-01,1.438066411308814985e+01
7.441006491577755355e+01,7.378840894428694286e-01,1.076263701551174040e-01,1.438066411308814985e+01
7.441006491577755355e+01,7.378840894428694286e-01,1.076263701551174040e-01,1.438066411308814985e+01
7.416157941314996549e+01,7.371444723625111273e-01,1.014486737986287496e-01,1.376514647358384202e+01
7.416157941314996549e+01,7.371444723625111273e-01,1.014486737986287496e-01,1.376514647358384202e+01
7.425915497614795413e+01,7.372594616276294532e-01,1.111045272630198921e-01,1.307516074265030781e+01
7.398975323291055872e+01,7.365240506838568457e-01,1.063467789435109251e-01,1.222801870290724402e+01
7.398975323291055872e+01,7.365240506838568457e-01,1.063467789435109251e-01,1.222801870290724402e+01
7.412134622829870523e+01,7.369879035779913767e-01,1.111917926871477530e-01,1.227041845971117162e+01
7.412134622829870523e+01,7.369879035779913767e-01,1.111917926871477530e-01,1.227041845971117162e+01
7.412134622829870523e+01,7.369879035779913767e-01,1.111917926871477530e-01,1.227041845971117162e+01
7.382201868448287030e+01,7.351974196818542584e-01,1.053144784597143252e-01,1.242578275248708231e+01
7.382201868448287030e+01,7.351974196818542584e-01,1.053144784597143252e-01,1.242578275248708231e+01
7.398709866237648214e+01,7.358486958135055378e-01,1.075193056117172419e-01,1.281040012201687261e+01
7.398709866237648214e+01,7.358486958135055378e-01,1.075193056117172419e-01,1.281040012201687261e+01
7.398709866237648214e+01,7.358486958135055378e-01,1.075193056117172419e-01,1.281040012201687261e+01
7.399084108197810394e+01,7.365033017902994361e-01,1.056720137970963563e-01,1.292532576111121578e+01
7.389264535151100688e+01,7.359816240243367558e-01,1.029979839563792410e-01,1.313146298882425533e+01
7.389264535151100688e+01,7.359816240243367558e-01,1.029979839563792410e-01,1.313146298882425533e+01
7.389264535151100688e+01,7.359816240243367558e-01,1.029979839563792410e-01,1.313146298882425533e+01
7.389264535151100688e+01,7.359816240243367558e-01,1.029979839563792410e-01,1.313146298882425533e+01
7.389264535151100688e+01,7.359816240243367558e-01,1.029979839563792410e-01,1.313146298882425533e+01
7.389264535151100688e+01,7.359816240243367558e-01,1.029979839563792410e-01,1.313146298882425533e+01
7.389264535151100688e+01,7.359816240243367558e-01,1.029979839563792410e-01,1.313146298882425533e+01
7.389264535151100688e+01,7.359816240243367558e-01,1.029979839563792410e-01,1.313146298882425533e+01
7.389264535151100688e+01,7.359816240243367558e-01,1.029979839563792410e-01,1.313146298882425533e+01
7.389264535151100688e+01,7.359816240243367558e-01,1.029979839563792410e-01,1.313146298882425533e+01
7.385349203299983856e+01,7.360540942698515776e-01,9.945062028764840856e-02,1.341565251921325697e+01
7.385349203299983856e+01,7.360540942698515776e-01,9.945062028764840856e-02,1.341565251921325697e+01
7.385349203299983856e+01,7.360540942698515776e-01,9.945062028764840856e-02,1.341565251921325697e+01
7.391454671711272795e+01,7.361118594465555498e-01,1.018444203314047836e-01,1.341926013108495930e+01
7.392685295469749462e+01,7.360816747001730498e-01,1.030954824836744221e-01,1.331055993028489226e+01
7.392685295469749462e+01,7.360816747001730498e-01,1.030954824836744221e-01,1.331055993028489226e+01
7.392685295469749462e+01,7.360816747001730498e-01,1.030954824836744221e-01,1.331055993028489226e+01
7.389274840099223240e+01,7.360784569170334413e-01,9.624551324286378939e-02,1.389545416117992893e+01
7.389274840099223240e+01,7.360784569170334413e-01,9.624551324286378939e-02,1.389545416117992893e+01
7.398017358809318011e+01,7.362551703353468202e-01,1.023233576376292864e-01,1.349972503689780545e+01
7.398017358809318011e+01,7.362551703353468202e-01,1.023233576376292864e-01,1.349972503689780545e+01
7.398017358809318011e+01,7.362551703353468202e-01,1.023233576376292864e-01,1.349972503689780545e+01
7.398017358809318011e+01,7.362551703353468202e-01,1.023233576376292864e-01,1.349972503689780545e+01
7.392667901089713212e+01,7.361962075159242946e-01,9.942381581993836592e-02,1.366704654669768715e+01
7.393361564339856784e+01,7.362075950429793902e-01,1.000588017043470279e-01,1.359444237093557106e+01
7.393361564339856784e+01,7.362075950429793902e-01,1.000588017043470279e-01,1.359444237093557106e+01
7.393361564339856784e+01,7.362075950429793902e-01,1.000588017043470279e-01,1.359444237093557106e+01
7.393361564339856784e+01,7.362075950429793902e-01,1.000588017043470279e-01,1.359444237093557106e+01
7.393361564339856784e+01,7.362075950429793902e-01,1.000588017043470279e-01,1.359444237093557106e+01
7.393361564339856784e+01,7.362075950429793902e-01,1.000588017043470279e-01,1.359444237093557106e+01
7.393361564339856784e+01,7.362075950429793902e-01,1.000588017043470279e-01,1.359444237093557106e+01
7.393361564339856784e+01,7.362075950429793902e-01,1.000588017043470279e-01,1.359444237093557106e+01
7.393361564339856784e+01,7.362075950429793902e-01,1.000588017043470279e-01,1.359444237093557106e+01
7.393361564339856784e+01,7.362075950429793902e-01,1.000588017043470279e-01,1.359444237093557106e+01
7.393361564339856784e+01,7.362075950429793902e-01,1.000588017043470279e-01,1.359444237093557106e+01
7.393361564339856784e+01,7.362075950429793902e-01,1.000588017043470279e-01,1.359444237093557106e+01
7.369813846339496877e+01,7.364793319279507866e-01,8.687539611931280326e-02,1.445672795094217022e+01
7.369813846339496877e+01,7.364793319279507866e-01,8.687539611931280326e-02,1.445672795094217022e+01
7.369813846339496877e+01,7.364793319279507866e-01,8.687539611931280326e-02,1.445672795094217022e+01
7.369813846339496877e+01,7.364793319279507866e-01,8.687539611931280326e-02,1.445672795094217022e+01
7.369813846339496877e+01,7.364793319279507866e-01,8.687539611931280326e-02,1.445672795094217022e+01
7.369813846339496877e+01,7.364793319279507866e-01,8.687539611931280326e-02,1.445672795094217022e+01
7.369813846339496877e+01,7.364793319279507866e-01,8.687539611931280326e-02,1.445672795094217022e+01
7.374186839510778668e+01,7.364715176236747984e-01,9.236383727738581295e-02,1.401615103594065204e+01
7.374186839510778668e+01,7.364715176236747984e-01,9.236383727738581295e-02,1.401615103594065204e+01
7.374186839510778668e+01,7.364715176236747984e-01,9.236383727738581295e-02,1.401615103594065204e+01
7.379034736164631170e+01,7.365848354394575193e-01,9.383087062053103999e-02,1.393026718331396552e+01
7.379034736164631170e+01,7.365848354394575193e-01,9.383087062053103999e-02,1.393026718331396552e+01
7.379034736164631170e+01,7.365848354394575193e-01,9.383087062053103999e-02,1.393026718331396552e+01
7.379034736164631170e+01,7.365848354394575193e-01,9.383087062053103999e-02,1.393026718331396552e+01
7.379034736164631170e+01,7.365848354394575193e-01,9.383087062053103999e-02,1.393026718331396552e+01
7.379034736164631170e+01,7.365848354394575193e-01,9.383087062053103999e-02,1.393026718331396552e+01
7.387518474253008094e+01,7.369503604234630689e-01,9.401840671468032762e-02,1.428276484415994751e+01
7.387518474253008094e+01,7.369503604234630689e-01,9.401840671468032762e-02,1.428276484415994751e+01
7.387518474253008094e+01,7.369503604234630689e-01,9.401840671468032762e-02,1.428276484415994751e+01
7.387518474253008094e+01,7.369503604234630689e-01,9.401840671468032762e-02,1.428276484415994751e+01
7.476733410767967314e+01,7.250038473591643440e-01,1.611418100569231016e-01,1.522023275795297970e+01
7.476733410767967314e+01,7.250038473591643440e-01,1.611418100569231016e-01,1.522023275795297970e+01
7.476733410767967314e+01,7.250038473591643440e-01,1.611418100569231016e-01,1.522023275795297970e+01
7.429881044803019563e+01,7.268404797994352240e-01,1.436734081329493762e-01,1.412777853940917261e+01
7.429881044803019563e+01,7.268404797994352240e-01,1.436734081329493762e-01,1.412777853940917261e+01
7.429881044803019563e+01,7.268404797994352240e-01,1.436734081329493762e-01,1.412777853940917261e+01
7.429881044803019563e+01,7.268404797994352240e-01,1.436734081329493762e-01,1.412777853940917261e+01
7.429881044803019563e+01,7.268404797994352240e-01,1.436734081329493762e-01,1.412777853940917261e+01
7.429881044803019563e+01,7.268404797994352240e-01,1.436734081329493762e-01,1.412777853940917261e+01
7.429881044803019563e+01,7.268404797994352240e-01,1.436734081329493762e-01,1.412777853940917261e+01
7.429881044803019563e+01,7.268404797994352240e-01,1.436734081329493762e-01,1.412777853940917261e+01
7.437365850680959056e+01,7.283413918489231031e-01,1.496785403874277554e-01,1.333353075548579270e+01
7.437365850680959056e+01,7.283413918489231031e-01,1.496785403874277554e-01,1.333353075548579270e+01
7.437365850680959056e+01,7.283413918489231031e-01,1.496785403874277554e-01,1.333353075548579270e+01
7.467377004153753717e+01,7.326147790121243508e-01,1.326452594124835349e-01,1.629698466955962743e+01
7.466899649227832469e+01,7.326188406614063675e-01,1.324481346387058611e-01,1.629701735451768130e+01
7.466899649227832469e+01,7.326188406614063675e-01,1.324481346387058611e-01,1.629701735451768130e+01
7.467384324406691576e+01,7.326673714896493328e-01,1.314261468158340329e-01,1.636840015468505882e+01
7.467384324406691576e+01,7.326673714896493328e-01,1.314261468158340329e-01,1.636840015468505882e+01
7.467384324406691576e+01,7.326673714896493328e-01,1.314261468158340329e-01,1.636840015468505882e+01
7.467384324406691576e+01,7.326673714896493328e-01,1.314261468158340329e-01,1.636840015468505882e+01
7.467384324406691576e+01,7.326673714896493328e-01,1.314261468158340329e-01,1.636840015468505882e+01
7.467111877795714747e+01,7.329008132414065457e-01,1.340017417628576735e-01,1.589697651071027273e+01
7.467111877795714747e+01,7.329008132414065457e-01,1.340017417628576735e-01,1.589697651071027273e+01
7.467111877795714747e+01,7.329008132414065457e-01,1.340017417628576735e-01,1.589697651071027273e+01
7.467111877795714747e+01,7.329008132414065457e-01,1.340017417628576735e-01,1.589697651071027273e+01
7.467489291759603987e+01,7.329113180428302732e-01,1.345749813791002891e-01,1.585596124036276855e+01
7.467489291759603987e+01,7.329113180428302732e-01,1.345749813791002891e-01,1.585596124036276855e+01
7.467489291759603987e+01,7.329113180428302732e-01,1.345749813791002891e-01,1.585596124036276855e+01
7.441688171307437472e+01,7.294726687500401319e-01,1.504945924174718730e-01,1.302195752905694270e+01
7.441688171307437472e+01,7.294726687500401319e-01,1.504945924174718730e-01,1.302195752905694270e+01
7.441688171307437472e+01,7.294726687500401319e-01,1.504945924174718730e-01,1.302195752905694270e+01
7.441688171307437472e+01,7.294726687500401319e-01,1.504945924174718730e-01,1.302195752905694270e+01
7.441688171307437472e+01,7.294726687500401319e-01,1.504945924174718730e-01,1.302195752905694270e+01
7.441688171307437472e+01,7.294726687500401319e-01,1.504945924174718730e-01,1.302195752905694270e+01
7.441688171307437472e+01,7.294726687500401319e-01,1.504945924174718730e-01,1.302195752905694270e+01
7.441688171307437472e+01,7.294726687500401319e-01,1.504945924174718730e-01,1.302195752905694270e+01
7.441688171307437472e+01,7.294726687500401319e-01,1.504945924174718730e-01,1.302195752905694270e+01
7.441688171307437472e+01,7.294726687500401319e-01,1.504945924174718730e-01,1.302195752905694270e+01
7.441688171307437472e+01,7.294726687500401319e-01,1.504945924174718730e-01,1.302195752905694270e+01
7.441688171307437472e+01,7.294726687500401319e-01,1.504945924174718730e-01,1.302195752905694270e+01
7.441688171307437472e+01,7.294726687500401319e-01,1.504945924174718730e-01,1.302195752905694270e+01
7.441688171307437472e+01,7.294726687500401319e-01,1.504945924174718730e-01,1.302195752905694270e+01
7.455981114406429811e+01,7.337503650753394169e-01,1.462170442405872073e-01,1.199277246576419742e+01
7.455981114406429811e+01,7.337503650753394169e-01,1.462170442405872073e-01,1.199277246576419742e+01
7.455981114406429811e+01,7.337503650753394169e-01,1.462170442405872073e-01,1.199277246576419742e+01
7.455981114406429811e+01,7.337503650753394169e-01,1.462170442405872073e-01,1.199277246576419742e+01
7.457644801680515911e+01,7.335701393684923577e-01,1.481816305106877230e-01,1.190518273014177630e+01
7.457644801680515911e+01,7.335701393684923577e-01,1.481816305106877230e-01,1.190518273014177630e+01
7.457644801680515911e+01,7.335701393684923577e-01,1.481816305106877230e-01,1.190518273014177630e+01
7.448897895631303356e+01,7.358278400579196799e-01,1.284789605380969313e-01,1.292846780816097585e+01
7.448897895631303356e+01,7.358278400579196799e-01,1.284789605380969313e-01,1.292846780816097585e+01
7.448897895631303356e+01,7.358278400579196799e-01,1.284789605380969313e-01,1.292846780816097585e+01
7.448897895631303356e+01,7.358278400579196799e-01,1.284789605380969313e-01,1.292846780816097585e+01
7.453908829729002150e+01,7.355458908988674605e-01,1.325296628752891948e-01,1.277671380403338830e+01
7.453908829729002150e+01,7.355458908988674605e-01,1.325296628752891948e-01,1.277671380403338830e+01
7.453908829729002150e+01,7.355458908988674605e-01,1.325296628752891948e-01,1.277671380403338830e+01
7.460749650484970630e+01,7.356563675796187196e-01,1.249153314424679417e-01,1.398404201983245443e+01
7.460749650484970630e+01,7.356563675796187196e-01,1.249153314424679417e-01,1.398404201983245443e+01
7.444218566121925562e+01,7.352250180672030844e-01,1.226987456678186039e-01,1.364790140610703695e+01
7.444154978872792583e+01,7.352256120967687325e-01,1.227826530217184242e-01,1.363707953280877483e+01
7.444154978872792583e+01,7.352256120967687325e-01,1.227826530217184242e-01,1.363707953280877483e+01
7.444154978872792583e+01,7.352256120967687325e-01,1.227826530217184242e-01,1.363707953280877483e+01
7.444154978872792583e+01,7.352256120967687325e-01,1.227826530217184242e-01,1.363707953280877483e+01
7.444457300573550640e+01,7.355443154058167732e-01,1.219509426250603157e-01,1.362111570823321571e+01
7.444457300573550640e+01,7.355443154058167732e-01,1.219509426250603157e-01,1.362111570823321571e+01
7.436277206605619483e+01,7.355469054509841120e-01,1.328444614553370151e-01,1.224443052034888524e+01
7.436277206605619483e+01,7.355469054509841120e-01,1.328444614553370151e-01,1.224443052034888524e+01
7.439669457239524775e+01,7.361785485603281609e-01,1.309168486040991897e-01,1.230575365650071440e+01
7.439669457239524775e+01,7.361785485603281609e-01,1.309168486040991897e-01,1.230575365650071440e+01
7.440850048258380411e+01,7.364056315148524989e-01,1.312887328471790682e-01,1.212065017427872426e+01
7.440850048258380411e+01,7.364056315148524989e-01,1.312887328471790682e-01,1.212065017427872426e+01
7.440850048258380411e+01,7.364056315148524989e-01,1.312887328471790682e-01,1.212065017427872426e+01
7.439317961649777544e+01,7.357068792573502325e-01,1.379748302590066700e-01,1.162376787041362114e+01
7.439317961649777544e+01,7.357068792573502325e-01,1.379748302590066700e-01,1.162376787041362114e+01
7.439317961649777544e+01,7.357068792573502325e-01,1.379748302590066700e-01,1.162376787041362114e+01
7.439317961649777544e+01,7.357068792573502325e-01,1.379748302590066700e-01,1.162376787041362114e+01
7.439317961649777544e+01,7.357068792573502325e-01,1.379748302590066700e-01,1.162376787041362114e+01
7.441636041083698672e+01,7.359549700539657069e-01,1.426296923171176956e-01,1.120198945517367584e+01
7.441636041083698672e+01,7.359549700539657069e-01,1.426296923171176956e-01,1.120198945517367584e+01
7.441636041083698672e+01,7.359549700539657069e-01,1.426296923171176956e-01,1.120198945517367584e+01
7.460472977794471205e+01,7.359991007141606367e-01,1.294653356273753053e-01,1.342350186852504734e+01
7.460472977794471205e+01,7.359991007141606367e-01,1.294653356273753053e-01,1.342350186852504734e+01
7.460472977794471205e+01,7.359991007141606367e-01,1.294653356273753053e-01,1.342350186852504734e+01
7.465916680193667787e+01,7.359351587191678146e-01,1.318864796910408088e-01,1.353575640847601314e+01
7.465916680193667787e+01,7.359351587191678146e-01,1.318864796910408088e-01,1.353575640847601314e+01
7.470805406504909740e+01,7.366440034999485187e-01,1.293002071773501349e-01,1.399726495376086888e+01
7.470805406504909740e+01,7.366440034999485187e-01,1.293002071773501349e-01,1.399726495376086888e+01
7.470805406504909740e+01,7.366440034999485187e-01,1.293002071773501349e-01,1.399726495376086888e+01
7.470805406504909740e+01,7.366440034999485187e-01,1.293002071773501349e-01,1.399726495376086888e+01
7.470174408308115233e+01,7.376821406448902385e-01,1.284492344338350744e-01,1.338023357722591911e+01
7.457133421876562807e+01,7.375561392482749001e-01,1.222827741313397137e-01,1.356461947307898441e+01
7.457133421876562807e+01,7.375561392482749001e-01,1.222827741313397137e-01,1.356461947307898441e+01
7.457133421876562807e+01,7.375561392482749001e-01,1.222827741313397137e-01,1.356461947307898441e+01
7.457133421876562807e+01,7.375561392482749001e-01,1.222827741313397137e-01,1.356461947307898441e+01
7.457133421876562807e+01,7.375561392482749001e-01,1.222827741313397137e-01,1.356461947307898441e+01
7.457133421876562807e+01,7.375561392482749001e-01,1.222827741313397137e-01,1.356461947307898441e+01
7.453722690882180757e+01,7.377623134217677903e-01,1.263681370002762150e-01,1.274135717878552754e+01
7.453722690882180757e+01,7.377623134217677903e-01,1.263681370002762150e-01,1.274135717878552754e+01
7.440288163071950578e+01,7.374501605568956064e-01,1.102836774078891358e-01,1.383264406439008809e+01
7.449506067746060012e+01,7.375452168788234619e-01,1.251276917563687585e-01,1.250539324309967171e+01
7.454531663168259570e+01,7.378711697797751823e-01,1.270834350680273006e-01,1.232248120070081754e+01
7.454531663168259570e+01,7.378711697797751823e-01,1.270834350680273006e-01,1.232248120070081754e+01
7.454531663168259570e+01,7.378711697797751823e-01,1.270834350680273006e-01,1.232248120070081754e+01
7.454531663168259570e+01,7.378711697797751823e-01,1.270834350680273006e-01,1.232248120070081754e+01
7.454531663168259570e+01,7.378711697797751823e-01,1.270834350680273006e-01,1.232248120070081754e+01
7.454531663168259570e+01,7.378711697797751823e-01,1.270834350680273006e-01,1.232248120070081754e+01
7.454531663168259570e+01,7.378711697797751823e-01,1.270834350680273006e-01,1.232248120070081754e+01
7.458046415809126017e+01,7.382929438384643328e-01,1.292558606223618012e-01,1.233706064734112218e+01
7.458046415809126017e+01,7.382929438384643328e-01,1.292558606223618012e-01,1.233706064734112218e+01
7.458046415809126017e+01,7.382929438384643328e-01,1.292558606223618012e-01,1.233706064734112218e+01
7.458046415809126017e+01,7.382929438384643328e-01,1.292558606223618012e-01,1.233706064734112218e+01
7.458046415809126017e+01,7.382929438384643328e-01,1.292558606223618012e-01,1.233706064734112218e+01
7.458046415809126017e+01,7.382929438384643328e-01,1.292558606223618012e-01,1.233706064734112218e+01
7.458046415809126017e+01,7.382929438384643328e-01,1.292558606223618012e-01,1.233706064734112218e+01
7.464758887526143383e+01,7.384492161785687347e-01,1.381645182195409272e-01,1.101966331448866399e+01
7.477767829776279029e+01,7.381160328024821693e-01,1.516838466455466272e-01,1.030793559647106150e+01
7.477767829776279029e+01,7.381160328024821693e-01,1.516838466455466272e-01,1.030793559647106150e+01
7.456314924467649519e+01,7.376394603248400683e-01,1.342272471374277576e-01,1.169443461777605364e+01
7.458185677394936874e+01,7.374474745843272450e-01,1.367212385794682183e-01,1.165065311252377533e+01
7.458185677394936874e+01,7.374474745843272450e-01,1.367212385794682183e-01,1.165065311252377533e+01
7.458185677394936874e+01,7.374474745843272450e-01,1.367212385794682183e-01,1.165065311252377533e+01
7.458185677394936874e+01,7.374474745843272450e-01,1.367212385794682183e-01,1.165065311252377533e+01
7.458185677394936874e+01,7.374474745843272450e-01,1.367212385794682183e-01,1.165065311252377533e+01
7.458185677394936874e+01,7.374474745843272450e-01,1.367212385794682183e-01,1.165065311252377533e+01
7.467783629570283210e+01,7.377341258407805746e-01,1.454506338915908803e-01,1.106990188430900979e+01
7.467783629570283210e+01,7.377341258407805746e-01,1.454506338915908803e-01,1.106990188430900979e+01
7.467783629570283210e+01,7.377341258407805746e-01,1.454506338915908803e-01,1.106990188430900979e+01
7.467783629570283210e+01,7.377341258407805746e-01,1.454506338915908803e-01,1.106990188430900979e+01
7.467144027846467225e+01,7.377032063957954522e-01,1.452537587653239815e-01,1.106780922242292320e+01
7.467144027846467225e+01,7.377032063957954522e-01,1.452537587653239815e-01,1.106780922242292320e+01
7.467144027846467225e+01,7.377032063957954522e-01,1.452537587653239815e-01,1.106780922242292320e+01
7.479841719604679895e+01,7.379046270800195817e-01,1.551042576780488902e-01,1.073230051683786357e+01
7.479841719604679895e+01,7.379046270800195817e-01,1.551042576780488902e-01,1.073230051683786357e+01
7.445554972199938959e+01,7.372160529412963292e-01,1.353717532622336350e-01,1.134794032343633496e+01
7.445554972199938959e+01,7.372160529412963292e-01,1.353717532622336350e-01,1.134794032343633496e+01
7.445554972199938959e+01,7.372160529412963292e-01,1.353717532622336350e-01,1.134794032343633496e+01
7.445554972199938959e+01,7.372160529412963292e-01,1.353717532622336350e-01,1.134794032343633496e+01
7.445554972199938959e+01,7.372160529412963292e-01,1.353717532622336350e-01,1.134794032343633496e+01
7.445554972199938959e+01,7.372160529412963292e-01,1.353717532622336350e-01,1.134794032343633496e+01
7.445554972199938959e+01,7.372160529412963292e-01,1.353717532622336350e-01,1.134794032343633496e+01
7.445554972199938959e+01,7.372160529412963292e-01,1.353717532622336350e-01,1.134794032343633496e+01
7.445554972199938959e+01,7.372160529412963292e-01,1.353717532622336350e-01,1.134794032343633496e+01
7.444824279366473263e+01,7.367568857938123772e-01,1.417665487505654909e-01,1.082430264554715293e+01
7.458664548166052555e+01,7.364188379012902574e-01,1.550872088802198734e-01,1.008853044405670474e+01
7.456483128651142067e+01,7.362810393297313238e-01,1.585320572999639188e-01,9.667433499959541265e+00
7.453280577526491868e+01,7.365761932130289180e-01,1.499370925541356758e-01,1.029909581821666009e+01
7.444674278345102891e+01,7.362860420339845113e-01,1.569292413730500046e-01,9.235329906338986206e+00
7.444674278345102891e+01,7.362860420339845113e-01,1.569292413730500046e-01,9.235329906338986206e+00
7.444674278345102891e+01,7.362860420339845113e-01,1.569292413730500046e-01,9.235329906338986206e+00
7.444674278345102891e+01,7.362860420339845113e-01,1.569292413730500046e-01,9.235329906338986206e+00
7.444674278345102891e+01,7.362860420339845113e-01,1.569292413730500046e-01,9.235329906338986206e+00
7.444674278345102891e+01,7.362860420339845113e-01,1.569292413730500046e-01,9.235329906338986206e+00
7.444674278345102891e+01,7.362860420339845113e-01,1.569292413730500046e-01,9.235329906338986206e+00
7.432515722258928292e+01,7.358680630249159194e-01,1.555331632530047858e-01,8.930458968697401190e+00
7.432515722258928292e+01,7.358680630249159194e-01,1.555331632530047858e-01,8.930458968697401190e+00
7.432515722258928292e+01,7.358680630249159194e-01,1.555331632530047858e-01,8.930458968697401190e+00
7.432515722258928292e+01,7.358680630249159194e-01,1.555331632530047858e-01,8.930458968697401190e+00
7.432515722258928292e+01,7.358680630249159194e-01,1.555331632530047858e-01,8.930458968697401190e+00
7.433039336140215880e+01,7.359160781227664927e-01,1.549385911524186477e-01,9.003018453377670482e+00
7.433039336140215880e+01,7.359160781227664927e-01,1.549385911524186477e-01,9.003018453377670482e+00
7.432814818406241386e+01,7.359460817393344012e-01,1.541892860689493272e-01,9.069528921538505983e+00
7.432814818406241386e+01,7.359460817393344012e-01,1.541892860689493272e-01,9.069528921538505983e+00
7.432814818406241386e+01,7.359460817393344012e-01,1.541892860689493272e-01,9.069528921538505983e+00
7.432814818406241386e+01,7.359460817393344012e-01,1.541892860689493272e-01,9.069528921538505983e+00
7.432814818406241386e+01,7.359460817393344012e-01,1.541892860689493272e-01,9.069528921538505983e+00
7.440991386560170895e+01,7.366146431127217342e-01,1.503227810254708918e-01,9.623623555986185352e+00
7.440991386560170895e+01,7.366146431127217342e-01,1.503227810254708918e-01,9.623623555986185352e+00
7.440991386560170895e+01,7.366146431127217342e-01,1.503227810254708918e-01,9.623623555986185352e+00
7.440991386560170895e+01,7.366146431127217342e-01,1.503227810254708918e-01,9.623623555986185352e+00
7.440991386560170895e+01,7.366146431127217342e-01,1.503227810254708918e-01,9.623623555986185352e+00
7.440991386560170895e+01,7.366146431127217342e-01,1.503227810254708918e-01,9.623623555986185352e+00
7.440991386560170895e+01,7.366146431127217342e-01,1.503227810254708918e-01,9.623623555986185352e+00
7.440991386560170895e+01,7.366146431127217342e-01,1.503227810254708918e-01,9.623623555986185352e+00
7.440991386560170895e+01,7.366146431127217342e-01,1.503227810254708918e-01,9.623623555986185352e+00
7.322347681076917070e+01,7.228818012253248604e-01,5.200607117379398847e-01,6.490526989152829884e+00
7.322347681076917070e+01,7.228818012253248604e-01,5.200607117379398847e-01,6.490526989152829884e+00
7.322347681076917070e+01,7.228818012253248604e-01,5.200607117379398847e-01,6.490526989152829884e+00
7.322347681076917070e+01,7.228818012253248604e-01,5.200607117379398847e-01,6.490526989152829884e+00
7.322347681076917070e+01,7.228818012253248604e-01,5.200607117379398847e-01,6.490526989152829884e+00
7.322347681076917070e+01,7.228818012253248604e-01,5.200607117379398847e-01,6.490526989152829884e+00
7.322416729824792014e+01,7.228856284625867490e-01,5.198742927781889733e-01,6.492708460497848222e+00
7.319755833542481582e+01,7.229931382430430098e-01,5.317818638130817899e-01,6.298381051204176018e+00
7.327301011637098327e+01,7.233612697499168798e-01,5.107185607222501922e-01,6.465063639370853821e+00
7.327301011637098327e+01,7.233612697499168798e-01,5.107185607222501922e-01,6.465063639370853821e+00
7.327301011637098327e+01,7.233612697499168798e-01,5.107185607222501922e-01,6.465063639370853821e+00
7.346712549204832499e+01,7.238840353464605082e-01,5.004093486054728146e-01,6.644396630177558549e+00
7.346712549204832499e+01,7.238840353464605082e-01,5.004093486054728146e-01,6.644396630177558549e+00
7.344937886997556120e+01,7.236588883874460754e-01,5.035114243596999772e-01,6.649072285565278406e+00
7.333638660811588750e+01,7.230444867404038911e-01,5.195530169855165914e-01,6.375433101328109586e+00
7.333638660811588750e+01,7.230444867404038911e-01,5.195530169855165914e-01,6.375433101328109586e+00
7.333638660811588750e+01,7.230444867404038911e-01,5.195530169855165914e-01,6.375433101328109586e+00
7.333638660811588750e+01,7.230444867404038911e-01,5.195530169855165914e-01,6.375433101328109586e+00
7.333638660811588750e+01,7.230444867404038911e-01,5.195530169855165914e-01,6.375433101328109586e+00
7.333638660811588750e+01,7.230444867404038911e-01,5.195530169855165914e-01,6.375433101328109586e+00
7.333638660811588750e+01,7.230444867404038911e-01,5.195530169855165914e-01,6.375433101328109586e+00
7.333638660811588750e+01,7.230444867404038911e-01,5.195530169855165914e-01,6.375433101328109586e+00
7.333638660811588750e+01,7.230444867404038911e-01,5.195530169855165914e-01,6.375433101328109586e+00
7.333638660811588750e+01,7.230444867404038911e-01,5.195530169855165914e-01,6.375433101328109586e+00
7.333638660811588750e+01,7.230444867404038911e-01,5.195530169855165914e-01,6.375433101328109586e+00
7.329172352171386251e+01,7.240885384846954542e-01,5.631055118587418029e-01,6.197000666695623217e+00
7.329172352171386251e+01,7.240885384846954542e-01,5.631055118587418029e-01,6.197000666695623217e+00
7.329172352171386251e+01,7.240885384846954542e-01,5.631055118587418029e-01,6.197000666695623217e+00
7.329172352171386251e+01,7.240885384846954542e-01,5.631055118587418029e-01,6.197000666695623217e+00
7.329172352171386251e+01,7.240885384846954542e-01,5.631055118587418029e-01,6.197000666695623217e+00
7.329172352171386251e+01,7.240885384846954542e-01,5.631055118587418029e-01,6.197000666695623217e+00
7.329172352171386251e+01,7.240885384846954542e-01,5.631055118587418029e-01,6.197000666695623217e+00
7.329172352171386251e+01,7.240885384846954542e-01,5.631055118587418029e-01,6.197000666695623217e+00
7.329172352171386251e+01,7.240885384846954542e-01,5.631055118587418029e-01,6.197000666695623217e+00
7.329172352171386251e+01,7.240885384846954542e-01,5.631055118587418029e-01,6.197000666695623217e+00
7.329172352171386251e+01,7.240885384846954542e-01,5.631055118587418029e-01,6.197000666695623217e+00
7.329172352171386251e+01,7.240885384846954542e-01,5.631055118587418029e-01,6.197000666695623217e+00
7.329172352171386251e+01,7.240885384846954542e-01,5.631055118587418029e-01,6.197000666695623217e+00
7.329172352171386251e+01,7.240885384846954542e-01,5.631055118587418029e-01,6.197000666695623217e+00
7.329172352171386251e+01,7.240885384846954542e-01,5.631055118587418029e-01,6.197000666695623217e+00
7.336212241243592302e+01,7.244495443587813943e-01,5.814635333405261397e-01,6.275567939622354707e+00
7.336212241243592302e+01,7.244495443587813943e-01,5.814635333405261397e-01,6.275567939622354707e+00
7.336212241243592302e+01,7.244495443587813943e-01,5.814635333405261397e-01,6.275567939622354707e+00
7.336212241243592302e+01,7.244495443587813943e-01,5.814635333405261397e-01,6.275567939622354707e+00
7.342759394750919455e+01,7.245861613112515309e-01,5.590278148582665807e-01,6.375095665114504762e+00
7.342759394750919455e+01,7.245861613112515309e-01,5.590278148582665807e-01,6.375095665114504762e+00
7.365654150028916547e+01,7.254160246173969595e-01,5.268245917529512656e-01,6.620431282281440843e+00
7.352343860910404771e+01,7.243716124622190389e-01,5.331625020114029168e-01,6.496118156027749002e+00
7.352343860910404771e+01,7.243716124622190389e-01,5.331625020114029168e-01,6.496118156027749002e+00
7.352343860910404771e+01,7.243716124622190389e-01,5.331625020114029168e-01,6.496118156027749002e+00
7.348623352730346880e+01,7.239371717044628118e-01,5.382916377059215884e-01,6.490532405282235295e+00
7.348623352730346880e+01,7.239371717044628118e-01,5.382916377059215884e-01,6.490532405282235295e+00
7.333572619520586500e+01,7.225975258939254520e-01,5.476107448496972951e-01,6.398000243997483238e+00
7.333572619520586500e+01,7.225975258939254520e-01,5.476107448496972951e-01,6.398000243997483238e+00
7.333572619520586500e+01,7.225975258939254520e-01,5.476107448496972951e-01,6.398000243997483238e+00
7.337593833224455864e+01,7.234056773248956906e-01,4.965954289793798049e-01,6.574026869060294764e+00
7.337593833224455864e+01,7.234056773248956906e-01,4.965954289793798049e-01,6.574026869060294764e+00
7.332075866191868840e+01,7.232927920122552701e-01,4.209021560680252794e-01,6.451359407523398204e+00
7.332075866191868840e+01,7.232927920122552701e-01,4.209021560680252794e-01,6.451359407523398204e+00
7.332075866191868840e+01,7.232927920122552701e-01,4.209021560680252794e-01,6.451359407523398204e+00
7.332075866191868840e+01,7.232927920122552701e-01,4.209021560680252794e-01,6.451359407523398204e+00
7.332075866191868840e+01,7.232927920122552701e-01,4.209021560680252794e-01,6.451359407523398204e+00
7.332075866191868840e+01,7.232927920122552701e-01,4.209021560680252794e-01,6.451359407523398204e+00
7.349047362090371394e+01,7.244074672725032693e-01,4.513740490578443953e-01,6.559665509848353615e+00
7.349047362090371394e+01,7.244074672725032693e-01,4.513740490578443953e-01,6.559665509848353615e+00
7.349047362090371394e+01,7.244074672725032693e-01,4.513740490578443953e-01,6.559665509848353615e+00
7.346798460468512815e+01,7.241777682454226817e-01,4.396837169163430037e-01,6.558514442080124240e+00
7.346798460468512815e+01,7.241777682454226817e-01,4.396837169163430037e-01,6.558514442080124240e+00
7.346798460468512815e+01,7.241777682454226817e-01,4.396837169163430037e-01,6.558514442080124240e+00
7.346798460468512815e+01,7.241777682454226817e-01,4.396837169163430037e-01,6.558514442080124240e+00
7.347346452225684743e+01,7.242600840780168969e-01,4.353977606660205391e-01,6.554053351307622677e+00
7.347346452225684743e+01,7.242600840780168969e-01,4.353977606660205391e-01,6.554053351307622677e+00
7.353992659235117912e+01,7.251212510828122237e-01,4.421552718727682629e-01,6.511239991839297581e+00
7.353992659235117912e+01,7.251212510828122237e-01,4.421552718727682629e-01,6.511239991839297581e+00
7.353992659235117912e+01,7.251212510828122237e-01,4.421552718727682629e-01,6.511239991839297581e+00
7.353992659235117912e+01,7.251212510828122237e-01,4.421552718727682629e-01,6.511239991839297581e+00
7.358790731343340497e+01,7.255163196391697378e-01,4.844842935377021154e-01,6.535969568772626026e+00
7.358593536674804625e+01,7.255000828233689747e-01,4.827446245188935503e-01,6.534953214575269342e+00
7.358593536674804625e+01,7.255000828233689747e-01,4.827446245188935503e-01,6.534953214575269342e+00
7.357367396102202406e+01,7.253481865284143737e-01,4.858281058261992302e-01,6.506582951827491357e+00
7.357367396102202406e+01,7.253481865284143737e-01,4.858281058261992302e-01,6.506582951827491357e+00
7.357367396102202406e+01,7.253481865284143737e-01,4.858281058261992302e-01,6.506582951827491357e+00
7.356055378811416290e+01,7.250219049748830580e-01,5.005741908868972523e-01,6.532257962535613416e+00
7.356055378811416290e+01,7.250219049748830580e-01,5.005741908868972523e-01,6.532257962535613416e+00
7.356055378811416290e+01,7.250219049748830580e-01,5.005741908868972523e-01,6.532257962535613416e+00
7.356055378811416290e+01,7.250219049748830580e-01,5.005741908868972523e-01,6.532257962535613416e+00
7.356055378811416290e+01,7.250219049748830580e-01,5.005741908868972523e-01,6.532257962535613416e+00
7.356055378811416290e+01,7.250219049748830580e-01,5.005741908868972523e-01,6.532257962535613416e+00
7.356055378811416290e+01,7.250219049748830580e-01,5.005741908868972523e-01,6.532257962535613416e+00
7.356055378811416290e+01,7.250219049748830580e-01,5.005741908868972523e-01,6.532257962535613416e+00
7.356055378811416290e+01,7.250219049748830580e-01,5.005741908868972523e-01,6.532257962535613416e+00
7.354236719602080541e+01,7.246660655255281469e-01,5.017739413196981024e-01,6.542698267083027375e+00
7.354236719602080541e+01,7.246660655255281469e-01,5.017739413196981024e-01,6.542698267083027375e+00
7.354236719602080541e+01,7.246660655255281469e-01,5.017739413196981024e-01,6.542698267083027375e+00
7.370180503497886093e+01,7.258143038845964456e-01,4.041594193927708911e-01,6.569335996089869845e+00
7.370180503497886093e+01,7.258143038845964456e-01,4.041594193927708911e-01,6.569335996089869845e+00
7.355346941485487378e+01,7.237201520555677225e-01,4.801893791878648621e-01,6.647057137620885570e+00
7.355346941485487378e+01,7.237201520555677225e-01,4.801893791878648621e-01,6.647057137620885570e+00
7.355346941485487378e+01,7.237201520555677225e-01,4.801893791878648621e-01,6.647057137620885570e+00
7.355346941485487378e+01,7.237201520555677225e-01,4.801893791878648621e-01,6.647057137620885570e+00
7.355346941485487378e+01,7.237201520555677225e-01,4.801893791878648621e-01,6.647057137620885570e+00
7.355346941485487378e+01,7.237201520555677225e-01,4.801893791878648621e-01,6.647057137620885570e+00
7.355346941485487378e+01,7.237201520555677225e-01,4.801893791878648621e-01,6.647057137620885570e+00
7.355346941485487378e+01,7.237201520555677225e-01,4.801893791878648621e-01,6.647057137620885570e+00
7.360195705003491184e+01,7.246885855331861581e-01,4.799719778823204885e-01,6.682889086899217901e+00
7.363955463342492180e+01,7.251977320790340409e-01,4.899257521152311501e-01,6.674180828206699445e+00
7.363955463342492180e+01,7.251977320790340409e-01,4.899257521152311501e-01,6.674180828206699445e+00
7.364314558516164766e+01,7.252233126091337523e-01,4.892508206939013560e-01,6.682041029452064684e+00
7.364314558516164766e+01,7.252233126091337523e-01,4.892508206939013560e-01,6.682041029452064684e+00
7.364314558516164766e+01,7.252233126091337523e-01,4.892508206939013560e-01,6.682041029452064684e+00
7.364356496617986636e+01,7.246478085127917579e-01,4.868190049763492233e-01,6.760246190892037710e+00
7.372040901090466036e+01,7.264677641195393942e-01,5.132923968658529290e-01,6.576211391796033645e+00
7.375127419755800418e+01,7.267243483215002353e-01,5.065861972421491499e-01,6.580452683311956541e+00
7.375127419755800418e+01,7.267243483215002353e-01,5.065861972421491499e-01,6.580452683311956541e+00
7.375127419755800418e+01,7.267243483215002353e-01,5.065861972421491499e-01,6.580452683311956541e+00
7.375127419755800418e+01,7.267243483215002353e-01,5.065861972421491499e-01,6.580452683311956541e+00
7.375127419755800418e+01,7.267243483215002353e-01,5.065861972421491499e-01,6.580452683311956541e+00
7.375127419755800418e+01,7.267243483215002353e-01,5.065861972421491499e-01,6.580452683311956541e+00
7.375127419755800418e+01,7.267243483215002353e-01,5.065861972421491499e-01,6.580452683311956541e+00
7.375127419755800418e+01,7.267243483215002353e-01,5.065861972421491499e-01,6.580452683311956541e+00
7.375127419755800418e+01,7.267243483215002353e-01,5.065861972421491499e-01,6.580452683311956541e+00
7.375127419755800418e+01,7.267243483215002353e-01,5.065861972421491499e-01,6.580452683311956541e+00
7.387927641768673936e+01,7.270425309384639379e-01,4.868102350678845114e-01,6.666345366473997558e+00
7.386597001352367897e+01,7.270108567517431508e-01,4.873492293480175541e-01,6.653534653336969029e+00
7.386597001352367897e+01,7.270108567517431508e-01,4.873492293480175541e-01,6.653534653336969029e+00
7.388415247960436716e+01,7.270452274184203700e-01,4.803277106146111031e-01,6.622409287561140445e+00
7.388415247960436716e+01,7.270452274184203700e-01,4.803277106146111031e-01,6.622409287561140445e+00
7.388415247960436716e+01,7.270452274184203700e-01,4.803277106146111031e-01,6.622409287561140445e+00
7.388415247960436716e+01,7.270452274184203700e-01,4.803277106146111031e-01,6.622409287561140445e+00
7.388415247960436716e+01,7.270452274184203700e-01,4.803277106146111031e-01,6.622409287561140445e+00
7.388415247960436716e+01,7.270452274184203700e-01,4.803277106146111031e-01,6.622409287561140445e+00
7.387394636398454395e+01,7.268071514695162438e-01,4.882363101420337248e-01,6.586957443453127503e+00
7.387394636398454395e+01,7.268071514695162438e-01,4.882363101420337248e-01,6.586957443453127503e+00
7.380676224577150890e+01,7.267738092887270351e-01,4.842601142791913005e-01,6.551509175743042590e+00
7.380676224577150890e+01,7.267738092887270351e-01,4.842601142791913005e-01,6.551509175743042590e+00
7.380676224577150890e+01,7.267738092887270351e-01,4.842601142791913005e-01,6.551509175743042590e+00
7.381609913552865976e+01,7.271358738976647640e-01,4.824851708033479070e-01,6.494442235837229127e+00
7.382050881132545328e+01,7.272304783022062180e-01,4.792502426414232963e-01,6.510215972045051203e+00
7.382050881132545328e+01,7.272304783022062180e-01,4.792502426414232963e-01,6.510215972045051203e+00
7.382050881132545328e+01,7.272304783022062180e-01,4.792502426414232963e-01,6.510215972045051203e+00
7.382050881132545328e+01,7.272304783022062180e-01,4.792502426414232963e-01,6.510215972045051203e+00
7.374078628608295105e+01,7.264886005474675557e-01,5.377992392715007508e-01,6.508518411073720422e+00
7.371189389009099102e+01,7.272291144193854251e-01,5.198786366362095901e-01,6.464629482336583521e+00
7.371189389009099102e+01,7.272291144193854251e-01,5.198786366362095901e-01,6.464629482336583521e+00
7.375496369276578434e+01,7.279593885915021101e-01,5.044114206861309846e-01,6.460002729562943635e+00
7.380332825317441348e+01,7.286472451972142439e-01,5.153110024208354956e-01,6.466388810486513705e+00
7.380332825317441348e+01,7.286472451972142439e-01,5.153110024208354956e-01,6.466388810486513705e+00
7.380332825317441348e+01,7.286472451972142439e-01,5.153110024208354956e-01,6.466388810486513705e+00
7.380332825317441348e+01,7.286472451972142439e-01,5.153110024208354956e-01,6.466388810486513705e+00
7.380332825317441348e+01,7.286472451972142439e-01,5.153110024208354956e-01,6.466388810486513705e+00
7.380332825317441348e+01,7.286472451972142439e-01,5.153110024208354956e-01,6.466388810486513705e+00
7.380332825317441348e+01,7.286472451972142439e-01,5.153110024208354956e-01,6.466388810486513705e+00
7.385169781226903751e+01,7.289180870451986705e-01,5.392800521242483436e-01,6.501930286979344942e+00
7.385169781226903751e+01,7.289180870451986705e-01,5.392800521242483436e-01,6.501930286979344942e+00
7.373526588714429408e+01,7.272659894430952843e-01,5.116842630295246330e-01,6.499386660880778877e+00
7.373526588714429408e+01,7.272659894430952843e-01,5.116842630295246330e-01,6.499386660880778877e+00
7.373526588714429408e+01,7.272659894430952843e-01,5.116842630295246330e-01,6.499386660880778877e+00
7.373526588714429408e+01,7.272659894430952843e-01,5.116842630295246330e-01,6.499386660880778877e+00
7.373526588714429408e+01,7.272659894430952843e-01,5.116842630295246330e-01,6.499386660880778877e+00
7.373526588714429408e+01,7.272659894430952843e-01,5.116842630295246330e-01,6.499386660880778877e+00
7.373526588714429408e+01,7.272659894430952843e-01,5.116842630295246330e-01,6.499386660880778877e+00
7.373526588714429408e+01,7.272659894430952843e-01,5.116842630295246330e-01,6.499386660880778877e+00
7.373526588714429408e+01,7.272659894430952843e-01,5.116842630295246330e-01,6.499386660880778877e+00
7.373526588714429408e+01,7.272659894430952843e-01,5.116842630295246330e-01,6.499386660880778877e+00
7.373526588714429408e+01,7.272659894430952843e-01,5.116842630295246330e-01,6.499386660880778877e+00
7.378726883850981721e+01,7.288729135453848595e-01,4.527846202434484546e-01,6.368007876168791270e+00
7.378726883850981721e+01,7.288729135453848595e-01,4.527846202434484546e-01,6.368007876168791270e+00
7.378726883850981721e+01,7.288729135453848595e-01,4.527846202434484546e-01,6.368007876168791270e+00
7.378254533943288607e+01,7.288019612575066253e-01,4.538887868943122239e-01,6.369793523410204550e+00
7.378254533943288607e+01,7.288019612575066253e-01,4.538887868943122239e-01,6.369793523410204550e+00
7.391383901869640738e+01,7.306388932323587548e-01,4.150284078840282831e-01,6.283577802931354483e+00
7.390963540453236646e+01,7.306097580767897393e-01,4.165932103441118972e-01,6.253842972529994881e+00
7.391635506990742499e+01,7.306621131076616038e-01,4.144261811153738817e-01,6.301100518903736791e+00
7.391635506990742499e+01,7.306621131076616038e-01,4.144261811153738817e-01,6.301100518903736791e+00
7.391635506990742499e+01,7.306621131076616038e-01,4.144261811153738817e-01,6.301100518903736791e+00
7.533201540784169481e+01,7.399376676220924542e-01,1.966900868739550889e-01,8.944195617268725584e+00
7.533201540784169481e+01,7.399376676220924542e-01,1.966900868739550889e-01,8.944195617268725584e+00
7.533201540784169481e+01,7.399376676220924542e-01,1.966900868739550889e-01,8.944195617268725584e+00
7.487057908335162892e+01,7.382649162992257486e-01,1.821016118090712510e-01,8.547600974449666822e+00
7.487057908335162892e+01,7.382649162992257486e-01,1.821016118090712510e-01,8.547600974449666822e+00
7.487057908335162892e+01,7.382649162992257486e-01,1.821016118090712510e-01,8.547600974449666822e+00
7.484908549007825229e+01,7.381869999439822916e-01,1.814220841410447704e-01,8.529127691149801294e+00
7.484908549007825229e+01,7.381869999439822916e-01,1.814220841410447704e-01,8.529127691149801294e+00
7.482460097033140300e+01,7.373840442324740563e-01,1.858580910233405548e-01,8.548369213958091350e+00
7.482460097033140300e+01,7.373840442324740563e-01,1.858580910233405548e-01,8.548369213958091350e+00
7.482460097033140300e+01,7.373840442324740563e-01,1.858580910233405548e-01,8.548369213958091350e+00
7.482460097033140300e+01,7.373840442324740563e-01,1.858580910233405548e-01,8.548369213958091350e+00
7.482460097033140300e+01,7.373840442324740563e-01,1.858580910233405548e-01,8.548369213958091350e+00
7.463730499275892782e+01,7.360543186929705550e-01,1.757393294086538882e-01,9.131548307666079722e+00
7.463730499275892782e+01,7.360543186929705550e-01,1.757393294086538882e-01,9.131548307666079722e+00
7.463730499275892782e+01,7.360543186929705550e-01,1.757393294086538882e-01,9.131548307666079722e+00
7.463730499275892782e+01,7.360543186929705550e-01,1.757393294086538882e-01,9.131548307666079722e+00
7.463730499275892782e+01,7.360543186929705550e-01,1.757393294086538882e-01,9.131548307666079722e+00
7.463730499275892782e+01,7.360543186929705550e-01,1.757393294086538882e-01,9.131548307666079722e+00
7.469964384466067031e+01,7.371301362714428596e-01,1.662944017531396701e-01,9.322526939616839314e+00
7.428222402192095331e+01,7.339251210053253649e-01,1.486296278992370601e-01,1.047537495982985689e+01
7.428222402192095331e+01,7.339251210053253649e-01,1.486296278992370601e-01,1.047537495982985689e+01
7.428222402192095331e+01,7.339251210053253649e-01,1.486296278992370601e-01,1.047537495982985689e+01
7.428222402192095331e+01,7.339251210053253649e-01,1.486296278992370601e-01,1.047537495982985689e+01
7.432727320774741031e+01,7.342710157626760603e-01,1.505360627079713742e-01,1.035095618079018287e+01
7.432727320774741031e+01,7.342710157626760603e-01,1.505360627079713742e-01,1.035095618079018287e+01
7.432727320774741031e+01,7.342710157626760603e-01,1.505360627079713742e-01,1.035095618079018287e+01
7.432727320774741031e+01,7.342710157626760603e-01,1.505360627079713742e-01,1.035095618079018287e+01
7.441440266265109926e+01,7.350871706531887373e-01,1.454732358954897720e-01,1.091678727502167945e+01
7.441440266265109926e+01,7.350871706531887373e-01,1.454732358954897720e-01,1.091678727502167945e+01
7.441440266265109926e+01,7.350871706531887373e-01,1.454732358954897720e-01,1.091678727502167945e+01
7.441440266265109926e+01,7.350871706531887373e-01,1.454732358954897720e-01,1.091678727502167945e+01
7.441440266265109926e+01,7.350871706531887373e-01,1.454732358954897720e-01,1.091678727502167945e+01
7.441440266265109926e+01,7.350871706531887373e-01,1.454732358954897720e-01,1.091678727502167945e+01
7.441440266265109926e+01,7.350871706531887373e-01,1.454732358954897720e-01,1.091678727502167945e+01
7.441326399487014953e+01,7.376660017907850087e-01,1.431668459832167173e-01,9.949848676603323838e+00
7.441326399487014953e+01,7.376660017907850087e-01,1.431668459832167173e-01,9.949848676603323838e+00
7.441326399487014953e+01,7.376660017907850087e-01,1.431668459832167173e-01,9.949848676603323838e+00
7.441326399487014953e+01,7.376660017907850087e-01,1.431668459832167173e-01,9.949848676603323838e+00
7.426424628325729316e+01,7.381358889735286644e-01,1.289924306599839754e-01,1.011213841362169674e+01
7.422433831197452037e+01,7.385446780812688905e-01,1.223389913737888551e-01,1.023016735862378468e+01
7.422433831197452037e+01,7.385446780812688905e-01,1.223389913737888551e-01,1.023016735862378468e+01
7.427761720739705709e+01,7.368205378784202786e-01,1.370861533308376790e-01,1.009159143598194674e+01
7.427761720739705709e+01,7.368205378784202786e-01,1.370861533308376790e-01,1.009159143598194674e+01
7.427761720739705709e+01,7.368205378784202786e-01,1.370861533308376790e-01,1.009159143598194674e+01
7.427761720739705709e+01,7.368205378784202786e-01,1.370861533308376790e-01,1.009159143598194674e+01
7.427761720739705709e+01,7.368205378784202786e-01,1.370861533308376790e-01,1.009159143598194674e+01
7.427761720739705709e+01,7.368205378784202786e-01,1.370861533308376790e-01,1.009159143598194674e+01
7.427761720739705709e+01,7.368205378784202786e-01,1.370861533308376790e-01,1.009159143598194674e+01
7.427761720739705709e+01,7.368205378784202786e-01,1.370861533308376790e-01,1.009159143598194674e+01
7.427761720739705709e+01,7.368205378784202786e-01,1.370861533308376790e-01,1.009159143598194674e+01
7.427688923547084698e+01,7.368578117322753807e-01,1.366236452031726889e-01,1.010847639128754594e+01
7.427489671078124900e+01,7.368674880333360155e-01,1.367001622791520765e-01,1.008198334626747261e+01
7.427489671078124900e+01,7.368674880333360155e-01,1.367001622791520765e-01,1.008198334626747261e+01
7.427489671078124900e+01,7.368674880333360155e-01,1.367001622791520765e-01,1.008198334626747261e+01
7.427679762449275813e+01,7.368664554898741725e-01,1.370941242029337370e-01,1.006643362598564906e+01
7.427679762449275813e+01,7.368664554898741725e-01,1.370941242029337370e-01,1.006643362598564906e+01
7.427679762449275813e+01,7.368664554898741725e-01,1.370941242029337370e-01,1.006643362598564906e+01
7.427679762449275813e+01,7.368664554898741725e-01,1.370941242029337370e-01,1.006643362598564906e+01
7.427679762449275813e+01,7.368664554898741725e-01,1.370941242029337370e-01,1.006643362598564906e+01
7.427679762449275813e+01,7.368664554898741725e-01,1.370941242029337370e-01,1.006643362598564906e+01
7.427679762449275813e+01,7.368664554898741725e-01,1.370941242029337370e-01,1.006643362598564906e+01
7.419683946439172928e+01,7.361066154841464648e-01,1.270211730510723003e-01,1.084001194264979873e+01
7.419683946439172928e+01,7.361066154841464648e-01,1.270211730510723003e-01,1.084001194264979873e+01
7.419683946439172928e+01,7.361066154841464648e-01,1.270211730510723003e-01,1.084001194264979873e+01
7.419683946439172928e+01,7.361066154841464648e-01,1.270211730510723003e-01,1.084001194264979873e+01
7.419683946439172928e+01,7.361066154841464648e-01,1.270211730510723003e-01,1.084001194264979873e+01
7.419683946439172928e+01,7.361066154841464648e-01,1.270211730510723003e-01,1.084001194264979873e+01
7.418932869573558264e+01,7.360106001736056447e-01,1.274422423224489676e-01,1.077302506873493115e+01
7.418932869573558264e+01,7.360106001736056447e-01,1.274422423224489676e-01,1.077302506873493115e+01
7.425068263728839213e+01,7.354905313295547753e-01,1.379998304696838096e-01,1.047253459563293809e+01
7.425068263728839213e+01,7.354905313295547753e-01,1.379998304696838096e-01,1.047253459563293809e+01
7.425068263728839213e+01,7.354905313295547753e-01,1.379998304696838096e-01,1.047253459563293809e+01
7.425068263728839213e+01,7.354905313295547753e-01,1.379998304696838096e-01,1.047253459563293809e+01
7.435378776267559431e+01,7.357265949145518347e-01,1.492986798477369814e-01,1.008302999699767710e+01
7.432458079997600464e+01,7.357412130248617288e-01,1.576947115259293153e-01,8.940654880512099112e+00
7.432458079997600464e+01,7.357412130248617288e-01,1.576947115259293153e-01,8.940654880512099112e+00
7.432458079997600464e+01,7.357412130248617288e-01,1.576947115259293153e-01,8.940654880512099112e+00
7.432458079997600464e+01,7.357412130248617288e-01,1.576947115259293153e-01,8.940654880512099112e+00
7.432458079997600464e+01,7.357412130248617288e-01,1.576947115259293153e-01,8.940654880512099112e+00
7.432458079997600464e+01,7.357412130248617288e-01,1.576947115259293153e-01,8.940654880512099112e+00
7.439086601046507496e+01,7.361874480445617097e-01,1.595347768014199474e-01,9.080862740171719238e+00
7.439086601046507496e+01,7.361874480445617097e-01,1.595347768014199474e-01,9.080862740171719238e+00
7.439086601046507496e+01,7.361874480445617097e-01,1.595347768014199474e-01,9.080862740171719238e+00
7.439086601046507496e+01,7.361874480445617097e-01,1.595347768014199474e-01,9.080862740171719238e+00
7.439086601046507496e+01,7.361874480445617097e-01,1.595347768014199474e-01,9.080862740171719238e+00
7.437656949897693437e+01,7.358922302467361121e-01,1.687625569833485217e-01,9.021912782236615413e+00
7.437656949897693437e+01,7.358922302467361121e-01,1.687625569833485217e-01,9.021912782236615413e+00
7.437656949897693437e+01,7.358922302467361121e-01,1.687625569833485217e-01,9.021912782236615413e+00
7.437656949897693437e+01,7.358922302467361121e-01,1.687625569833485217e-01,9.021912782236615413e+00
7.437656949897693437e+01,7.358922302467361121e-01,1.687625569833485217e-01,9.021912782236615413e+00
7.437656949897693437e+01,7.358922302467361121e-01,1.687625569833485217e-01,9.021912782236615413e+00
7.437656949897693437e+01,7.358922302467361121e-01,1.687625569833485217e-01,9.021912782236615413e+00
7.437656949897693437e+01,7.358922302467361121e-01,1.687625569833485217e-01,9.021912782236615413e+00
7.437656949897693437e+01,7.358922302467361121e-01,1.687625569833485217e-01,9.021912782236615413e+00
7.437656949897693437e+01,7.358922302467361121e-01,1.687625569833485217e-01,9.021912782236615413e+00
7.437656949897693437e+01,7.358922302467361121e-01,1.687625569833485217e-01,9.021912782236615413e+00
7.437656949897693437e+01,7.358922302467361121e-01,1.687625569833485217e-01,9.021912782236615413e+00
7.437656949897693437e+01,7.358922302467361121e-01,1.687625569833485217e-01,9.021912782236615413e+00
7.437656949897693437e+01,7.358922302467361121e-01,1.687625569833485217e-01,9.021912782236615413e+00
7.437656949897693437e+01,7.358922302467361121e-01,1.687625569833485217e-01,9.021912782236615413e+00
7.437656949897693437e+01,7.358922302467361121e-01,1.687625569833485217e-01,9.021912782236615413e+00
7.437656949897693437e+01,7.358922302467361121e-01,1.687625569833485217e-01,9.021912782236615413e+00
7.437656949897693437e+01,7.358922302467361121e-01,1.687625569833485217e-01,9.021912782236615413e+00
7.437656949897693437e+01,7.358922302467361121e-01,1.687625569833485217e-01,9.021912782236615413e+00
7.437656949897693437e+01,7.358922302467361121e-01,1.687625569833485217e-01,9.021912782236615413e+00
7.437656949897693437e+01,7.358922302467361121e-01,1.687625569833485217e-01,9.021912782236615413e+00
7.437656949897693437e+01,7.358922302467361121e-01,1.687625569833485217e-01,9.021912782236615413e+00
7.441315761596990797e+01,7.358519899553127575e-01,1.714412195157426488e-01,9.066334097832802641e+00
7.440512605491412046e+01,7.358240013943779800e-01,1.703388276336725848e-01,9.120829568831835488e+00
7.440512605491412046e+01,7.358240013943779800e-01,1.703388276336725848e-01,9.120829568831835488e+00
7.440512605491412046e+01,7.358240013943779800e-01,1.703388276336725848e-01,9.120829568831835488e+00
7.437639647614642513e+01,7.351025245050876178e-01,1.852259560643595149e-01,7.811498185568960473e+00
7.437639647614642513e+01,7.351025245050876178e-01,1.852259560643595149e-01,7.811498185568960473e+00
7.437639647614642513e+01,7.351025245050876178e-01,1.852259560643595149e-01,7.811498185568960473e+00
7.437639647614642513e+01,7.351025245050876178e-01,1.852259560643595149e-01,7.811498185568960473e+00
7.437639647614642513e+01,7.351025245050876178e-01,1.852259560643595149e-01,7.811498185568960473e+00
7.433103030550979895e+01,7.348263155357735998e-01,1.859473965858488287e-01,7.692519477032579545e+00
7.433103030550979895e+01,7.348263155357735998e-01,1.859473965858488287e-01,7.692519477032579545e+00
7.433103030550979895e+01,7.348263155357735998e-01,1.859473965858488287e-01,7.692519477032579545e+00
7.434843429096055445e+01,7.350966993997775090e-01,1.823962233999105176e-01,8.050498047456549955e+00
7.434843429096055445e+01,7.350966993997775090e-01,1.823962233999105176e-01,8.050498047456549955e+00
7.436336315722518009e+01,7.347413808825251635e-01,1.864843367707139654e-01,8.055606121395596730e+00
7.436336315722518009e+01,7.347413808825251635e-01,1.864843367707139654e-01,8.055606121395596730e+00
7.436336315722518009e+01,7.347413808825251635e-01,1.864843367707139654e-01,8.055606121395596730e+00
7.436336315722518009e+01,7.347413808825251635e-01,1.864843367707139654e-01,8.055606121395596730e+00
7.436336315722518009e+01,7.347413808825251635e-01,1.864843367707139654e-01,8.055606121395596730e+00
7.436336315722518009e+01,7.347413808825251635e-01,1.864843367707139654e-01,8.055606121395596730e+00
7.436336315722518009e+01,7.347413808825251635e-01,1.864843367707139654e-01,8.055606121395596730e+00
7.436336315722518009e+01,7.347413808825251635e-01,1.864843367707139654e-01,8.055606121395596730e+00
7.429091660708621703e+01,7.342600191503572127e-01,1.870877046374559705e-01,7.895436085137663262e+00
7.428401242416822470e+01,7.351885531042449129e-01,1.754255198892513135e-01,8.172842765967253342e+00
7.428401242416822470e+01,7.351885531042449129e-01,1.754255198892513135e-01,8.172842765967253342e+00
7.428401242416822470e+01,7.351885531042449129e-01,1.754255198892513135e-01,8.172842765967253342e+00
7.428401242416822470e+01,7.351885531042449129e-01,1.754255198892513135e-01,8.172842765967253342e+00
7.428401242416822470e+01,7.351885531042449129e-01,1.754255198892513135e-01,8.172842765967253342e+00
7.428401242416822470e+01,7.351885531042449129e-01,1.754255198892513135e-01,8.172842765967253342e+00
7.428401242416822470e+01,7.351885531042449129e-01,1.754255198892513135e-01,8.172842765967253342e+00
7.429045481657347239e+01,7.350442723402572653e-01,1.813858817145642122e-01,7.752801713080136103e+00
7.429045481657347239e+01,7.350442723402572653e-01,1.813858817145642122e-01,7.752801713080136103e+00
7.431260860064509188e+01,7.346250101145230804e-01,1.879036216393351055e-01,7.639435939204717307e+00
7.431260860064509188e+01,7.346250101145230804e-01,1.879036216393351055e-01,7.639435939204717307e+00
7.431260860064509188e+01,7.346250101145230804e-01,1.879036216393351055e-01,7.639435939204717307e+00
7.431260860064509188e+01,7.346250101145230804e-01,1.879036216393351055e-01,7.639435939204717307e+00
7.431260860064509188e+01,7.346250101145230804e-01,1.879036216393351055e-01,7.639435939204717307e+00
7.429562434691331418e+01,7.353887930071947299e-01,1.753464049852259399e-01,8.083770337422819807e+00
7.429562434691331418e+01,7.353887930071947299e-01,1.753464049852259399e-01,8.083770337422819807e+00
7.427637494135736063e+01,7.351101430685437199e-01,1.859569683694106690e-01,8.039753377611582152e+00
7.427652256570500811e+01,7.350412621729026652e-01,1.874173826278780486e-01,8.006104847124852597e+00
7.427652256570500811e+01,7.350412621729026652e-01,1.874173826278780486e-01,8.006104847124852597e+00
7.427652256570500811e+01,7.350412621729026652e-01,1.874173826278780486e-01,8.006104847124852597e+00
7.427652256570500811e+01,7.350412621729026652e-01,1.874173826278780486e-01,8.006104847124852597e+00
7.427652256570500811e+01,7.350412621729026652e-01,1.874173826278780486e-01,8.006104847124852597e+00
7.427652256570500811e+01,7.350412621729026652e-01,1.874173826278780486e-01,8.006104847124852597e+00
7.377716367858306512e+01,7.316601130798873198e-01,2.059228128456112583e-01,6.421716170100028265e+00
7.377716367858306512e+01,7.316601130798873198e-01,2.059228128456112583e-01,6.421716170100028265e+00
7.400991685754625848e+01,7.335417669254742368e-01,1.831533529041997066e-01,8.074620568369251572e+00
7.400991685754625848e+01,7.335417669254742368e-01,1.831533529041997066e-01,8.074620568369251572e+00
7.402558782717485997e+01,7.336574098429555768e-01,1.817803207637856688e-01,8.117165302691894624e+00
7.402558782717485997e+01,7.336574098429555768e-01,1.817803207637856688e-01,8.117165302691894624e+00
7.402558782717485997e+01,7.336574098429555768e-01,1.817803207637856688e-01,8.117165302691894624e+00
7.402558782717485997e+01,7.336574098429555768e-01,1.817803207637856688e-01,8.117165302691894624e+00
7.402558782717485997e+01,7.336574098429555768e-01,1.817803207637856688e-01,8.117165302691894624e+00
7.402529595851643762e+01,7.335798913837688895e-01,1.834045411915512236e-01,8.081178431782534588e+00
7.402529595851643762e+01,7.335798913837688895e-01,1.834045411915512236e-01,8.081178431782534588e+00
7.402786705756498975e+01,7.336056168162813362e-01,1.829931679968990754e-01,8.121442857812766647e+00
7.402786705756498975e+01,7.336056168162813362e-01,1.829931679968990754e-01,8.121442857812766647e+00
7.402786705756498975e+01,7.336056168162813362e-01,1.829931679968990754e-01,8.121442857812766647e+00
7.402786705756498975e+01,7.336056168162813362e-01,1.829931679968990754e-01,8.121442857812766647e+00
7.402786705756498975e+01,7.336056168162813362e-01,1.829931679968990754e-01,8.121442857812766647e+00
7.402195608555881279e+01,7.335861496670184057e-01,1.833205065090436348e-01,8.089819230521490212e+00
7.402195608555881279e+01,7.335861496670184057e-01,1.833205065090436348e-01,8.089819230521490212e+00
7.402195608555881279e+01,7.335861496670184057e-01,1.833205065090436348e-01,8.089819230521490212e+00
7.402195608555881279e+01,7.335861496670184057e-01,1.833205065090436348e-01,8.089819230521490212e+00
7.403429536445743508e+01,7.337910298700596190e-01,1.765041844857833109e-01,8.127539896043895595e+00
7.425499378314269450e+01,7.260994841405946643e-01,3.251517628128027804e-01,7.706904035932332420e+00
7.416551216060088336e+01,7.271986804328530729e-01,3.128946976963967730e-01,7.454767048625489778e+00
7.416551216060088336e+01,7.271986804328530729e-01,3.128946976963967730e-01,7.454767048625489778e+00
7.416551216060088336e+01,7.271986804328530729e-01,3.128946976963967730e-01,7.454767048625489778e+00
7.416551216060088336e+01,7.271986804328530729e-01,3.128946976963967730e-01,7.454767048625489778e+00
7.416551216060088336e+01,7.271986804328530729e-01,3.128946976963967730e-01,7.454767048625489778e+00
7.416551216060088336e+01,7.271986804328530729e-01,3.128946976963967730e-01,7.454767048625489778e+00
7.416551216060088336e+01,7.271986804328530729e-01,3.128946976963967730e-01,7.454767048625489778e+00
7.416551216060088336e+01,7.271986804328530729e-01,3.128946976963967730e-01,7.454767048625489778e+00
7.416551216060088336e+01,7.271986804328530729e-01,3.128946976963967730e-01,7.454767048625489778e+00
7.416551216060088336e+01,7.271986804328530729e-01,3.128946976963967730e-01,7.454767048625489778e+00
7.416551216060088336e+01,7.271986804328530729e-01,3.128946976963967730e-01,7.454767048625489778e+00
7.416551216060088336e+01,7.271986804328530729e-01,3.128946976963967730e-01,7.454767048625489778e+00
7.410544361994161022e+01,7.281654661992449373e-01,3.175882200702175862e-01,7.250038222306404379e+00
7.409929680753324988e+01,7.279102374987682644e-01,3.231513143330126958e-01,7.213168480604754684e+00
7.409929680753324988e+01,7.279102374987682644e-01,3.231513143330126958e-01,7.213168480604754684e+00
7.392925092783255536e+01,7.280180272840974798e-01,3.562970992455462005e-01,6.590116593794307143e+00
7.390493237751906008e+01,7.277757260662479633e-01,3.843744015527292834e-01,6.610027136680846738e+00
7.390493237751906008e+01,7.277757260662479633e-01,3.843744015527292834e-01,6.610027136680846738e+00
7.403977875761204075e+01,7.279659142683428952e-01,3.903382578864675323e-01,6.794571425131845643e+00
7.403977875761204075e+01,7.279659142683428952e-01,3.903382578864675323e-01,6.794571425131845643e+00
7.389601284044401552e+01,7.266893164336593047e-01,4.261954480887176766e-01,6.759296948876615474e+00
7.381618522412264838e+01,7.259804713600059856e-01,4.461055497192863983e-01,6.739710405613037913e+00
7.381618522412264838e+01,7.259804713600059856e-01,4.461055497192863983e-01,6.739710405613037913e+00
7.381618522412264838e+01,7.259804713600059856e-01,4.461055497192863983e-01,6.739710405613037913e+00
7.381618522412264838e+01,7.259804713600059856e-01,4.461055497192863983e-01,6.739710405613037913e+00
7.381618522412264838e+01,7.259804713600059856e-01,4.461055497192863983e-01,6.739710405613037913e+00
7.364436288704951039e+01,7.249870182379865025e-01,4.170450844289053105e-01,6.662542751230482452e+00
7.364436288704951039e+01,7.249870182379865025e-01,4.170450844289053105e-01,6.662542751230482452e+00
7.364436288704951039e+01,7.249870182379865025e-01,4.170450844289053105e-01,6.662542751230482452e+00
7.364452048596294276e+01,7.249874191782795796e-01,4.194567807270686011e-01,6.632396694611904842e+00
7.364452048596294276e+01,7.249874191782795796e-01,4.194567807270686011e-01,6.632396694611904842e+00
7.364452048596294276e+01,7.249874191782795796e-01,4.194567807270686011e-01,6.632396694611904842e+00
7.364271493410738856e+01,7.252042038033311711e-01,4.246183729424007347e-01,6.595865557775952404e+00
7.364271493410738856e+01,7.252042038033311711e-01,4.246183729424007347e-01,6.595865557775952404e+00
7.364271493410738856e+01,7.252042038033311711e-01,4.246183729424007347e-01,6.595865557775952404e+00
7.364271493410738856e+01,7.252042038033311711e-01,4.246183729424007347e-01,6.595865557775952404e+00
7.364271493410738856e+01,7.252042038033311711e-01,4.246183729424007347e-01,6.595865557775952404e+00
7.364271493410738856e+01,7.252042038033311711e-01,4.246183729424007347e-01,6.595865557775952404e+00
7.364271493410738856e+01,7.252042038033311711e-01,4.246183729424007347e-01,6.595865557775952404e+00
7.341609807109615815e+01,7.236923197917433104e-01,4.751924368155776013e-01,6.551241517543417991e+00
7.352648442616377622e+01,7.244239523402755676e-01,4.898392236769318897e-01,6.601007257916674753e+00
7.352648442616377622e+01,7.244239523402755676e-01,4.898392236769318897e-01,6.601007257916674753e+00
7.352648442616377622e+01,7.244239523402755676e-01,4.898392236769318897e-01,6.601007257916674753e+00
7.344464767181617049e+01,7.240957785686876758e-01,6.124147576081400146e-01,6.668783399376675192e+00
7.344464767181617049e+01,7.240957785686876758e-01,6.124147576081400146e-01,6.668783399376675192e+00
7.344464767181617049e+01,7.240957785686876758e-01,6.124147576081400146e-01,6.668783399376675192e+00
7.344464767181617049e+01,7.240957785686876758e-01,6.124147576081400146e-01,6.668783399376675192e+00
7.344464767181617049e+01,7.240957785686876758e-01,6.124147576081400146e-01,6.668783399376675192e+00
7.369135860309403085e+01,7.267586347673818947e-01,6.050814329311275941e-01,6.732029280340106503e+00
7.369135860309403085e+01,7.267586347673818947e-01,6.050814329311275941e-01,6.732029280340106503e+00
7.361640212145424300e+01,7.250968248841195285e-01,5.578882693521793890e-01,6.701398742248088958e+00
7.361640212145424300e+01,7.250968248841195285e-01,5.578882693521793890e-01,6.701398742248088958e+00
7.361640212145424300e+01,7.250968248841195285e-01,5.578882693521793890e-01,6.701398742248088958e+00
7.344499263308640025e+01,7.241036544008939702e-01,5.566452535538606305e-01,6.573189468054446039e+00
7.344499263308640025e+01,7.241036544008939702e-01,5.566452535538606305e-01,6.573189468054446039e+00
7.344559761482722138e+01,7.241670833080876557e-01,5.536013831787559569e-01,6.557291648920664962e+00
7.344559761482722138e+01,7.241670833080876557e-01,5.536013831787559569e-01,6.557291648920664962e+00
7.344559761482722138e+01,7.241670833080876557e-01,5.536013831787559569e-01,6.557291648920664962e+00
7.328998354110620994e+01,7.237772348526628763e-01,5.600524570745133435e-01,6.449669993284673275e+00
7.328998354110620994e+01,7.237772348526628763e-01,5.600524570745133435e-01,6.449669993284673275e+00
7.328998354110620994e+01,7.237772348526628763e-01,5.600524570745133435e-01,6.449669993284673275e+00
7.328998354110620994e+01,7.237772348526628763e-01,5.600524570745133435e-01,6.449669993284673275e+00
7.328998354110620994e+01,7.237772348526628763e-01,5.600524570745133435e-01,6.449669993284673275e+00
7.328998354110620994e+01,7.237772348526628763e-01,5.600524570745133435e-01,6.449669993284673275e+00
7.328998354110620994e+01,7.237772348526628763e-01,5.600524570745133435e-01,6.449669993284673275e+00
7.328998354110620994e+01,7.237772348526628763e-01,5.600524570745133435e-01,6.449669993284673275e+00
7.328998354110620994e+01,7.237772348526628763e-01,5.600524570745133435e-01,6.449669993284673275e+00
7.330185096110446352e+01,7.238081640972745534e-01,5.582622974775474090e-01,6.458669923366848309e+00
7.330185096110446352e+01,7.238081640972745534e-01,5.582622974775474090e-01,6.458669923366848309e+00
7.334905485721849061e+01,7.241125077785280917e-01,5.574111133983342681e-01,6.473860676773185219e+00
7.334905485721849061e+01,7.241125077785280917e-01,5.574111133983342681e-01,6.473860676773185219e+00
7.334905485721849061e+01,7.241125077785280917e-01,5.574111133983342681e-01,6.473860676773185219e+00
7.334905485721849061e+01,7.241125077785280917e-01,5.574111133983342681e-01,6.473860676773185219e+00
7.334905485721849061e+01,7.241125077785280917e-01,5.574111133983342681e-01,6.473860676773185219e+00
7.334905485721849061e+01,7.241125077785280917e-01,5.574111133983342681e-01,6.473860676773185219e+00
7.334905485721849061e+01,7.241125077785280917e-01,5.574111133983342681e-01,6.473860676773185219e+00
7.334905485721849061e+01,7.241125077785280917e-01,5.574111133983342681e-01,6.473860676773185219e+00
7.344533480954744675e+01,7.246764868894961520e-01,5.270629602127459012e-01,6.498691705036850230e+00
7.344533480954744675e+01,7.246764868894961520e-01,5.270629602127459012e-01,6.498691705036850230e+00
7.348325305114180139e+01,7.233666087631113184e-01,5.862746753687665402e-01,6.764173516050177248e+00
7.348325305114180139e+01,7.233666087631113184e-01,5.862746753687665402e-01,6.764173516050177248e+00
7.347817814358512578e+01,7.233869865255453391e-01,5.884408870667432456e-01,6.757186653360429673e+00
7.347817814358512578e+01,7.233869865255453391e-01,5.884408870667432456e-01,6.757186653360429673e+00
7.346247984085314897e+01,7.230754205899277975e-01,6.051856179222705467e-01,6.800051248859031894e+00
7.346247984085314897e+01,7.230754205899277975e-01,6.051856179222705467e-01,6.800051248859031894e+00
7.346247984085314897e+01,7.230754205899277975e-01,6.051856179222705467e-01,6.800051248859031894e+00
7.346247984085314897e+01,7.230754205899277975e-01,6.051856179222705467e-01,6.800051248859031894e+00
7.340754495721590445e+01,7.224411175792643247e-01,6.207966964376074870e-01,6.809072326222683103e+00
7.340754495721590445e+01,7.224411175792643247e-01,6.207966964376074870e-01,6.809072326222683103e+00
7.344674148559444404e+01,7.231022422071533562e-01,5.899990959142027425e-01,6.738160327234449909e+00
7.349844431929345490e+01,7.240727832759294991e-01,5.825432692122380907e-01,6.659297320019396338e+00
7.333392583189191782e+01,7.234924498467300014e-01,6.218952082196508302e-01,6.469750002114325937e+00
7.332083750758171448e+01,7.230706545013915187e-01,6.374036937732037167e-01,6.505686677825578634e+00
7.329913259671647552e+01,7.237339818586064899e-01,5.816416399664707804e-01,6.452675100580221645e+00
7.329913259671647552e+01,7.237339818586064899e-01,5.816416399664707804e-01,6.452675100580221645e+00
7.306946961905781279e+01,7.223235515868736689e-01,5.777835586608702778e-01,6.288876950183242442e+00
7.306946961905781279e+01,7.223235515868736689e-01,5.777835586608702778e-01,6.288876950183242442e+00
7.306946961905781279e+01,7.223235515868736689e-01,5.777835586608702778e-01,6.288876950183242442e+00
7.306946961905781279e+01,7.223235515868736689e-01,5.777835586608702778e-01,6.288876950183242442e+00
7.306946961905781279e+01,7.223235515868736689e-01,5.777835586608702778e-01,6.288876950183242442e+00
7.306946961905781279e+01,7.223235515868736689e-01,5.777835586608702778e-01,6.288876950183242442e+00
7.306946961905781279e+01,7.223235515868736689e-01,5.777835586608702778e-01,6.288876950183242442e+00
7.306946961905781279e+01,7.223235515868736689e-01,5.777835586608702778e-01,6.288876950183242442e+00
7.306946961905781279e+01,7.223235515868736689e-01,5.777835586608702778e-01,6.288876950183242442e+00
7.306946961905781279e+01,7.223235515868736689e-01,5.777835586608702778e-01,6.288876950183242442e+00
7.308883381430011639e+01,7.224856560892169988e-01,5.753592116183577909e-01,6.292856923330854890e+00
7.308883381430011639e+01,7.224856560892169988e-01,5.753592116183577909e-01,6.292856923330854890e+00
7.308883381430011639e+01,7.224856560892169988e-01,5.753592116183577909e-01,6.292856923330854890e+00
7.308883381430011639e+01,7.224856560892169988e-01,5.753592116183577909e-01,6.292856923330854890e+00
7.308883381430011639e+01,7.224856560892169988e-01,5.753592116183577909e-01,6.292856923330854890e+00
7.308883381430011639e+01,7.224856560892169988e-01,5.753592116183577909e-01,6.292856923330854890e+00
7.308883381430011639e+01,7.224856560892169988e-01,5.753592116183577909e-01,6.292856923330854890e+00
7.321841959780699938e+01,7.236004673762296280e-01,5.610860162842188359e-01,6.329984068372970007e+00
7.321841959780699938e+01,7.236004673762296280e-01,5.610860162842188359e-01,6.329984068372970007e+00
7.327166699193492150e+01,7.239948350038329927e-01,5.542688806693309989e-01,6.347116500521567062e+00
7.327166699193492150e+01,7.239948350038329927e-01,5.542688806693309989e-01,6.347116500521567062e+00
7.327166699193492150e+01,7.239948350038329927e-01,5.542688806693309989e-01,6.347116500521567062e+00
7.327166699193492150e+01,7.239948350038329927e-01,5.542688806693309989e-01,6.347116500521567062e+00
7.339473448509316711e+01,7.247373566800416889e-01,5.374421795045493111e-01,6.391350442426118938e+00
7.342961405586859769e+01,7.248500511087544451e-01,5.163077992741522682e-01,6.402436263929481619e+00
7.343185914279543169e+01,7.248226401443834677e-01,5.169368888395051709e-01,6.406920420671967875e+00
7.343185914279543169e+01,7.248226401443834677e-01,5.169368888395051709e-01,6.406920420671967875e+00
7.343342956328976356e+01,7.251973792025628862e-01,5.140473251714587910e-01,6.415868232638431756e+00
7.343342956328976356e+01,7.251973792025628862e-01,5.140473251714587910e-01,6.415868232638431756e+00
7.343342956328976356e+01,7.251973792025628862e-01,5.140473251714587910e-01,6.415868232638431756e+00
7.343342956328976356e+01,7.251973792025628862e-01,5.140473251714587910e-01,6.415868232638431756e+00
7.343342956328976356e+01,7.251973792025628862e-01,5.140473251714587910e-01,6.415868232638431756e+00
7.343342956328976356e+01,7.251973792025628862e-01,5.140473251714587910e-01,6.415868232638431756e+00
7.341977686088674204e+01,7.250297682793438447e-01,4.890857730257054392e-01,6.430648698720987433e+00
7.341030928957533774e+01,7.249258079989723269e-01,4.883398740702866170e-01,6.431314856197269947e+00
7.339938575780466579e+01,7.257132865795089538e-01,4.597886847322131820e-01,6.325974021871975772e+00
7.354411219757560048e+01,7.266434611406202837e-01,4.687155471584272814e-01,6.412927477119090724e+00
7.359848998047560542e+01,7.272337733442132413e-01,4.636024062527688838e-01,6.399065465495002769e+00
7.359848998047560542e+01,7.272337733442132413e-01,4.636024062527688838e-01,6.399065465495002769e+00
7.359848998047560542e+01,7.272337733442132413e-01,4.636024062527688838e-01,6.399065465495002769e+00
7.361121663880958010e+01,7.271834210752486927e-01,4.767531299457108962e-01,6.418022841017197777e+00
7.361121663880958010e+01,7.271834210752486927e-01,4.767531299457108962e-01,6.418022841017197777e+00
7.361121663880958010e+01,7.271834210752486927e-01,4.767531299457108962e-01,6.418022841017197777e+00
7.359814694410418667e+01,7.269895425151293722e-01,4.752923259770824305e-01,6.412851408923223140e+00
7.360401478364362049e+01,7.281949499979176732e-01,4.319919004042839794e-01,6.287217938234487491e+00
7.360401478364362049e+01,7.281949499979176732e-01,4.319919004042839794e-01,6.287217938234487491e+00
7.360401478364362049e+01,7.281949499979176732e-01,4.319919004042839794e-01,6.287217938234487491e+00
7.364951872027381796e+01,7.277875558100341813e-01,4.690629571439268730e-01,6.362050998371352684e+00
7.364951872027381796e+01,7.277875558100341813e-01,4.690629571439268730e-01,6.362050998371352684e+00
7.364951872027381796e+01,7.277875558100341813e-01,4.690629571439268730e-01,6.362050998371352684e+00
7.364951872027381796e+01,7.277875558100341813e-01,4.690629571439268730e-01,6.362050998371352684e+00
7.364951872027381796e+01,7.277875558100341813e-01,4.690629571439268730e-01,6.362050998371352684e+00
7.364951872027381796e+01,7.277875558100341813e-01,4.690629571439268730e-01,6.362050998371352684e+00
7.364951872027381796e+01,7.277875558100341813e-01,4.690629571439268730e-01,6.362050998371352684e+00
7.364951872027381796e+01,7.277875558100341813e-01,4.690629571439268730e-01,6.362050998371352684e+00
7.371135134378921805e+01,7.281322271450328953e-01,4.697327678062212519e-01,6.398805081711925524e+00
7.371135134378921805e+01,7.281322271450328953e-01,4.697327678062212519e-01,6.398805081711925524e+00
7.371135134378921805e+01,7.281322271450328953e-01,4.697327678062212519e-01,6.398805081711925524e+00
7.371135134378921805e+01,7.281322271450328953e-01,4.697327678062212519e-01,6.398805081711925524e+00
7.371135134378921805e+01,7.281322271450328953e-01,4.697327678062212519e-01,6.398805081711925524e+00
7.371135134378921805e+01,7.281322271450328953e-01,4.697327678062212519e-01,6.398805081711925524e+00
7.371135134378921805e+01,7.281322271450328953e-01,4.697327678062212519e-01,6.398805081711925524e+00
7.371135134378921805e+01,7.281322271450328953e-01,4.697327678062212519e-01,6.398805081711925524e+00
7.371135134378921805e+01,7.281322271450328953e-01,4.697327678062212519e-01,6.398805081711925524e+00
7.371135134378921805e+01,7.281322271450328953e-01,4.697327678062212519e-01,6.398805081711925524e+00
7.371135134378921805e+01,7.281322271450328953e-01,4.697327678062212519e-01,6.398805081711925524e+00
7.371135134378921805e+01,7.281322271450328953e-01,4.697327678062212519e-01,6.398805081711925524e+00
7.371135134378921805e+01,7.281322271450328953e-01,4.697327678062212519e-01,6.398805081711925524e+00
7.371135134378921805e+01,7.281322271450328953e-01,4.697327678062212519e-01,6.398805081711925524e+00
7.376132565105456251e+01,7.292455707845222346e-01,4.660545104490754209e-01,6.354955732633759347e+00
7.377923804796240859e+01,7.295142312945424035e-01,4.590025412553985218e-01,6.344132038315032140e+00
7.373114665801817580e+01,7.281056037164731487e-01,4.568220766012959788e-01,6.423801695617592067e+00
7.368738187819884899e+01,7.283735983521324453e-01,4.589158785497239879e-01,6.350463223310708116e+00
7.359969933131445430e+01,7.262437598218329793e-01,5.080076539704504457e-01,6.489861758340018660e+00
7.359969933131445430e+01,7.262437598218329793e-01,5.080076539704504457e-01,6.489861758340018660e+00
7.364527601227820242e+01,7.256493409104889381e-01,4.584505343566898095e-01,6.479703070176137558e+00
7.364527601227820242e+01,7.256493409104889381e-01,4.584505343566898095e-01,6.479703070176137558e+00
7.364527601227820242e+01,7.256493409104889381e-01,4.584505343566898095e-01,6.479703070176137558e+00
7.364527601227820242e+01,7.256493409104889381e-01,4.584505343566898095e-01,6.479703070176137558e+00
7.476330402776703465e+01,7.273747302133023451e-01,4.315710125421355348e-01,7.841867838312354344e+00
7.476330402776703465e+01,7.273747302133023451e-01,4.315710125421355348e-01,7.841867838312354344e+00
7.476330402776703465e+01,7.273747302133023451e-01,4.315710125421355348e-01,7.841867838312354344e+00
7.476330402776703465e+01,7.273747302133023451e-01,4.315710125421355348e-01,7.841867838312354344e+00
7.476330402776703465e+01,7.273747302133023451e-01,4.315710125421355348e-01,7.841867838312354344e+00
7.476330402776703465e+01,7.273747302133023451e-01,4.315710125421355348e-01,7.841867838312354344e+00
7.476330402776703465e+01,7.273747302133023451e-01,4.315710125421355348e-01,7.841867838312354344e+00
7.476330402776703465e+01,7.273747302133023451e-01,4.315710125421355348e-01,7.841867838312354344e+00
7.476330402776703465e+01,7.273747302133023451e-01,4.315710125421355348e-01,7.841867838312354344e+00
7.476330402776703465e+01,7.273747302133023451e-01,4.315710125421355348e-01,7.841867838312354344e+00
7.476330402776703465e+01,7.273747302133023451e-01,4.315710125421355348e-01,7.841867838312354344e+00
7.476330402776703465e+01,7.273747302133023451e-01,4.315710125421355348e-01,7.841867838312354344e+00
7.476330402776703465e+01,7.273747302133023451e-01,4.315710125421355348e-01,7.841867838312354344e+00
7.476330402776703465e+01,7.273747302133023451e-01,4.315710125421355348e-01,7.841867838312354344e+00
7.455746287072895484e+01,7.280540103922952255e-01,4.080532983568658789e-01,7.488428699623185913e+00
7.455746287072895484e+01,7.280540103922952255e-01,4.080532983568658789e-01,7.488428699623185913e+00
7.455746287072895484e+01,7.280540103922952255e-01,4.080532983568658789e-01,7.488428699623185913e+00
7.455746287072895484e+01,7.280540103922952255e-01,4.080532983568658789e-01,7.488428699623185913e+00
7.455746287072895484e+01,7.280540103922952255e-01,4.080532983568658789e-01,7.488428699623185913e+00
7.455746287072895484e+01,7.280540103922952255e-01,4.080532983568658789e-01,7.488428699623185913e+00
7.455632790410663802e+01,7.279301844533211385e-01,4.116515576424768508e-01,7.462678998985916579e+00
7.455632790410663802e+01,7.279301844533211385e-01,4.116515576424768508e-01,7.462678998985916579e+00
7.455632790410663802e+01,7.279301844533211385e-01,4.116515576424768508e-01,7.462678998985916579e+00
7.451502475900372247e+01,7.279647582626147528e-01,3.989861745731435039e-01,7.674699263225767787e+00
7.445242573009502962e+01,7.279589256985394830e-01,3.960626174307071978e-01,7.561473963534021792e+00
7.445242573009502962e+01,7.279589256985394830e-01,3.960626174307071978e-01,7.561473963534021792e+00
7.445242573009502962e+01,7.279589256985394830e-01,3.960626174307071978e-01,7.561473963534021792e+00
7.431023978851669654e+01,7.275395747879446207e-01,4.230726542851153682e-01,7.404683190800441572e+00
7.431023978851669654e+01,7.275395747879446207e-01,4.230726542851153682e-01,7.404683190800441572e+00
7.428066396851201603e+01,7.274276090225665348e-01,4.243045959327231276e-01,7.364042016220083475e+00
7.428066396851201603e+01,7.274276090225665348e-01,4.243045959327231276e-01,7.364042016220083475e+00
7.428066396851201603e+01,7.274276090225665348e-01,4.243045959327231276e-01,7.364042016220083475e+00
7.428066396851201603e+01,7.274276090225665348e-01,4.243045959327231276e-01,7.364042016220083475e+00
7.428066396851201603e+01,7.274276090225665348e-01,4.243045959327231276e-01,7.364042016220083475e+00
7.428066396851201603e+01,7.274276090225665348e-01,4.243045959327231276e-01,7.364042016220083475e+00
7.411837893300726421e+01,7.272352132294799265e-01,4.914997927105473896e-01,7.077265646661502707e+00
7.399430504233338013e+01,7.266073301780818783e-01,4.870136307578043500e-01,6.987637778189458970e+00
7.399430504233338013e+01,7.266073301780818783e-01,4.870136307578043500e-01,6.987637778189458970e+00
7.399430504233338013e+01,7.266073301780818783e-01,4.870136307578043500e-01,6.987637778189458970e+00
7.396686680471719910e+01,7.264978296148544290e-01,4.821442790041393645e-01,6.957063711901414926e+00
7.395980748930938375e+01,7.265152690217765441e-01,4.841679125874056022e-01,6.945405048886926558e+00
7.395980748930938375e+01,7.265152690217765441e-01,4.841679125874056022e-01,6.945405048886926558e+00
7.395980748930938375e+01,7.265152690217765441e-01,4.841679125874056022e-01,6.945405048886926558e+00
7.395980748930938375e+01,7.265152690217765441e-01,4.841679125874056022e-01,6.945405048886926558e+00
7.395980748930938375e+01,7.265152690217765441e-01,4.841679125874056022e-01,6.945405048886926558e+00
7.395980748930938375e+01,7.265152690217765441e-01,4.841679125874056022e-01,6.945405048886926558e+00
7.405736751630661274e+01,7.270878675684268044e-01,4.992078154344682384e-01,6.986081432209798159e+00
7.405736751630661274e+01,7.270878675684268044e-01,4.992078154344682384e-01,6.986081432209798159e+00
7.405736751630661274e+01,7.270878675684268044e-01,4.992078154344682384e-01,6.986081432209798159e+00
7.409649745145797795e+01,7.271048189729772959e-01,4.991394670538991107e-01,7.047083819567344420e+00
7.409649745145797795e+01,7.271048189729772959e-01,4.991394670538991107e-01,7.047083819567344420e+00
7.403393986991783038e+01,7.267963256463041422e-01,4.903604545238752221e-01,6.985577601808157233e+00
7.400504119263437985e+01,7.266805170892115529e-01,4.926819001403803244e-01,6.959487839210594551e+00
7.400504119263437985e+01,7.266805170892115529e-01,4.926819001403803244e-01,6.959487839210594551e+00
7.400504119263437985e+01,7.266805170892115529e-01,4.926819001403803244e-01,6.959487839210594551e+00
7.400504119263437985e+01,7.266805170892115529e-01,4.926819001403803244e-01,6.959487839210594551e+00
7.400504119263437985e+01,7.266805170892115529e-01,4.926819001403803244e-01,6.959487839210594551e+00
7.400504119263437985e+01,7.266805170892115529e-01,4.926819001403803244e-01,6.959487839210594551e+00
7.400504119263437985e+01,7.266805170892115529e-01,4.926819001403803244e-01,6.959487839210594551e+00
7.400504119263437985e+01,7.266805170892115529e-01,4.926819001403803244e-01,6.959487839210594551e+00
7.400504119263437985e+01,7.266805170892115529e-01,4.926819001403803244e-01,6.959487839210594551e+00
7.400504119263437985e+01,7.266805170892115529e-01,4.926819001403803244e-01,6.959487839210594551e+00
7.407537975463540647e+01,7.266142579178911376e-01,4.809269991092167684e-01,7.038479348791977230e+00
7.407537975463540647e+01,7.266142579178911376e-01,4.809269991092167684e-01,7.038479348791977230e+00
7.407537975463540647e+01,7.266142579178911376e-01,4.809269991092167684e-01,7.038479348791977230e+00
7.407537975463540647e+01,7.266142579178911376e-01,4.809269991092167684e-01,7.038479348791977230e+00
7.384765673955594423e+01,7.257916725334255803e-01,5.038691619908440833e-01,6.867756038145240716e+00
7.384765673955594423e+01,7.257916725334255803e-01,5.038691619908440833e-01,6.867756038145240716e+00
7.384765673955594423e+01,7.257916725334255803e-01,5.038691619908440833e-01,6.867756038145240716e+00
7.384765673955594423e+01,7.257916725334255803e-01,5.038691619908440833e-01,6.867756038145240716e+00
7.384144211455520690e+01,7.257926772168526997e-01,5.082963516175464935e-01,6.868874895819701010e+00
7.384144211455520690e+01,7.257926772168526997e-01,5.082963516175464935e-01,6.868874895819701010e+00
7.384144211455520690e+01,7.257926772168526997e-01,5.082963516175464935e-01,6.868874895819701010e+00
7.384144211455520690e+01,7.257926772168526997e-01,5.082963516175464935e-01,6.868874895819701010e+00
7.384144211455520690e+01,7.257926772168526997e-01,5.082963516175464935e-01,6.868874895819701010e+00
7.384144211455520690e+01,7.257926772168526997e-01,5.082963516175464935e-01,6.868874895819701010e+00
7.384144211455520690e+01,7.257926772168526997e-01,5.082963516175464935e-01,6.868874895819701010e+00
7.387029730528082894e+01,7.256413306881022152e-01,5.072861560545395276e-01,6.934028773052254735e+00
7.383715405449923708e+01,7.261926647746741459e-01,5.044266175965920196e-01,6.809533018452793129e+00
7.383715405449923708e+01,7.261926647746741459e-01,5.044266175965920196e-01,6.809533018452793129e+00
7.383715405449923708e+01,7.261926647746741459e-01,5.044266175965920196e-01,6.809533018452793129e+00
7.381540307807475187e+01,7.270373302781244496e-01,5.072236514393380080e-01,6.730485519193446287e+00
7.381540307807475187e+01,7.270373302781244496e-01,5.072236514393380080e-01,6.730485519193446287e+00
7.381540307807475187e+01,7.270373302781244496e-01,5.072236514393380080e-01,6.730485519193446287e+00
7.389938307403075157e+01,7.281201029087827070e-01,4.810289760009311966e-01,6.728305618287566681e+00
7.389938307403075157e+01,7.281201029087827070e-01,4.810289760009311966e-01,6.728305618287566681e+00
7.389938307403075157e+01,7.281201029087827070e-01,4.810289760009311966e-01,6.728305618287566681e+00
7.389938307403075157e+01,7.281201029087827070e-01,4.810289760009311966e-01,6.728305618287566681e+00
7.379388252220402933e+01,7.276668498560332488e-01,5.124354723441471027e-01,6.600179188746795766e+00
7.379388252220402933e+01,7.276668498560332488e-01,5.124354723441471027e-01,6.600179188746795766e+00
7.367905578945502043e+01,7.273405189674402305e-01,4.927567379706686568e-01,6.464229990218107069e+00
7.367905578945502043e+01,7.273405189674402305e-01,4.927567379706686568e-01,6.464229990218107069e+00
7.368588481001197010e+01,7.274242446510018612e-01,4.895846670965218195e-01,6.489271029736610075e+00
7.365129157517287695e+01,7.271206832791650143e-01,4.860605364196524114e-01,6.524822255720506448e+00
7.365129157517287695e+01,7.271206832791650143e-01,4.860605364196524114e-01,6.524822255720506448e+00
7.365129157517287695e+01,7.271206832791650143e-01,4.860605364196524114e-01,6.524822255720506448e+00
7.365129157517287695e+01,7.271206832791650143e-01,4.860605364196524114e-01,6.524822255720506448e+00
7.365129157517287695e+01,7.271206832791650143e-01,4.860605364196524114e-01,6.524822255720506448e+00
7.365129157517287695e+01,7.271206832791650143e-01,4.860605364196524114e-01,6.524822255720506448e+00
7.365129157517287695e+01,7.271206832791650143e-01,4.860605364196524114e-01,6.524822255720506448e+00
7.370470441072663448e+01,7.282903691636205545e-01,4.598459538433646299e-01,6.479440671954188602e+00
7.367884090377899042e+01,7.278317363813574525e-01,4.763472091487366278e-01,6.217783224577161150e+00
7.362282555700082298e+01,7.278276602585500576e-01,4.856590445808114942e-01,6.226628217610786997e+00
7.362282555700082298e+01,7.278276602585500576e-01,4.856590445808114942e-01,6.226628217610786997e+00
7.362282555700082298e+01,7.278276602585500576e-01,4.856590445808114942e-01,6.226628217610786997e+00
7.362282555700082298e+01,7.278276602585500576e-01,4.856590445808114942e-01,6.226628217610786997e+00
7.362199124468598654e+01,7.278162509696671778e-01,4.861136825765249303e-01,6.223009281349076716e+00
7.362199124468598654e+01,7.278162509696671778e-01,4.861136825765249303e-01,6.223009281349076716e+00
7.362199124468598654e+01,7.278162509696671778e-01,4.861136825765249303e-01,6.223009281349076716e+00
7.362199124468598654e+01,7.278162509696671778e-01,4.861136825765249303e-01,6.223009281349076716e+00
7.362199124468598654e+01,7.278162509696671778e-01,4.861136825765249303e-01,6.223009281349076716e+00
7.362199124468598654e+01,7.278162509696671778e-01,4.861136825765249303e-01,6.223009281349076716e+00
7.363357147287049997e+01,7.277184462588359715e-01,4.879474617877215259e-01,6.255026465872067121e+00
7.363590739143768360e+01,7.277582808780650447e-01,4.869823307304051996e-01,6.252146706162404755e+00
7.363590739143768360e+01,7.277582808780650447e-01,4.869823307304051996e-01,6.252146706162404755e+00
7.364042627569195076e+01,7.277016587877503939e-01,4.912272346158030878e-01,6.286743248824573804e+00
7.364042627569195076e+01,7.277016587877503939e-01,4.912272346158030878e-01,6.286743248824573804e+00
7.364042627569195076e+01,7.277016587877503939e-01,4.912272346158030878e-01,6.286743248824573804e+00
7.364042627569195076e+01,7.277016587877503939e-01,4.912272346158030878e-01,6.286743248824573804e+00
7.353682072668266301e+01,7.286151155824635017e-01,4.768717669775492940e-01,6.012223648483797867e+00
7.353682072668266301e+01,7.286151155824635017e-01,4.768717669775492940e-01,6.012223648483797867e+00
7.349290556765315330e+01,7.254570787172512913e-01,5.177459810887554692e-01,6.397434752005612957e+00
7.350211069250185858e+01,7.254202885687575098e-01,5.174255542666201801e-01,6.409236127550699713e+00
7.355586650037503205e+01,7.256428641684448122e-01,5.204580597313313017e-01,6.457937905612623375e+00
7.355586650037503205e+01,7.256428641684448122e-01,5.204580597313313017e-01,6.457937905612623375e+00
7.355586650037503205e+01,7.256428641684448122e-01,5.204580597313313017e-01,6.457937905612623375e+00
7.344385846373678817e+01,7.232727018365543437e-01,5.530881762849021444e-01,6.543265349273291953e+00
7.344613532579309378e+01,7.223715390371320266e-01,5.883132747327084466e-01,6.673735363468864534e+00
7.344613532579309378e+01,7.223715390371320266e-01,5.883132747327084466e-01,6.673735363468864534e+00
7.344613532579309378e+01,7.223715390371320266e-01,5.883132747327084466e-01,6.673735363468864534e+00
7.350161680576346157e+01,7.236599551059786917e-01,5.677938715442807371e-01,6.617972392219025224e+00
7.350161680576346157e+01,7.236599551059786917e-01,5.677938715442807371e-01,6.617972392219025224e+00
7.350161680576346157e+01,7.236599551059786917e-01,5.677938715442807371e-01,6.617972392219025224e+00
7.350161680576346157e+01,7.236599551059786917e-01,5.677938715442807371e-01,6.617972392219025224e+00
7.350161680576346157e+01,7.236599551059786917e-01,5.677938715442807371e-01,6.617972392219025224e+00
7.350161680576346157e+01,7.236599551059786917e-01,5.677938715442807371e-01,6.617972392219025224e+00
7.350161680576346157e+01,7.236599551059786917e-01,5.677938715442807371e-01,6.617972392219025224e+00
7.353889966095101727e+01,7.238616766713122930e-01,5.570644186378254092e-01,6.646720908527073313e+00
7.353889966095101727e+01,7.238616766713122930e-01,5.570644186378254092e-01,6.646720908527073313e+00
7.358331048683223230e+01,7.239417467304153364e-01,5.847746847822774541e-01,6.730507610540946928e+00
7.358331048683223230e+01,7.239417467304153364e-01,5.847746847822774541e-01,6.730507610540946928e+00
7.358331048683223230e+01,7.239417467304153364e-01,5.847746847822774541e-01,6.730507610540946928e+00
7.358331048683223230e+01,7.239417467304153364e-01,5.847746847822774541e-01,6.730507610540946928e+00
7.358331048683223230e+01,7.239417467304153364e-01,5.847746847822774541e-01,6.730507610540946928e+00
7.358331048683223230e+01,7.239417467304153364e-01,5.847746847822774541e-01,6.730507610540946928e+00
7.358331048683223230e+01,7.239417467304153364e-01,5.847746847822774541e-01,6.730507610540946928e+00
7.358331048683223230e+01,7.239417467304153364e-01,5.847746847822774541e-01,6.730507610540946928e+00
7.357624203736489221e+01,7.238271279360960486e-01,5.895449782680182160e-01,6.664973000921630586e+00
7.355122979105490799e+01,7.246870614898754948e-01,5.589451477839605387e-01,6.585124619759302078e+00
7.355122979105490799e+01,7.246870614898754948e-01,5.589451477839605387e-01,6.585124619759302078e+00
7.355122979105490799e+01,7.246870614898754948e-01,5.589451477839605387e-01,6.585124619759302078e+00
7.361677281137734496e+01,7.237851347694479465e-01,6.106693034844545842e-01,6.811937905171482122e+00
7.361677281137734496e+01,7.237851347694479465e-01,6.106693034844545842e-01,6.811937905171482122e+00
7.361677281137734496e+01,7.237851347694479465e-01,6.106693034844545842e-01,6.811937905171482122e+00
7.376160650447295097e+01,7.259268892064664191e-01,6.195232308987969061e-01,6.773090672267790602e+00
7.376160650447295097e+01,7.259268892064664191e-01,6.195232308987969061e-01,6.773090672267790602e+00
7.376160650447295097e+01,7.259268892064664191e-01,6.195232308987969061e-01,6.773090672267790602e+00
7.376991800329778926e+01,7.261094341656461060e-01,6.115007227442345039e-01,6.858800306750891806e+00
7.376991800329778926e+01,7.261094341656461060e-01,6.115007227442345039e-01,6.858800306750891806e+00
7.376991800329778926e+01,7.261094341656461060e-01,6.115007227442345039e-01,6.858800306750891806e+00
7.368867789821898384e+01,7.253383347865235420e-01,5.793891349480998487e-01,6.781584823575683707e+00
7.368867789821898384e+01,7.253383347865235420e-01,5.793891349480998487e-01,6.781584823575683707e+00
7.368721236871078872e+01,7.254331969480012354e-01,5.774431524525334147e-01,6.767596285983365156e+00
7.366321576551237627e+01,7.250395950946395551e-01,5.932897549367910361e-01,6.681412049244171314e+00
7.366321576551237627e+01,7.250395950946395551e-01,5.932897549367910361e-01,6.681412049244171314e+00
7.366902664696813474e+01,7.252191550084832183e-01,5.867082276767163762e-01,6.666731602774946808e+00
7.366902664696813474e+01,7.252191550084832183e-01,5.867082276767163762e-01,6.666731602774946808e+00
7.366902664696813474e+01,7.252191550084832183e-01,5.867082276767163762e-01,6.666731602774946808e+00
7.366902664696813474e+01,7.252191550084832183e-01,5.867082276767163762e-01,6.666731602774946808e+00
7.366902664696813474e+01,7.252191550084832183e-01,5.867082276767163762e-01,6.666731602774946808e+00
7.366902664696813474e+01,7.252191550084832183e-01,5.867082276767163762e-01,6.666731602774946808e+00
7.366902664696813474e+01,7.252191550084832183e-01,5.867082276767163762e-01,6.666731602774946808e+00
7.366902664696813474e+01,7.252191550084832183e-01,5.867082276767163762e-01,6.666731602774946808e+00
7.366902664696813474e+01,7.252191550084832183e-01,5.867082276767163762e-01,6.666731602774946808e+00
7.366902664696813474e+01,7.252191550084832183e-01,5.867082276767163762e-01,6.666731602774946808e+00
7.440018139698015887e+01,7.265585310401702079e-01,1.411163193634524249e-01,1.509247733535593916e+01
7.425864532998387801e+01,7.280786534669199117e-01,1.269293699319594404e-01,1.509338002269182333e+01
7.425864532998387801e+01,7.280786534669199117e-01,1.269293699319594404e-01,1.509338002269182333e+01
7.425864532998387801e+01,7.280786534669199117e-01,1.269293699319594404e-01,1.509338002269182333e+01
7.425864532998387801e+01,7.280786534669199117e-01,1.269293699319594404e-01,1.509338002269182333e+01
7.425864532998387801e+01,7.280786534669199117e-01,1.269293699319594404e-01,1.509338002269182333e+01
7.425864532998387801e+01,7.280786534669199117e-01,1.269293699319594404e-01,1.509338002269182333e+01
7.425639126849603144e+01,7.281481396209487089e-01,1.259896965662184176e-01,1.514756945924644604e+01
7.425639126849603144e+01,7.281481396209487089e-01,1.259896965662184176e-01,1.514756945924644604e+01
7.425639126849603144e+01,7.281481396209487089e-01,1.259896965662184176e-01,1.514756945924644604e+01
7.425639126849603144e+01,7.281481396209487089e-01,1.259896965662184176e-01,1.514756945924644604e+01
7.425639126849603144e+01,7.281481396209487089e-01,1.259896965662184176e-01,1.514756945924644604e+01
7.425639126849603144e+01,7.281481396209487089e-01,1.259896965662184176e-01,1.514756945924644604e+01
7.425639126849603144e+01,7.281481396209487089e-01,1.259896965662184176e-01,1.514756945924644604e+01
7.425639126849603144e+01,7.281481396209487089e-01,1.259896965662184176e-01,1.514756945924644604e+01
7.425639126849603144e+01,7.281481396209487089e-01,1.259896965662184176e-01,1.514756945924644604e+01
7.425639126849603144e+01,7.281481396209487089e-01,1.259896965662184176e-01,1.514756945924644604e+01
7.425639126849603144e+01,7.281481396209487089e-01,1.259896965662184176e-01,1.514756945924644604e+01
7.425639126849603144e+01,7.281481396209487089e-01,1.259896965662184176e-01,1.514756945924644604e+01
7.424724253822952846e+01,7.288489636653012749e-01,1.280640953133942994e-01,1.459150567333960069e+01
7.424724253822952846e+01,7.288489636653012749e-01,1.280640953133942994e-01,1.459150567333960069e+01
7.424724253822952846e+01,7.288489636653012749e-01,1.280640953133942994e-01,1.459150567333960069e+01
7.427624726984709014e+01,7.290470922401602882e-01,1.287037372529978851e-01,1.459135242552842726e+01
7.458763092636201009e+01,7.326684362267185113e-01,1.213210917105665837e-01,1.680427648674101704e+01
7.458763092636201009e+01,7.326684362267185113e-01,1.213210917105665837e-01,1.680427648674101704e+01
7.458763092636201009e+01,7.326684362267185113e-01,1.213210917105665837e-01,1.680427648674101704e+01
7.458763092636201009e+01,7.326684362267185113e-01,1.213210917105665837e-01,1.680427648674101704e+01
7.458763092636201009e+01,7.326684362267185113e-01,1.213210917105665837e-01,1.680427648674101704e+01
7.458763092636201009e+01,7.326684362267185113e-01,1.213210917105665837e-01,1.680427648674101704e+01
7.458763092636201009e+01,7.326684362267185113e-01,1.213210917105665837e-01,1.680427648674101704e+01
7.460123355221885788e+01,7.344270314823251322e-01,1.262161991885615009e-01,1.497037542827739287e+01
7.460123355221885788e+01,7.344270314823251322e-01,1.262161991885615009e-01,1.497037542827739287e+01
7.460123355221885788e+01,7.344270314823251322e-01,1.262161991885615009e-01,1.497037542827739287e+01
7.460123355221885788e+01,7.344270314823251322e-01,1.262161991885615009e-01,1.497037542827739287e+01
7.465714938972666914e+01,7.356684172935704646e-01,1.259179513841809928e-01,1.459433571446914613e+01
7.465714938972666914e+01,7.356684172935704646e-01,1.259179513841809928e-01,1.459433571446914613e+01
7.438895368298399546e+01,7.399292416619972501e-01,9.901055665485229695e-02,1.457391390954728827e+01
7.438895368298399546e+01,7.399292416619972501e-01,9.901055665485229695e-02,1.457391390954728827e+01
7.438895368298399546e+01,7.399292416619972501e-01,9.901055665485229695e-02,1.457391390954728827e+01
7.433731147237226367e+01,7.390562736597088289e-01,1.018116794399407804e-01,1.431922824360853674e+01
7.433731147237226367e+01,7.390562736597088289e-01,1.018116794399407804e-01,1.431922824360853674e+01
7.433731147237226367e+01,7.390562736597088289e-01,1.018116794399407804e-01,1.431922824360853674e+01
7.433731147237226367e+01,7.390562736597088289e-01,1.018116794399407804e-01,1.431922824360853674e+01
7.422178505430736095e+01,7.371033970265239432e-01,1.080779426011805600e-01,1.374948263493205047e+01
7.422178505430736095e+01,7.371033970265239432e-01,1.080779426011805600e-01,1.374948263493205047e+01
7.424590722736499515e+01,7.371670593920457426e-01,1.097143304700910482e-01,1.360888773714761690e+01
7.423732724882945888e+01,7.372438033477110020e-01,1.081361234584751335e-01,1.369058428208771261e+01
7.423732724882945888e+01,7.372438033477110020e-01,1.081361234584751335e-01,1.369058428208771261e+01
7.423732724882945888e+01,7.372438033477110020e-01,1.081361234584751335e-01,1.369058428208771261e+01
7.423732724882945888e+01,7.372438033477110020e-01,1.081361234584751335e-01,1.369058428208771261e+01
7.423732724882945888e+01,7.372438033477110020e-01,1.081361234584751335e-01,1.369058428208771261e+01
7.423732724882945888e+01,7.372438033477110020e-01,1.081361234584751335e-01,1.369058428208771261e+01
7.423732724882945888e+01,7.372438033477110020e-01,1.081361234584751335e-01,1.369058428208771261e+01
7.423732724882945888e+01,7.372438033477110020e-01,1.081361234584751335e-01,1.369058428208771261e+01
7.423732724882945888e+01,7.372438033477110020e-01,1.081361234584751335e-01,1.369058428208771261e+01
7.423732724882945888e+01,7.372438033477110020e-01,1.081361234584751335e-01,1.369058428208771261e+01
7.423732724882945888e+01,7.372438033477110020e-01,1.081361234584751335e-01,1.369058428208771261e+01
7.423732724882945888e+01,7.372438033477110020e-01,1.081361234584751335e-01,1.369058428208771261e+01
7.423732724882945888e+01,7.372438033477110020e-01,1.081361234584751335e-01,1.369058428208771261e+01
7.423732724882945888e+01,7.372438033477110020e-01,1.081361234584751335e-01,1.369058428208771261e+01
7.460021129474495183e+01,7.403811878518046230e-01,1.140186066284855360e-01,1.356086101206849115e+01
7.448483048267333118e+01,7.397882023255478723e-01,1.108757991509470575e-01,1.340853973433617696e+01
7.448483048267333118e+01,7.397882023255478723e-01,1.108757991509470575e-01,1.340853973433617696e+01
7.448483048267333118e+01,7.397882023255478723e-01,1.108757991509470575e-01,1.340853973433617696e+01
7.448483048267333118e+01,7.397882023255478723e-01,1.108757991509470575e-01,1.340853973433617696e+01
7.448483048267333118e+01,7.397882023255478723e-01,1.108757991509470575e-01,1.340853973433617696e+01
7.448483048267333118e+01,7.397882023255478723e-01,1.108757991509470575e-01,1.340853973433617696e+01
7.448483048267333118e+01,7.397882023255478723e-01,1.108757991509470575e-01,1.340853973433617696e+01
7.448483048267333118e+01,7.397882023255478723e-01,1.108757991509470575e-01,1.340853973433617696e+01
7.450718309790578076e+01,7.407036657442805927e-01,1.057930824028331940e-01,1.368822315513226151e+01
7.450718309790578076e+01,7.407036657442805927e-01,1.057930824028331940e-01,1.368822315513226151e+01
7.448799874539139410e+01,7.398681081994462616e-01,1.107495536527299262e-01,1.338347978611425226e+01
7.448799874539139410e+01,7.398681081994462616e-01,1.107495536527299262e-01,1.338347978611425226e+01
7.449611649798535495e+01,7.398516401327626113e-01,1.114038859349795463e-01,1.334606117221324340e+01
7.447474252400148487e+01,7.391215324997226777e-01,1.125660959938501599e-01,1.337197388752758442e+01
7.447474252400148487e+01,7.391215324997226777e-01,1.125660959938501599e-01,1.337197388752758442e+01
7.447474252400148487e+01,7.391215324997226777e-01,1.125660959938501599e-01,1.337197388752758442e+01
7.447474252400148487e+01,7.391215324997226777e-01,1.125660959938501599e-01,1.337197388752758442e+01
7.447474252400148487e+01,7.391215324997226777e-01,1.125660959938501599e-01,1.337197388752758442e+01
7.447474252400148487e+01,7.391215324997226777e-01,1.125660959938501599e-01,1.337197388752758442e+01
7.447474252400148487e+01,7.391215324997226777e-01,1.125660959938501599e-01,1.337197388752758442e+01
7.447474252400148487e+01,7.391215324997226777e-01,1.125660959938501599e-01,1.337197388752758442e+01
7.446380489139269798e+01,7.389475372926711527e-01,1.096314199958817182e-01,1.387153186234432845e+01
7.446194977717460972e+01,7.390040430732339738e-01,1.079706204788465074e-01,1.401246030424992917e+01
7.446194977717460972e+01,7.390040430732339738e-01,1.079706204788465074e-01,1.401246030424992917e+01
7.446194977717460972e+01,7.390040430732339738e-01,1.079706204788465074e-01,1.401246030424992917e+01
7.446194977717460972e+01,7.390040430732339738e-01,1.079706204788465074e-01,1.401246030424992917e+01
7.446194977717460972e+01,7.390040430732339738e-01,1.079706204788465074e-01,1.401246030424992917e+01
7.446546642440816299e+01,7.388965178158783953e-01,1.111307862162028426e-01,1.374455762915733104e+01
7.446546642440816299e+01,7.388965178158783953e-01,1.111307862162028426e-01,1.374455762915733104e+01
7.452676743305374885e+01,7.392491412921261551e-01,1.153660627214112971e-01,1.323392972444917426e+01
7.452676743305374885e+01,7.392491412921261551e-01,1.153660627214112971e-01,1.323392972444917426e+01
7.454356206135895491e+01,7.393592566289969303e-01,1.164109079749017922e-01,1.299805399640257875e+01
7.454356206135895491e+01,7.393592566289969303e-01,1.164109079749017922e-01,1.299805399640257875e+01
7.458979167338688399e+01,7.398224607794557928e-01,1.194891339753905851e-01,1.254309677058970074e+01
7.458979167338688399e+01,7.398224607794557928e-01,1.194891339753905851e-01,1.254309677058970074e+01
7.458979167338688399e+01,7.398224607794557928e-01,1.194891339753905851e-01,1.254309677058970074e+01
7.459354286231264552e+01,7.398511400291951645e-01,1.191093144006938193e-01,1.259354407600817183e+01
7.459354286231264552e+01,7.398511400291951645e-01,1.191093144006938193e-01,1.259354407600817183e+01
7.459423026551372971e+01,7.398600891200260987e-01,1.191164936650255801e-01,1.259274316200357191e+01
7.459423026551372971e+01,7.398600891200260987e-01,1.191164936650255801e-01,1.259274316200357191e+01
7.459423026551372971e+01,7.398600891200260987e-01,1.191164936650255801e-01,1.259274316200357191e+01
7.459423026551372971e+01,7.398600891200260987e-01,1.191164936650255801e-01,1.259274316200357191e+01
7.431750161988559000e+01,7.373108764011533367e-01,1.155935500286371653e-01,1.238952061478424760e+01
7.437076939185051572e+01,7.369069110071857498e-01,1.157363254051824580e-01,1.271694631441353707e+01
7.445681916356981844e+01,7.368091907410331265e-01,1.216135149664891724e-01,1.228577181469309565e+01
7.445681916356981844e+01,7.368091907410331265e-01,1.216135149664891724e-01,1.228577181469309565e+01
7.445681916356981844e+01,7.368091907410331265e-01,1.216135149664891724e-01,1.228577181469309565e+01
7.448497768859355972e+01,7.369121235410207582e-01,1.249269516083814646e-01,1.211602761789502480e+01
7.448497768859355972e+01,7.369121235410207582e-01,1.249269516083814646e-01,1.211602761789502480e+01
7.448497768859355972e+01,7.369121235410207582e-01,1.249269516083814646e-01,1.211602761789502480e+01
7.448497768859355972e+01,7.369121235410207582e-01,1.249269516083814646e-01,1.211602761789502480e+01
7.453209607192043507e+01,7.375934977757446775e-01,1.270630782803685022e-01,1.222509772033077979e+01
7.456598090446031790e+01,7.377751643828522887e-01,1.288836581372849177e-01,1.211922739724636777e+01
7.456598090446031790e+01,7.377751643828522887e-01,1.288836581372849177e-01,1.211922739724636777e+01
7.456598090446031790e+01,7.377751643828522887e-01,1.288836581372849177e-01,1.211922739724636777e+01
7.456598090446031790e+01,7.377751643828522887e-01,1.288836581372849177e-01,1.211922739724636777e+01
7.456598090446031790e+01,7.377751643828522887e-01,1.288836581372849177e-01,1.211922739724636777e+01
7.456598090446031790e+01,7.377751643828522887e-01,1.288836581372849177e-01,1.211922739724636777e+01
7.456598090446031790e+01,7.377751643828522887e-01,1.288836581372849177e-01,1.211922739724636777e+01
7.456598090446031790e+01,7.377751643828522887e-01,1.288836581372849177e-01,1.211922739724636777e+01
7.460892192614404905e+01,7.380840063905479420e-01,1.275818118468220463e-01,1.233766729041052734e+01
7.460892192614404905e+01,7.380840063905479420e-01,1.275818118468220463e-01,1.233766729041052734e+01
7.460892192614404905e+01,7.380840063905479420e-01,1.275818118468220463e-01,1.233766729041052734e+01
7.460892192614404905e+01,7.380840063905479420e-01,1.275818118468220463e-01,1.233766729041052734e+01
7.460892192614404905e+01,7.380840063905479420e-01,1.275818118468220463e-01,1.233766729041052734e+01
7.460892192614404905e+01,7.380840063905479420e-01,1.275818118468220463e-01,1.233766729041052734e+01
7.459690621149223944e+01,7.380871412270056942e-01,1.255361710555031318e-01,1.254003635855742971e+01
7.459690621149223944e+01,7.380871412270056942e-01,1.255361710555031318e-01,1.254003635855742971e+01
7.459690621149223944e+01,7.380871412270056942e-01,1.255361710555031318e-01,1.254003635855742971e+01
7.459690621149223944e+01,7.380871412270056942e-01,1.255361710555031318e-01,1.254003635855742971e+01
7.459690621149223944e+01,7.380871412270056942e-01,1.255361710555031318e-01,1.254003635855742971e+01
7.459690621149223944e+01,7.380871412270056942e-01,1.255361710555031318e-01,1.254003635855742971e+01
7.458535032338636483e+01,7.380346720064288046e-01,1.255870611419841187e-01,1.248387348199232072e+01
7.458535032338636483e+01,7.380346720064288046e-01,1.255870611419841187e-01,1.248387348199232072e+01
7.459612388430826968e+01,7.380424941387916382e-01,1.257594555251023982e-01,1.255350281532257917e+01
7.467723945472226887e+01,7.385193758647603524e-01,1.202128671540236005e-01,1.324914906775552481e+01
7.465670673859436590e+01,7.381617432204119478e-01,1.303603042957168501e-01,1.247664017946180692e+01
7.457626718543230027e+01,7.378752755721031953e-01,1.294335370250453421e-01,1.211969690378571407e+01
7.465751065204410963e+01,7.381646061800671843e-01,1.303695664142194011e-01,1.248020747302365940e+01
7.465751065204410963e+01,7.381646061800671843e-01,1.303695664142194011e-01,1.248020747302365940e+01
7.465751065204410963e+01,7.381646061800671843e-01,1.303695664142194011e-01,1.248020747302365940e+01
7.462461543368881678e+01,7.379542824245211019e-01,1.295094925673395403e-01,1.248793690833223202e+01
7.462461543368881678e+01,7.379542824245211019e-01,1.295094925673395403e-01,1.248793690833223202e+01
7.462461543368881678e+01,7.379542824245211019e-01,1.295094925673395403e-01,1.248793690833223202e+01
7.462461543368881678e+01,7.379542824245211019e-01,1.295094925673395403e-01,1.248793690833223202e+01
7.462461543368881678e+01,7.379542824245211019e-01,1.295094925673395403e-01,1.248793690833223202e+01
7.462461543368881678e+01,7.379542824245211019e-01,1.295094925673395403e-01,1.248793690833223202e+01
7.462461543368881678e+01,7.379542824245211019e-01,1.295094925673395403e-01,1.248793690833223202e+01
7.462461543368881678e+01,7.379542824245211019e-01,1.295094925673395403e-01,1.248793690833223202e+01
7.462461543368881678e+01,7.379542824245211019e-01,1.295094925673395403e-01,1.248793690833223202e+01
7.476700924398750203e+01,7.390566720814993884e-01,1.317574074024367159e-01,1.271646728861295905e+01
7.476700924398750203e+01,7.390566720814993884e-01,1.317574074024367159e-01,1.271646728861295905e+01
7.476795615631212399e+01,7.390636561535659510e-01,1.317990343882965987e-01,1.271310327467454648e+01
7.476795615631212399e+01,7.390636561535659510e-01,1.317990343882965987e-01,1.271310327467454648e+01
7.476795615631212399e+01,7.390636561535659510e-01,1.317990343882965987e-01,1.271310327467454648e+01
7.470325547069161587e+01,7.388908299834346938e-01,1.289065156429561598e-01,1.277034877662869050e+01
7.470325547069161587e+01,7.388908299834346938e-01,1.289065156429561598e-01,1.277034877662869050e+01
7.470325547069161587e+01,7.388908299834346938e-01,1.289065156429561598e-01,1.277034877662869050e+01
7.480941082658397079e+01,7.397377539121290368e-01,1.214950780860810653e-01,1.384292301054821550e+01
7.480941082658397079e+01,7.397377539121290368e-01,1.214950780860810653e-01,1.384292301054821550e+01
7.480941082658397079e+01,7.397377539121290368e-01,1.214950780860810653e-01,1.384292301054821550e+01
7.480941082658397079e+01,7.397377539121290368e-01,1.214950780860810653e-01,1.384292301054821550e+01
7.480941082658397079e+01,7.397377539121290368e-01,1.214950780860810653e-01,1.384292301054821550e+01
7.467266536845048108e+01,7.397087784771482211e-01,1.183985999316744114e-01,1.340175043214173023e+01
7.489835700676275110e+01,7.406084240135676344e-01,1.272254639946815424e-01,1.293361521330568387e+01
7.489835700676275110e+01,7.406084240135676344e-01,1.272254639946815424e-01,1.293361521330568387e+01
7.489835700676275110e+01,7.406084240135676344e-01,1.272254639946815424e-01,1.293361521330568387e+01
7.473971654150334132e+01,7.396855798413920491e-01,1.201011550645635362e-01,1.388249082603735474e+01
7.470577646326566423e+01,7.395747278042398287e-01,1.191619887968207725e-01,1.388419883735506311e+01
7.470577646326566423e+01,7.395747278042398287e-01,1.191619887968207725e-01,1.388419883735506311e+01
7.470577646326566423e+01,7.395747278042398287e-01,1.191619887968207725e-01,1.388419883735506311e+01
7.470577646326566423e+01,7.395747278042398287e-01,1.191619887968207725e-01,1.388419883735506311e+01
7.470577646326566423e+01,7.395747278042398287e-01,1.191619887968207725e-01,1.388419883735506311e+01
7.470577646326566423e+01,7.395747278042398287e-01,1.191619887968207725e-01,1.388419883735506311e+01
7.496001703981922049e+01,7.303102927364111263e-01,1.552175856661635323e-01,1.513541109984007171e+01
7.497285508722416125e+01,7.303946678826589434e-01,1.557882868840211321e-01,1.510923369751650824e+01
7.497285508722416125e+01,7.303946678826589434e-01,1.557882868840211321e-01,1.510923369751650824e+01
7.497285508722416125e+01,7.303946678826589434e-01,1.557882868840211321e-01,1.510923369751650824e+01
7.497285508722416125e+01,7.303946678826589434e-01,1.557882868840211321e-01,1.510923369751650824e+01
7.497285508722416125e+01,7.303946678826589434e-01,1.557882868840211321e-01,1.510923369751650824e+01
7.488688643031444769e+01,7.299413614424732355e-01,1.542431372095141584e-01,1.498405744530196593e+01
7.485102429748229724e+01,7.305738053452752734e-01,1.622771227123982196e-01,1.347203756142621778e+01
7.481919417430617614e+01,7.305186977579481988e-01,1.619329020708049627e-01,1.334946934745437197e+01
7.471532546290644916e+01,7.300811967847898876e-01,1.552993641114324141e-01,1.368131969799705594e+01
7.471532546290644916e+01,7.300811967847898876e-01,1.552993641114324141e-01,1.368131969799705594e+01
7.471532546290644916e+01,7.300811967847898876e-01,1.552993641114324141e-01,1.368131969799705594e+01
7.471532546290644916e+01,7.300811967847898876e-01,1.552993641114324141e-01,1.368131969799705594e+01
7.471532546290644916e+01,7.300811967847898876e-01,1.552993641114324141e-01,1.368131969799705594e+01
7.471532546290644916e+01,7.300811967847898876e-01,1.552993641114324141e-01,1.368131969799705594e+01
7.471532546290644916e+01,7.300811967847898876e-01,1.552993641114324141e-01,1.368131969799705594e+01
7.471532546290644916e+01,7.300811967847898876e-01,1.552993641114324141e-01,1.368131969799705594e+01
7.461635410921338973e+01,7.299604178780377817e-01,1.521503556746297003e-01,1.356222070945663916e+01
7.461635410921338973e+01,7.299604178780377817e-01,1.521503556746297003e-01,1.356222070945663916e+01
7.463920213671116244e+01,7.310362481320655803e-01,1.439138898610137773e-01,1.467748649475034739e+01
7.463920213671116244e+01,7.310362481320655803e-01,1.439138898610137773e-01,1.467748649475034739e+01
7.463920213671116244e+01,7.310362481320655803e-01,1.439138898610137773e-01,1.467748649475034739e+01
7.463920213671116244e+01,7.310362481320655803e-01,1.439138898610137773e-01,1.467748649475034739e+01
7.462490596937213638e+01,7.314887105422349656e-01,1.376508911679638902e-01,1.526705857216765949e+01
7.462490596937213638e+01,7.314887105422349656e-01,1.376508911679638902e-01,1.526705857216765949e+01
7.462490596937213638e+01,7.314887105422349656e-01,1.376508911679638902e-01,1.526705857216765949e+01
7.462490596937213638e+01,7.314887105422349656e-01,1.376508911679638902e-01,1.526705857216765949e+01
7.462490596937213638e+01,7.314887105422349656e-01,1.376508911679638902e-01,1.526705857216765949e+01
7.462490596937213638e+01,7.314887105422349656e-01,1.376508911679638902e-01,1.526705857216765949e+01
7.462490596937213638e+01,7.314887105422349656e-01,1.376508911679638902e-01,1.526705857216765949e+01
7.462490596937213638e+01,7.314887105422349656e-01,1.376508911679638902e-01,1.526705857216765949e+01
7.461081991923886392e+01,7.336311201799429194e-01,1.404221915596217396e-01,1.379507741881087846e+01
7.463062859862893106e+01,7.337918276709191057e-01,1.323539251927134397e-01,1.393044233558813616e+01
7.453730343606845565e+01,7.340755491489374673e-01,1.286179337050231408e-01,1.386991728514668942e+01
7.453730343606845565e+01,7.340755491489374673e-01,1.286179337050231408e-01,1.386991728514668942e+01
7.453730343606845565e+01,7.340755491489374673e-01,1.286179337050231408e-01,1.386991728514668942e+01
7.453730343606845565e+01,7.340755491489374673e-01,1.286179337050231408e-01,1.386991728514668942e+01
7.453730343606845565e+01,7.340755491489374673e-01,1.286179337050231408e-01,1.386991728514668942e+01
7.453730343606845565e+01,7.340755491489374673e-01,1.286179337050231408e-01,1.386991728514668942e+01
7.453730343606845565e+01,7.340755491489374673e-01,1.286179337050231408e-01,1.386991728514668942e+01
7.451805707906018483e+01,7.344125432095769401e-01,1.310533936565327906e-01,1.335596044631336454e+01
7.451805707906018483e+01,7.344125432095769401e-01,1.310533936565327906e-01,1.335596044631336454e+01
7.451805707906018483e+01,7.344125432095769401e-01,1.310533936565327906e-01,1.335596044631336454e+01
7.451805707906018483e+01,7.344125432095769401e-01,1.310533936565327906e-01,1.335596044631336454e+01
7.451805707906018483e+01,7.344125432095769401e-01,1.310533936565327906e-01,1.335596044631336454e+01
7.431062212286089164e+01,7.351213593271140878e-01,1.208537597549378534e-01,1.342680786226818057e+01
7.431062212286089164e+01,7.351213593271140878e-01,1.208537597549378534e-01,1.342680786226818057e+01
7.431062212286089164e+01,7.351213593271140878e-01,1.208537597549378534e-01,1.342680786226818057e+01
7.431062212286089164e+01,7.351213593271140878e-01,1.208537597549378534e-01,1.342680786226818057e+01
7.431062212286089164e+01,7.351213593271140878e-01,1.208537597549378534e-01,1.342680786226818057e+01
7.431062212286089164e+01,7.351213593271140878e-01,1.208537597549378534e-01,1.342680786226818057e+01
7.429076935270474280e+01,7.350155300179522788e-01,1.142400925991074734e-01,1.432836889498310029e+01
7.427293116462682576e+01,7.357592948749275275e-01,1.122026774964659801e-01,1.411548577375375402e+01
7.427324136358028284e+01,7.357650226503721358e-01,1.119838259910259648e-01,1.411963886089744946e+01
7.427324136358028284e+01,7.357650226503721358e-01,1.119838259910259648e-01,1.411963886089744946e+01
7.427324136358028284e+01,7.357650226503721358e-01,1.119838259910259648e-01,1.411963886089744946e+01
7.429984362160855937e+01,7.355860680469830104e-01,1.153464661816790138e-01,1.395812285034476830e+01
7.429984362160855937e+01,7.355860680469830104e-01,1.153464661816790138e-01,1.395812285034476830e+01
7.429984362160855937e+01,7.355860680469830104e-01,1.153464661816790138e-01,1.395812285034476830e+01
7.429984362160855937e+01,7.355860680469830104e-01,1.153464661816790138e-01,1.395812285034476830e+01
7.429984362160855937e+01,7.355860680469830104e-01,1.153464661816790138e-01,1.395812285034476830e+01
7.429984362160855937e+01,7.355860680469830104e-01,1.153464661816790138e-01,1.395812285034476830e+01
7.429984362160855937e+01,7.355860680469830104e-01,1.153464661816790138e-01,1.395812285034476830e+01
7.429984362160855937e+01,7.355860680469830104e-01,1.153464661816790138e-01,1.395812285034476830e+01
7.429984362160855937e+01,7.355860680469830104e-01,1.153464661816790138e-01,1.395812285034476830e+01
7.429984362160855937e+01,7.355860680469830104e-01,1.153464661816790138e-01,1.395812285034476830e+01
7.429984362160855937e+01,7.355860680469830104e-01,1.153464661816790138e-01,1.395812285034476830e+01
7.429984362160855937e+01,7.355860680469830104e-01,1.153464661816790138e-01,1.395812285034476830e+01
7.429984362160855937e+01,7.355860680469830104e-01,1.153464661816790138e-01,1.395812285034476830e+01
7.427099520276830447e+01,7.352215868951903488e-01,1.125613190713396355e-01,1.443049583184217255e+01
7.412272261362096515e+01,7.333239816482381990e-01,1.120724012288167454e-01,1.453792467217916951e+01
7.412272261362096515e+01,7.333239816482381990e-01,1.120724012288167454e-01,1.453792467217916951e+01
7.412272261362096515e+01,7.333239816482381990e-01,1.120724012288167454e-01,1.453792467217916951e+01
7.412272261362096515e+01,7.333239816482381990e-01,1.120724012288167454e-01,1.453792467217916951e+01
7.411395667408483234e+01,7.327129109372888527e-01,1.142084660377028493e-01,1.435998308570620985e+01
7.411395667408483234e+01,7.327129109372888527e-01,1.142084660377028493e-01,1.435998308570620985e+01
7.411395667408483234e+01,7.327129109372888527e-01,1.142084660377028493e-01,1.435998308570620985e+01
7.411395667408483234e+01,7.327129109372888527e-01,1.142084660377028493e-01,1.435998308570620985e+01
7.411395667408483234e+01,7.327129109372888527e-01,1.142084660377028493e-01,1.435998308570620985e+01
7.411395667408483234e+01,7.327129109372888527e-01,1.142084660377028493e-01,1.435998308570620985e+01
7.411395667408483234e+01,7.327129109372888527e-01,1.142084660377028493e-01,1.435998308570620985e+01
7.411395667408483234e+01,7.327129109372888527e-01,1.142084660377028493e-01,1.435998308570620985e+01
7.411395667408483234e+01,7.327129109372888527e-01,1.142084660377028493e-01,1.435998308570620985e+01
7.411395667408483234e+01,7.327129109372888527e-01,1.142084660377028493e-01,1.435998308570620985e+01
7.411395667408483234e+01,7.327129109372888527e-01,1.142084660377028493e-01,1.435998308570620985e+01
7.411395667408483234e+01,7.327129109372888527e-01,1.142084660377028493e-01,1.435998308570620985e+01
7.410589910159575311e+01,7.341256091161425523e-01,1.073771254979249135e-01,1.516827953042339594e+01
7.410589910159575311e+01,7.341256091161425523e-01,1.073771254979249135e-01,1.516827953042339594e+01
7.428493420213088427e+01,7.352684928271376874e-01,1.104838543702179321e-01,1.525499774586195834e+01
7.427750653268508074e+01,7.352268012436120603e-01,1.106783430112048966e-01,1.519893349649326098e+01
7.427750653268508074e+01,7.352268012436120603e-01,1.106783430112048966e-01,1.519893349649326098e+01
7.427750653268508074e+01,7.352268012436120603e-01,1.106783430112048966e-01,1.519893349649326098e+01
7.427750653268508074e+01,7.352268012436120603e-01,1.106783430112048966e-01,1.519893349649326098e+01
7.420388638260574510e+01,7.363180672956757267e-01,1.080262889373052454e-01,1.394942635392492924e+01
7.420388638260574510e+01,7.363180672956757267e-01,1.080262889373052454e-01,1.394942635392492924e+01
7.423939426839220346e+01,7.362902647136400081e-01,1.127955039463105491e-01,1.354394116526967196e+01
7.423939426839220346e+01,7.362902647136400081e-01,1.127955039463105491e-01,1.354394116526967196e+01
7.423939426839220346e+01,7.362902647136400081e-01,1.127955039463105491e-01,1.354394116526967196e+01
7.412640027974403267e+01,7.351541384889689335e-01,1.107810313801154689e-01,1.384717308474862918e+01
7.412640027974403267e+01,7.351541384889689335e-01,1.107810313801154689e-01,1.384717308474862918e+01
7.412640027974403267e+01,7.351541384889689335e-01,1.107810313801154689e-01,1.384717308474862918e+01
7.412640027974403267e+01,7.351541384889689335e-01,1.107810313801154689e-01,1.384717308474862918e+01
7.412640027974403267e+01,7.351541384889689335e-01,1.107810313801154689e-01,1.384717308474862918e+01
7.412640027974403267e+01,7.351541384889689335e-01,1.107810313801154689e-01,1.384717308474862918e+01
7.412640027974403267e+01,7.351541384889689335e-01,1.107810313801154689e-01,1.384717308474862918e+01
7.407980938905636492e+01,7.347754645794278838e-01,1.110610580857950835e-01,1.347506494875510086e+01
7.407980938905636492e+01,7.347754645794278838e-01,1.110610580857950835e-01,1.347506494875510086e+01
7.407980938905636492e+01,7.347754645794278838e-01,1.110610580857950835e-01,1.347506494875510086e+01
7.407980938905636492e+01,7.347754645794278838e-01,1.110610580857950835e-01,1.347506494875510086e+01
7.407980938905636492e+01,7.347754645794278838e-01,1.110610580857950835e-01,1.347506494875510086e+01
7.407980938905636492e+01,7.347754645794278838e-01,1.110610580857950835e-01,1.347506494875510086e+01
7.407980938905636492e+01,7.347754645794278838e-01,1.110610580857950835e-01,1.347506494875510086e+01
7.402769933396648128e+01,7.343147237535724292e-01,1.109339421236651135e-01,1.338393297635365009e+01
7.402769933396648128e+01,7.343147237535724292e-01,1.109339421236651135e-01,1.338393297635365009e+01
7.416842782832992498e+01,7.355590011315671362e-01,1.112772316851375065e-01,1.363004412020687006e+01
7.424521581902449441e+01,7.362379365536727560e-01,1.114645463847732942e-01,1.376433377000035563e+01
7.413566614370326135e+01,7.352380024062985520e-01,1.125314172624152509e-01,1.290307795369258059e+01
7.397425867758774132e+01,7.336027876366076894e-01,1.138572370371120496e-01,1.241609814231091669e+01
7.397425867758774132e+01,7.336027876366076894e-01,1.138572370371120496e-01,1.241609814231091669e+01
7.397425867758774132e+01,7.336027876366076894e-01,1.138572370371120496e-01,1.241609814231091669e+01
7.397425867758774132e+01,7.336027876366076894e-01,1.138572370371120496e-01,1.241609814231091669e+01
7.397425867758774132e+01,7.336027876366076894e-01,1.138572370371120496e-01,1.241609814231091669e+01
7.396477722969807189e+01,7.335116830408049404e-01,1.139067451762586780e-01,1.237801377179200379e+01
7.392618972838508284e+01,7.331409064725985525e-01,1.141082329032972881e-01,1.222301838348172076e+01
7.392618972838508284e+01,7.331409064725985525e-01,1.141082329032972881e-01,1.222301838348172076e+01
7.395211970646816724e+01,7.333308477741251608e-01,1.169209302725810473e-01,1.200123522035041113e+01
7.387703056364382803e+01,7.326669901419301523e-01,1.174594957323345373e-01,1.177534108464614171e+01
7.387703056364382803e+01,7.326669901419301523e-01,1.174594957323345373e-01,1.177534108464614171e+01
7.387703056364382803e+01,7.326669901419301523e-01,1.174594957323345373e-01,1.177534108464614171e+01
7.387703056364382803e+01,7.326669901419301523e-01,1.174594957323345373e-01,1.177534108464614171e+01
7.387703056364382803e+01,7.326669901419301523e-01,1.174594957323345373e-01,1.177534108464614171e+01
7.394217475475326751e+01,7.335201735335307172e-01,1.153598156936993940e-01,1.220666831331809021e+01
7.394217475475326751e+01,7.335201735335307172e-01,1.153598156936993940e-01,1.220666831331809021e+01
7.387746406572622959e+01,7.330135439172597023e-01,1.139014062510274733e-01,1.227245041944682846e+01
7.387746406572622959e+01,7.330135439172597023e-01,1.139014062510274733e-01,1.227245041944682846e+01
7.414130139407389208e+01,7.348640939715362919e-01,1.168728302776126521e-01,1.260150188189708231e+01
7.414130139407389208e+01,7.348640939715362919e-01,1.168728302776126521e-01,1.260150188189708231e+01
7.414130139407389208e+01,7.348640939715362919e-01,1.168728302776126521e-01,1.260150188189708231e+01
7.414130139407389208e+01,7.348640939715362919e-01,1.168728302776126521e-01,1.260150188189708231e+01
7.414130139407389208e+01,7.348640939715362919e-01,1.168728302776126521e-01,1.260150188189708231e+01
7.414130139407389208e+01,7.348640939715362919e-01,1.168728302776126521e-01,1.260150188189708231e+01
7.414130139407389208e+01,7.348640939715362919e-01,1.168728302776126521e-01,1.260150188189708231e+01
7.414130139407389208e+01,7.348640939715362919e-01,1.168728302776126521e-01,1.260150188189708231e+01
7.414130139407389208e+01,7.348640939715362919e-01,1.168728302776126521e-01,1.260150188189708231e+01
7.415944544017801832e+01,7.344817996788639558e-01,1.179961068335132063e-01,1.270047562147384568e+01
7.415944544017801832e+01,7.344817996788639558e-01,1.179961068335132063e-01,1.270047562147384568e+01
7.427373910304406479e+01,7.351374263372912887e-01,1.188242460755307012e-01,1.313176577083498486e+01
7.427373910304406479e+01,7.351374263372912887e-01,1.188242460755307012e-01,1.313176577083498486e+01
7.421727541927856464e+01,7.342686858821270146e-01,1.182104757949090784e-01,1.335226427424534990e+01
7.421727541927856464e+01,7.342686858821270146e-01,1.182104757949090784e-01,1.335226427424534990e+01
7.421727541927856464e+01,7.342686858821270146e-01,1.182104757949090784e-01,1.335226427424534990e+01
7.421727541927856464e+01,7.342686858821270146e-01,1.182104757949090784e-01,1.335226427424534990e+01
7.421727541927856464e+01,7.342686858821270146e-01,1.182104757949090784e-01,1.335226427424534990e+01
7.431348553097379295e+01,7.364721805352408834e-01,1.144711162264500648e-01,1.342936660784913272e+01
7.431348553097379295e+01,7.364721805352408834e-01,1.144711162264500648e-01,1.342936660784913272e+01
7.431348553097379295e+01,7.364721805352408834e-01,1.144711162264500648e-01,1.342936660784913272e+01
7.431348553097379295e+01,7.364721805352408834e-01,1.144711162264500648e-01,1.342936660784913272e+01
7.431348553097379295e+01,7.364721805352408834e-01,1.144711162264500648e-01,1.342936660784913272e+01
7.428135099159646870e+01,7.360980077678892508e-01,1.121964935989109291e-01,1.378580300914056878e+01
7.429349987666451227e+01,7.361007459155530785e-01,1.165809882273931147e-01,1.354020706489334458e+01
7.429349987666451227e+01,7.361007459155530785e-01,1.165809882273931147e-01,1.354020706489334458e+01
7.429349987666451227e+01,7.361007459155530785e-01,1.165809882273931147e-01,1.354020706489334458e+01
7.428023061300665120e+01,7.344627539708176167e-01,1.194177859199964525e-01,1.412859739981890073e+01
7.427865576137146775e+01,7.344140031449660766e-01,1.182749910608034416e-01,1.429486797843983403e+01
7.425647305184129721e+01,7.344990298220150926e-01,1.172042140006614996e-01,1.428335001552719774e+01
7.425647305184129721e+01,7.344990298220150926e-01,1.172042140006614996e-01,1.428335001552719774e+01
7.425647305184129721e+01,7.344990298220150926e-01,1.172042140006614996e-01,1.428335001552719774e+01
7.425647305184129721e+01,7.344990298220150926e-01,1.172042140006614996e-01,1.428335001552719774e+01
7.425647305184129721e+01,7.344990298220150926e-01,1.172042140006614996e-01,1.428335001552719774e+01
7.425647305184129721e+01,7.344990298220150926e-01,1.172042140006614996e-01,1.428335001552719774e+01
7.425647305184129721e+01,7.344990298220150926e-01,1.172042140006614996e-01,1.428335001552719774e+01
7.425647305184129721e+01,7.344990298220150926e-01,1.172042140006614996e-01,1.428335001552719774e+01
7.425647305184129721e+01,7.344990298220150926e-01,1.172042140006614996e-01,1.428335001552719774e+01
7.424420820138234944e+01,7.343299243538964349e-01,1.145569765283158820e-01,1.465581185801382524e+01
7.424420820138234944e+01,7.343299243538964349e-01,1.145569765283158820e-01,1.465581185801382524e+01
7.429914854755396902e+01,7.364652736528209953e-01,1.606868677215995134e-01,8.079124270784710404e+00
7.429914854755396902e+01,7.364652736528209953e-01,1.606868677215995134e-01,8.079124270784710404e+00
7.429914854755396902e+01,7.364652736528209953e-01,1.606868677215995134e-01,8.079124270784710404e+00
7.423864034646331334e+01,7.357816348608221535e-01,1.613968868816222368e-01,7.998967018877142010e+00
7.423864034646331334e+01,7.357816348608221535e-01,1.613968868816222368e-01,7.998967018877142010e+00
7.423864034646331334e+01,7.357816348608221535e-01,1.613968868816222368e-01,7.998967018877142010e+00
7.427809745889314286e+01,7.350675339677641418e-01,1.662883706128979178e-01,8.256048736013742229e+00
7.427809745889314286e+01,7.350675339677641418e-01,1.662883706128979178e-01,8.256048736013742229e+00
7.427809745889314286e+01,7.350675339677641418e-01,1.662883706128979178e-01,8.256048736013742229e+00
7.427809745889314286e+01,7.350675339677641418e-01,1.662883706128979178e-01,8.256048736013742229e+00
7.427809745889314286e+01,7.350675339677641418e-01,1.662883706128979178e-01,8.256048736013742229e+00
7.427809745889314286e+01,7.350675339677641418e-01,1.662883706128979178e-01,8.256048736013742229e+00
7.427320432357994662e+01,7.351312467593354993e-01,1.657585324318090192e-01,8.256298605724332162e+00
7.427320432357994662e+01,7.351312467593354993e-01,1.657585324318090192e-01,8.256298605724332162e+00
7.423834200416936824e+01,7.336836892469791316e-01,1.973102304854217337e-01,8.047187829862579633e+00
7.423834200416936824e+01,7.336836892469791316e-01,1.973102304854217337e-01,8.047187829862579633e+00
7.423834200416936824e+01,7.336836892469791316e-01,1.973102304854217337e-01,8.047187829862579633e+00
7.423834200416936824e+01,7.336836892469791316e-01,1.973102304854217337e-01,8.047187829862579633e+00
7.423834200416936824e+01,7.336836892469791316e-01,1.973102304854217337e-01,8.047187829862579633e+00
7.425348722367279208e+01,7.339900888373072085e-01,1.874337075775510120e-01,8.093640886195965223e+00
7.425348722367279208e+01,7.339900888373072085e-01,1.874337075775510120e-01,8.093640886195965223e+00
7.425348722367279208e+01,7.339900888373072085e-01,1.874337075775510120e-01,8.093640886195965223e+00
7.425348722367279208e+01,7.339900888373072085e-01,1.874337075775510120e-01,8.093640886195965223e+00
7.425348722367279208e+01,7.339900888373072085e-01,1.874337075775510120e-01,8.093640886195965223e+00
7.425348722367279208e+01,7.339900888373072085e-01,1.874337075775510120e-01,8.093640886195965223e+00
7.425348722367279208e+01,7.339900888373072085e-01,1.874337075775510120e-01,8.093640886195965223e+00
7.425348722367279208e+01,7.339900888373072085e-01,1.874337075775510120e-01,8.093640886195965223e+00
7.425348722367279208e+01,7.339900888373072085e-01,1.874337075775510120e-01,8.093640886195965223e+00
7.425348722367279208e+01,7.339900888373072085e-01,1.874337075775510120e-01,8.093640886195965223e+00
7.425628321235976159e+01,7.340415532877706539e-01,1.863804451886660329e-01,8.098163465504146785e+00
7.425628321235976159e+01,7.340415532877706539e-01,1.863804451886660329e-01,8.098163465504146785e+00
7.425628321235976159e+01,7.340415532877706539e-01,1.863804451886660329e-01,8.098163465504146785e+00
7.425628321235976159e+01,7.340415532877706539e-01,1.863804451886660329e-01,8.098163465504146785e+00
7.425628321235976159e+01,7.340415532877706539e-01,1.863804451886660329e-01,8.098163465504146785e+00
7.425628321235976159e+01,7.340415532877706539e-01,1.863804451886660329e-01,8.098163465504146785e+00
7.425628321235976159e+01,7.340415532877706539e-01,1.863804451886660329e-01,8.098163465504146785e+00
7.424420971534030400e+01,7.339811522738989291e-01,1.873095446289086974e-01,8.068522080379883832e+00
7.424420971534030400e+01,7.339811522738989291e-01,1.873095446289086974e-01,8.068522080379883832e+00
7.424420971534030400e+01,7.339811522738989291e-01,1.873095446289086974e-01,8.068522080379883832e+00
7.414334229024484557e+01,7.344164561455094331e-01,1.911084164495892856e-01,7.317393105724595337e+00
7.414334229024484557e+01,7.344164561455094331e-01,1.911084164495892856e-01,7.317393105724595337e+00
7.414334229024484557e+01,7.344164561455094331e-01,1.911084164495892856e-01,7.317393105724595337e+00
7.414334229024484557e+01,7.344164561455094331e-01,1.911084164495892856e-01,7.317393105724595337e+00
7.414334229024484557e+01,7.344164561455094331e-01,1.911084164495892856e-01,7.317393105724595337e+00
7.414334229024484557e+01,7.344164561455094331e-01,1.911084164495892856e-01,7.317393105724595337e+00
7.414334229024484557e+01,7.344164561455094331e-01,1.911084164495892856e-01,7.317393105724595337e+00
7.414334229024484557e+01,7.344164561455094331e-01,1.911084164495892856e-01,7.317393105724595337e+00
7.414334229024484557e+01,7.344164561455094331e-01,1.911084164495892856e-01,7.317393105724595337e+00
7.439911919663595086e+01,7.374012072264893858e-01,1.930411841919563165e-01,7.158913161963780247e+00
7.439911919663595086e+01,7.374012072264893858e-01,1.930411841919563165e-01,7.158913161963780247e+00
7.439911919663595086e+01,7.374012072264893858e-01,1.930411841919563165e-01,7.158913161963780247e+00
7.439911919663595086e+01,7.374012072264893858e-01,1.930411841919563165e-01,7.158913161963780247e+00
7.439911919663595086e+01,7.374012072264893858e-01,1.930411841919563165e-01,7.158913161963780247e+00
7.439911919663595086e+01,7.374012072264893858e-01,1.930411841919563165e-01,7.158913161963780247e+00
7.439234379730993396e+01,7.373597609063976543e-01,1.936271136075666810e-01,7.108770379882454193e+00
7.439234379730993396e+01,7.373597609063976543e-01,1.936271136075666810e-01,7.108770379882454193e+00
7.439234379730993396e+01,7.373597609063976543e-01,1.936271136075666810e-01,7.108770379882454193e+00
7.439234379730993396e+01,7.373597609063976543e-01,1.936271136075666810e-01,7.108770379882454193e+00
7.439234379730993396e+01,7.373597609063976543e-01,1.936271136075666810e-01,7.108770379882454193e+00
7.439234379730993396e+01,7.373597609063976543e-01,1.936271136075666810e-01,7.108770379882454193e+00
7.439234379730993396e+01,7.373597609063976543e-01,1.936271136075666810e-01,7.108770379882454193e+00
7.439234379730993396e+01,7.373597609063976543e-01,1.936271136075666810e-01,7.108770379882454193e+00
7.439234379730993396e+01,7.373597609063976543e-01,1.936271136075666810e-01,7.108770379882454193e+00
7.439234379730993396e+01,7.373597609063976543e-01,1.936271136075666810e-01,7.108770379882454193e+00
7.439234379730993396e+01,7.373597609063976543e-01,1.936271136075666810e-01,7.108770379882454193e+00
7.439524744386186228e+01,7.374360025354016468e-01,1.910291118741742344e-01,7.306553482305839786e+00
7.439848658235298728e+01,7.372124906993414717e-01,1.903431087837109681e-01,7.412036329377111876e+00
7.439848658235298728e+01,7.372124906993414717e-01,1.903431087837109681e-01,7.412036329377111876e+00
7.439848658235298728e+01,7.372124906993414717e-01,1.903431087837109681e-01,7.412036329377111876e+00
7.439848658235298728e+01,7.372124906993414717e-01,1.903431087837109681e-01,7.412036329377111876e+00
7.438011678006711236e+01,7.379149222812465547e-01,1.921276029672737418e-01,7.072579214095664035e+00
7.438011678006711236e+01,7.379149222812465547e-01,1.921276029672737418e-01,7.072579214095664035e+00
7.438011678006711236e+01,7.379149222812465547e-01,1.921276029672737418e-01,7.072579214095664035e+00
7.438011678006711236e+01,7.379149222812465547e-01,1.921276029672737418e-01,7.072579214095664035e+00
7.438011678006711236e+01,7.379149222812465547e-01,1.921276029672737418e-01,7.072579214095664035e+00
7.438209137246610680e+01,7.379118657510536083e-01,1.921239042210814152e-01,7.079066909454425627e+00
7.438209137246610680e+01,7.379118657510536083e-01,1.921239042210814152e-01,7.079066909454425627e+00
7.438209137246610680e+01,7.379118657510536083e-01,1.921239042210814152e-01,7.079066909454425627e+00
7.438209137246610680e+01,7.379118657510536083e-01,1.921239042210814152e-01,7.079066909454425627e+00
7.438209137246610680e+01,7.379118657510536083e-01,1.921239042210814152e-01,7.079066909454425627e+00
7.438209137246610680e+01,7.379118657510536083e-01,1.921239042210814152e-01,7.079066909454425627e+00
7.431686019629995599e+01,7.366746700811850346e-01,2.206040043255099170e-01,7.045749195555579547e+00
7.431686019629995599e+01,7.366746700811850346e-01,2.206040043255099170e-01,7.045749195555579547e+00
7.431686019629995599e+01,7.366746700811850346e-01,2.206040043255099170e-01,7.045749195555579547e+00
7.431686019629995599e+01,7.366746700811850346e-01,2.206040043255099170e-01,7.045749195555579547e+00
7.444579651583035229e+01,7.371112163652013827e-01,2.504331210627261939e-01,6.935106287256593838e+00
7.444579651583035229e+01,7.371112163652013827e-01,2.504331210627261939e-01,6.935106287256593838e+00
7.434900820179714742e+01,7.355185858657358189e-01,2.912794515428224207e-01,6.898474889565262558e+00
7.434900820179714742e+01,7.355185858657358189e-01,2.912794515428224207e-01,6.898474889565262558e+00
7.434900820179714742e+01,7.355185858657358189e-01,2.912794515428224207e-01,6.898474889565262558e+00
7.434900820179714742e+01,7.355185858657358189e-01,2.912794515428224207e-01,6.898474889565262558e+00
7.434900820179714742e+01,7.355185858657358189e-01,2.912794515428224207e-01,6.898474889565262558e+00
7.434900820179714742e+01,7.355185858657358189e-01,2.912794515428224207e-01,6.898474889565262558e+00
7.434900820179714742e+01,7.355185858657358189e-01,2.912794515428224207e-01,6.898474889565262558e+00
7.434900820179714742e+01,7.355185858657358189e-01,2.912794515428224207e-01,6.898474889565262558e+00
7.434900820179714742e+01,7.355185858657358189e-01,2.912794515428224207e-01,6.898474889565262558e+00
7.434900820179714742e+01,7.355185858657358189e-01,2.912794515428224207e-01,6.898474889565262558e+00
7.399862943608205512e+01,7.313824416283647434e-01,4.083254538169536207e-01,6.782990663809313148e+00
7.399862943608205512e+01,7.313824416283647434e-01,4.083254538169536207e-01,6.782990663809313148e+00
7.399862943608205512e+01,7.313824416283647434e-01,4.083254538169536207e-01,6.782990663809313148e+00
7.384267610120062386e+01,7.290280974166305494e-01,4.382549625609448163e-01,6.759762314571465147e+00
7.384267610120062386e+01,7.290280974166305494e-01,4.382549625609448163e-01,6.759762314571465147e+00
7.370063390370881962e+01,7.266594378589189551e-01,4.795295459770303470e-01,6.755810441027128910e+00
7.370063390370881962e+01,7.266594378589189551e-01,4.795295459770303470e-01,6.755810441027128910e+00
7.371353900786111524e+01,7.272313990648004989e-01,4.563456111438225493e-01,6.733111692466844822e+00
7.371353900786111524e+01,7.272313990648004989e-01,4.563456111438225493e-01,6.733111692466844822e+00
7.371353900786111524e+01,7.272313990648004989e-01,4.563456111438225493e-01,6.733111692466844822e+00
7.371353900786111524e+01,7.272313990648004989e-01,4.563456111438225493e-01,6.733111692466844822e+00
7.371353900786111524e+01,7.272313990648004989e-01,4.563456111438225493e-01,6.733111692466844822e+00
7.374492294402828918e+01,7.276325277758024512e-01,4.873177127279967880e-01,6.606073251643088007e+00
7.374492294402828918e+01,7.276325277758024512e-01,4.873177127279967880e-01,6.606073251643088007e+00
7.373126895506636913e+01,7.275374357553092697e-01,4.853446106359731171e-01,6.605505770588392167e+00
7.373126895506636913e+01,7.275374357553092697e-01,4.853446106359731171e-01,6.605505770588392167e+00
7.373126895506636913e+01,7.275374357553092697e-01,4.853446106359731171e-01,6.605505770588392167e+00
7.371986560531797750e+01,7.273143406200203165e-01,4.968870917596967529e-01,6.491325103752584980e+00
7.375970112540369428e+01,7.272989107058549507e-01,4.957218667006860757e-01,6.532381689770750732e+00
7.375970112540369428e+01,7.272989107058549507e-01,4.957218667006860757e-01,6.532381689770750732e+00
7.375970112540369428e+01,7.272989107058549507e-01,4.957218667006860757e-01,6.532381689770750732e+00
7.375970112540369428e+01,7.272989107058549507e-01,4.957218667006860757e-01,6.532381689770750732e+00
7.375520025764861032e+01,7.271854020513202066e-01,4.963170078824660769e-01,6.542898174685060297e+00
7.375520025764861032e+01,7.271854020513202066e-01,4.963170078824660769e-01,6.542898174685060297e+00
7.375520025764861032e+01,7.271854020513202066e-01,4.963170078824660769e-01,6.542898174685060297e+00
7.370870251820976193e+01,7.272389432293908662e-01,4.998796862011771758e-01,6.496636142103652922e+00
7.370056888265358452e+01,7.275984860467794579e-01,5.040835399998763178e-01,6.485352861500852661e+00
7.370056888265358452e+01,7.275984860467794579e-01,5.040835399998763178e-01,6.485352861500852661e+00
7.374679144665300612e+01,7.296829592318710977e-01,4.648379146326796496e-01,6.312491756515615116e+00
7.374679144665300612e+01,7.296829592318710977e-01,4.648379146326796496e-01,6.312491756515615116e+00
7.374679144665300612e+01,7.296829592318710977e-01,4.648379146326796496e-01,6.312491756515615116e+00
7.371571041521734458e+01,7.282793171095177653e-01,5.124007840024684679e-01,6.409826214979786663e+00
7.371571041521734458e+01,7.282793171095177653e-01,5.124007840024684679e-01,6.409826214979786663e+00
7.371571041521734458e+01,7.282793171095177653e-01,5.124007840024684679e-01,6.409826214979786663e+00
7.371571041521734458e+01,7.282793171095177653e-01,5.124007840024684679e-01,6.409826214979786663e+00
7.371571041521734458e+01,7.282793171095177653e-01,5.124007840024684679e-01,6.409826214979786663e+00
7.383525675378274400e+01,7.297014739789066118e-01,4.530828284830812347e-01,6.416517215719417244e+00
7.382723589371606465e+01,7.296035252742586463e-01,4.563587053013201111e-01,6.341018099693762622e+00
7.382723589371606465e+01,7.296035252742586463e-01,4.563587053013201111e-01,6.341018099693762622e+00
7.382723589371606465e+01,7.296035252742586463e-01,4.563587053013201111e-01,6.341018099693762622e+00
7.382723589371606465e+01,7.296035252742586463e-01,4.563587053013201111e-01,6.341018099693762622e+00
7.382849362504643409e+01,7.296310808414493421e-01,4.553118568565856505e-01,6.339883071000928183e+00
7.382941001426365801e+01,7.299065896208247750e-01,4.525645318246470095e-01,6.320334558122601365e+00
7.382941001426365801e+01,7.299065896208247750e-01,4.525645318246470095e-01,6.320334558122601365e+00
7.382941001426365801e+01,7.299065896208247750e-01,4.525645318246470095e-01,6.320334558122601365e+00
7.382941001426365801e+01,7.299065896208247750e-01,4.525645318246470095e-01,6.320334558122601365e+00
7.370855828979053115e+01,7.269774432017277466e-01,5.174887726167685109e-01,6.521757621525170912e+00
7.370855828979053115e+01,7.269774432017277466e-01,5.174887726167685109e-01,6.521757621525170912e+00
7.377494527495062471e+01,7.286712852628711712e-01,4.928538377988722630e-01,6.363499731747018551e+00
7.353241739237384422e+01,7.280564352919427495e-01,4.860268679075997467e-01,6.007027611719823135e+00
7.353241739237384422e+01,7.280564352919427495e-01,4.860268679075997467e-01,6.007027611719823135e+00
7.356905664319739913e+01,7.283722633457752060e-01,4.761481628829368207e-01,6.115688308626581637e+00
7.356905664319739913e+01,7.283722633457752060e-01,4.761481628829368207e-01,6.115688308626581637e+00
7.356905664319739913e+01,7.283722633457752060e-01,4.761481628829368207e-01,6.115688308626581637e+00
7.356905664319739913e+01,7.283722633457752060e-01,4.761481628829368207e-01,6.115688308626581637e+00
7.356905664319739913e+01,7.283722633457752060e-01,4.761481628829368207e-01,6.115688308626581637e+00
7.357261578507399236e+01,7.284043548416294644e-01,4.748536848466120563e-01,6.128338898103994126e+00
7.346236068821723109e+01,7.286206185437654748e-01,4.789233495346873482e-01,5.913395623673661561e+00
7.346236068821723109e+01,7.286206185437654748e-01,4.789233495346873482e-01,5.913395623673661561e+00
7.346236068821723109e+01,7.286206185437654748e-01,4.789233495346873482e-01,5.913395623673661561e+00
7.346236068821723109e+01,7.286206185437654748e-01,4.789233495346873482e-01,5.913395623673661561e+00
7.346236068821723109e+01,7.286206185437654748e-01,4.789233495346873482e-01,5.913395623673661561e+00
7.346236068821723109e+01,7.286206185437654748e-01,4.789233495346873482e-01,5.913395623673661561e+00
7.346236068821723109e+01,7.286206185437654748e-01,4.789233495346873482e-01,5.913395623673661561e+00
7.346236068821723109e+01,7.286206185437654748e-01,4.789233495346873482e-01,5.913395623673661561e+00
7.346236068821723109e+01,7.286206185437654748e-01,4.789233495346873482e-01,5.913395623673661561e+00
7.347830688328235738e+01,7.281687652557220503e-01,4.892492824186895350e-01,5.995507595926769184e+00
7.347830688328235738e+01,7.281687652557220503e-01,4.892492824186895350e-01,5.995507595926769184e+00
7.347830688328235738e+01,7.281687652557220503e-01,4.892492824186895350e-01,5.995507595926769184e+00
7.347830688328235738e+01,7.281687652557220503e-01,4.892492824186895350e-01,5.995507595926769184e+00
7.353029742111557709e+01,7.266955551657199308e-01,5.229156713018343616e-01,6.263223222290948300e+00
7.353029742111557709e+01,7.266955551657199308e-01,5.229156713018343616e-01,6.263223222290948300e+00
7.353029742111557709e+01,7.266955551657199308e-01,5.229156713018343616e-01,6.263223222290948300e+00
7.327665681374386963e+01,7.240877789333557413e-01,5.942627981677729432e-01,6.249762496703442416e+00
7.327665681374386963e+01,7.240877789333557413e-01,5.942627981677729432e-01,6.249762496703442416e+00
7.327665681374386963e+01,7.240877789333557413e-01,5.942627981677729432e-01,6.249762496703442416e+00
7.327665681374386963e+01,7.240877789333557413e-01,5.942627981677729432e-01,6.249762496703442416e+00
7.327665681374386963e+01,7.240877789333557413e-01,5.942627981677729432e-01,6.249762496703442416e+00
7.493539559925602589e+01,7.316544931249167050e-01,1.589422182234133674e-01,1.371139009221092664e+01
7.493539559925602589e+01,7.316544931249167050e-01,1.589422182234133674e-01,1.371139009221092664e+01
7.493539559925602589e+01,7.316544931249167050e-01,1.589422182234133674e-01,1.371139009221092664e+01
7.493539559925602589e+01,7.316544931249167050e-01,1.589422182234133674e-01,1.371139009221092664e+01
7.496885081640138537e+01,7.342188311644257670e-01,1.540593004374010144e-01,1.331361430458850492e+01
7.496885081640138537e+01,7.342188311644257670e-01,1.540593004374010144e-01,1.331361430458850492e+01
7.496885081640138537e+01,7.342188311644257670e-01,1.540593004374010144e-01,1.331361430458850492e+01
7.497788555007616651e+01,7.343285034994391225e-01,1.509731682210028736e-01,1.343880177720812519e+01
7.497788555007616651e+01,7.343285034994391225e-01,1.509731682210028736e-01,1.343880177720812519e+01
7.497788555007616651e+01,7.343285034994391225e-01,1.509731682210028736e-01,1.343880177720812519e+01
7.481652318232231380e+01,7.335480080710584661e-01,1.474101503924321599e-01,1.328800989150434475e+01
7.468600815539485893e+01,7.339163429308093178e-01,1.519862531178449994e-01,1.206825660497106512e+01
7.468600815539485893e+01,7.339163429308093178e-01,1.519862531178449994e-01,1.206825660497106512e+01
7.470871520772033136e+01,7.344852619713663211e-01,1.453770096148033764e-01,1.249689112180528383e+01
7.470871520772033136e+01,7.344852619713663211e-01,1.453770096148033764e-01,1.249689112180528383e+01
7.470871520772033136e+01,7.344852619713663211e-01,1.453770096148033764e-01,1.249689112180528383e+01
7.470871520772033136e+01,7.344852619713663211e-01,1.453770096148033764e-01,1.249689112180528383e+01
7.470871520772033136e+01,7.344852619713663211e-01,1.453770096148033764e-01,1.249689112180528383e+01
7.470871520772033136e+01,7.344852619713663211e-01,1.453770096148033764e-01,1.249689112180528383e+01
7.470871520772033136e+01,7.344852619713663211e-01,1.453770096148033764e-01,1.249689112180528383e+01
7.451794134577231432e+01,7.341162106102344653e-01,1.422726031947709191e-01,1.178927324102607166e+01
7.464149682792231033e+01,7.362973448260101694e-01,1.373599080445474518e-01,1.207362768394396113e+01
7.466835294238730114e+01,7.369705846275237393e-01,1.370478827007936551e-01,1.194435807580560649e+01
7.466835294238730114e+01,7.369705846275237393e-01,1.370478827007936551e-01,1.194435807580560649e+01
7.462133266625914985e+01,7.370255155518821155e-01,1.334491646817790866e-01,1.226062020155950805e+01
7.462133266625914985e+01,7.370255155518821155e-01,1.334491646817790866e-01,1.226062020155950805e+01
7.462133266625914985e+01,7.370255155518821155e-01,1.334491646817790866e-01,1.226062020155950805e+01
7.462133266625914985e+01,7.370255155518821155e-01,1.334491646817790866e-01,1.226062020155950805e+01
7.462133266625914985e+01,7.370255155518821155e-01,1.334491646817790866e-01,1.226062020155950805e+01
7.462133266625914985e+01,7.370255155518821155e-01,1.334491646817790866e-01,1.226062020155950805e+01
7.462133266625914985e+01,7.370255155518821155e-01,1.334491646817790866e-01,1.226062020155950805e+01
7.462133266625914985e+01,7.370255155518821155e-01,1.334491646817790866e-01,1.226062020155950805e+01
7.462752982751716502e+01,7.370206369379689315e-01,1.344848663030350777e-01,1.213244383793658088e+01
7.462752982751716502e+01,7.370206369379689315e-01,1.344848663030350777e-01,1.213244383793658088e+01
7.458582158407884322e+01,7.374144475110466779e-01,1.390989508298757504e-01,1.104163102752578851e+01
7.458582158407884322e+01,7.374144475110466779e-01,1.390989508298757504e-01,1.104163102752578851e+01
7.471537016459285496e+01,7.384060489738439870e-01,1.415615215812487671e-01,1.087264612593612512e+01
7.471537016459285496e+01,7.384060489738439870e-01,1.415615215812487671e-01,1.087264612593612512e+01
7.471537016459285496e+01,7.384060489738439870e-01,1.415615215812487671e-01,1.087264612593612512e+01
7.471537016459285496e+01,7.384060489738439870e-01,1.415615215812487671e-01,1.087264612593612512e+01
7.471537016459285496e+01,7.384060489738439870e-01,1.415615215812487671e-01,1.087264612593612512e+01
7.471537016459285496e+01,7.384060489738439870e-01,1.415615215812487671e-01,1.087264612593612512e+01
7.471537016459285496e+01,7.384060489738439870e-01,1.415615215812487671e-01,1.087264612593612512e+01
7.471537016459285496e+01,7.384060489738439870e-01,1.415615215812487671e-01,1.087264612593612512e+01
7.471537016459285496e+01,7.384060489738439870e-01,1.415615215812487671e-01,1.087264612593612512e+01
7.471537016459285496e+01,7.384060489738439870e-01,1.415615215812487671e-01,1.087264612593612512e+01
7.471537016459285496e+01,7.384060489738439870e-01,1.415615215812487671e-01,1.087264612593612512e+01
7.471537016459285496e+01,7.384060489738439870e-01,1.415615215812487671e-01,1.087264612593612512e+01
7.471523057245134680e+01,7.384049120683088274e-01,1.415852125154343222e-01,1.087212289906043239e+01
7.505940476892982360e+01,7.414402912515699606e-01,1.359403815832860574e-01,1.204549681110986192e+01
7.505940476892982360e+01,7.414402912515699606e-01,1.359403815832860574e-01,1.204549681110986192e+01
7.505940476892982360e+01,7.414402912515699606e-01,1.359403815832860574e-01,1.204549681110986192e+01
7.505940476892982360e+01,7.414402912515699606e-01,1.359403815832860574e-01,1.204549681110986192e+01
7.505940476892982360e+01,7.414402912515699606e-01,1.359403815832860574e-01,1.204549681110986192e+01
7.505940476892982360e+01,7.414402912515699606e-01,1.359403815832860574e-01,1.204549681110986192e+01
7.505940476892982360e+01,7.414402912515699606e-01,1.359403815832860574e-01,1.204549681110986192e+01
7.505940476892982360e+01,7.414402912515699606e-01,1.359403815832860574e-01,1.204549681110986192e+01
7.505940476892982360e+01,7.414402912515699606e-01,1.359403815832860574e-01,1.204549681110986192e+01
7.505940476892982360e+01,7.414402912515699606e-01,1.359403815832860574e-01,1.204549681110986192e+01
7.505940476892982360e+01,7.414402912515699606e-01,1.359403815832860574e-01,1.204549681110986192e+01
7.464604199248644534e+01,7.395474940021132815e-01,1.234886458298980749e-01,1.265498268371244173e+01
7.464604199248644534e+01,7.395474940021132815e-01,1.234886458298980749e-01,1.265498268371244173e+01
7.464604199248644534e+01,7.395474940021132815e-01,1.234886458298980749e-01,1.265498268371244173e+01
7.464604199248644534e+01,7.395474940021132815e-01,1.234886458298980749e-01,1.265498268371244173e+01
7.464604199248644534e+01,7.395474940021132815e-01,1.234886458298980749e-01,1.265498268371244173e+01
7.464604199248644534e+01,7.395474940021132815e-01,1.234886458298980749e-01,1.265498268371244173e+01
7.464604199248644534e+01,7.395474940021132815e-01,1.234886458298980749e-01,1.265498268371244173e+01
7.464604199248644534e+01,7.395474940021132815e-01,1.234886458298980749e-01,1.265498268371244173e+01
7.464604199248644534e+01,7.395474940021132815e-01,1.234886458298980749e-01,1.265498268371244173e+01
7.464604199248644534e+01,7.395474940021132815e-01,1.234886458298980749e-01,1.265498268371244173e+01
7.464604199248644534e+01,7.395474940021132815e-01,1.234886458298980749e-01,1.265498268371244173e+01
7.464604199248644534e+01,7.395474940021132815e-01,1.234886458298980749e-01,1.265498268371244173e+01
7.464604199248644534e+01,7.395474940021132815e-01,1.234886458298980749e-01,1.265498268371244173e+01
7.464604199248644534e+01,7.395474940021132815e-01,1.234886458298980749e-01,1.265498268371244173e+01
7.460993294243517937e+01,7.394478216736245502e-01,1.220021463834121134e-01,1.265406025836494130e+01
7.460993294243517937e+01,7.394478216736245502e-01,1.220021463834121134e-01,1.265406025836494130e+01
7.460993294243517937e+01,7.394478216736245502e-01,1.220021463834121134e-01,1.265406025836494130e+01
7.460993294243517937e+01,7.394478216736245502e-01,1.220021463834121134e-01,1.265406025836494130e+01
7.460993294243517937e+01,7.394478216736245502e-01,1.220021463834121134e-01,1.265406025836494130e+01
7.461332298985009004e+01,7.394246694061520353e-01,1.222356023475994896e-01,1.267928507592604959e+01
7.460373597878505336e+01,7.393286104260613500e-01,1.220636975638081378e-01,1.270646486078838677e+01
7.460373597878505336e+01,7.393286104260613500e-01,1.220636975638081378e-01,1.270646486078838677e+01
7.440441344719201311e+01,7.386358442250086087e-01,1.100156275915653292e-01,1.441912804087435696e+01
7.440441344719201311e+01,7.386358442250086087e-01,1.100156275915653292e-01,1.441912804087435696e+01
7.440441344719201311e+01,7.386358442250086087e-01,1.100156275915653292e-01,1.441912804087435696e+01
7.440441344719201311e+01,7.386358442250086087e-01,1.100156275915653292e-01,1.441912804087435696e+01
7.440441344719201311e+01,7.386358442250086087e-01,1.100156275915653292e-01,1.441912804087435696e+01
7.440441344719201311e+01,7.386358442250086087e-01,1.100156275915653292e-01,1.441912804087435696e+01
7.440441344719201311e+01,7.386358442250086087e-01,1.100156275915653292e-01,1.441912804087435696e+01
7.429978381245229002e+01,7.380675410393970903e-01,1.039371894476201208e-01,1.535222305887292293e+01
7.437201445557410295e+01,7.382344908969372677e-01,1.057384061252266277e-01,1.540739081968908053e+01
7.437201445557410295e+01,7.382344908969372677e-01,1.057384061252266277e-01,1.540739081968908053e+01
7.436489518652840047e+01,7.382019063677759396e-01,1.052823363554108438e-01,1.549824354648763958e+01
7.436489518652840047e+01,7.382019063677759396e-01,1.052823363554108438e-01,1.549824354648763958e+01
7.439929022184583118e+01,7.382823199882175835e-01,1.061558445181358945e-01,1.551905192392740851e+01
7.439929022184583118e+01,7.382823199882175835e-01,1.061558445181358945e-01,1.551905192392740851e+01
7.439929022184583118e+01,7.382823199882175835e-01,1.061558445181358945e-01,1.551905192392740851e+01
7.435033501391335164e+01,7.377180015631250587e-01,1.064042282419429136e-01,1.516981448471568328e+01
7.435235670357758408e+01,7.375773034327574029e-01,1.112097042552900594e-01,1.469604306139557082e+01
7.435235670357758408e+01,7.375773034327574029e-01,1.112097042552900594e-01,1.469604306139557082e+01
7.435235670357758408e+01,7.375773034327574029e-01,1.112097042552900594e-01,1.469604306139557082e+01
7.435235670357758408e+01,7.375773034327574029e-01,1.112097042552900594e-01,1.469604306139557082e+01
7.435235670357758408e+01,7.375773034327574029e-01,1.112097042552900594e-01,1.469604306139557082e+01
7.435235670357758408e+01,7.375773034327574029e-01,1.112097042552900594e-01,1.469604306139557082e+01
7.440674522113711475e+01,7.374326807836211195e-01,1.090960653012627291e-01,1.608620805569014678e+01
7.440674522113711475e+01,7.374326807836211195e-01,1.090960653012627291e-01,1.608620805569014678e+01
7.446109755503096039e+01,7.383048752222494127e-01,1.083992283656287220e-01,1.576819528242634760e+01
7.446109755503096039e+01,7.383048752222494127e-01,1.083992283656287220e-01,1.576819528242634760e+01
7.446109755503096039e+01,7.383048752222494127e-01,1.083992283656287220e-01,1.576819528242634760e+01
7.443265645469121239e+01,7.379488342962636782e-01,1.096391191994063041e-01,1.523795144350786757e+01
7.443265645469121239e+01,7.379488342962636782e-01,1.096391191994063041e-01,1.523795144350786757e+01
7.443265645469121239e+01,7.379488342962636782e-01,1.096391191994063041e-01,1.523795144350786757e+01
7.443265645469121239e+01,7.379488342962636782e-01,1.096391191994063041e-01,1.523795144350786757e+01
7.443265645469121239e+01,7.379488342962636782e-01,1.096391191994063041e-01,1.523795144350786757e+01
7.443265645469121239e+01,7.379488342962636782e-01,1.096391191994063041e-01,1.523795144350786757e+01
7.443265645469121239e+01,7.379488342962636782e-01,1.096391191994063041e-01,1.523795144350786757e+01
7.443265645469121239e+01,7.379488342962636782e-01,1.096391191994063041e-01,1.523795144350786757e+01
7.443265645469121239e+01,7.379488342962636782e-01,1.096391191994063041e-01,1.523795144350786757e+01
7.441283678681348590e+01,7.379363044375716330e-01,1.071204506957860458e-01,1.553843477244440585e+01
7.441283678681348590e+01,7.379363044375716330e-01,1.071204506957860458e-01,1.553843477244440585e+01
7.441283678681348590e+01,7.379363044375716330e-01,1.071204506957860458e-01,1.553843477244440585e+01
7.441283678681348590e+01,7.379363044375716330e-01,1.071204506957860458e-01,1.553843477244440585e+01
7.441283678681348590e+01,7.379363044375716330e-01,1.071204506957860458e-01,1.553843477244440585e+01
7.441283678681348590e+01,7.379363044375716330e-01,1.071204506957860458e-01,1.553843477244440585e+01
7.441283678681348590e+01,7.379363044375716330e-01,1.071204506957860458e-01,1.553843477244440585e+01
7.441283678681348590e+01,7.379363044375716330e-01,1.071204506957860458e-01,1.553843477244440585e+01
7.441283678681348590e+01,7.379363044375716330e-01,1.071204506957860458e-01,1.553843477244440585e+01
7.441283678681348590e+01,7.379363044375716330e-01,1.071204506957860458e-01,1.553843477244440585e+01
7.441283678681348590e+01,7.379363044375716330e-01,1.071204506957860458e-01,1.553843477244440585e+01
7.441283678681348590e+01,7.379363044375716330e-01,1.071204506957860458e-01,1.553843477244440585e+01
7.441283678681348590e+01,7.379363044375716330e-01,1.071204506957860458e-01,1.553843477244440585e+01
7.441277277857591343e+01,7.379354692441403296e-01,1.071551992929808961e-01,1.553780079175723117e+01
7.441277277857591343e+01,7.379354692441403296e-01,1.071551992929808961e-01,1.553780079175723117e+01
7.441292256938669425e+01,7.379289042066702331e-01,1.073577130823332587e-01,1.549731925498726959e+01
7.441292256938669425e+01,7.379289042066702331e-01,1.073577130823332587e-01,1.549731925498726959e+01
7.441292256938669425e+01,7.379289042066702331e-01,1.073577130823332587e-01,1.549731925498726959e+01
7.438746986979056430e+01,7.377325322333342372e-01,1.070414782247886692e-01,1.561317993433589280e+01
7.438746986979056430e+01,7.377325322333342372e-01,1.070414782247886692e-01,1.561317993433589280e+01
7.438746986979056430e+01,7.377325322333342372e-01,1.070414782247886692e-01,1.561317993433589280e+01
7.445428812661670293e+01,7.382293244864667203e-01,1.015713468544403447e-01,1.707346700047779464e+01
7.445428812661670293e+01,7.382293244864667203e-01,1.015713468544403447e-01,1.707346700047779464e+01
7.445428812661670293e+01,7.382293244864667203e-01,1.015713468544403447e-01,1.707346700047779464e+01
7.445428812661670293e+01,7.382293244864667203e-01,1.015713468544403447e-01,1.707346700047779464e+01
7.445428812661670293e+01,7.382293244864667203e-01,1.015713468544403447e-01,1.707346700047779464e+01
7.453898673343388737e+01,7.389135006426299501e-01,1.046457004559448317e-01,1.606308651201097604e+01
7.453898673343388737e+01,7.389135006426299501e-01,1.046457004559448317e-01,1.606308651201097604e+01
7.454588016351092961e+01,7.395513261175903352e-01,9.782091577256200876e-02,1.709964991257631439e+01
7.454588016351092961e+01,7.395513261175903352e-01,9.782091577256200876e-02,1.709964991257631439e+01
7.453240408618104595e+01,7.391074650755886655e-01,1.058557091688636098e-01,1.603062645757936622e+01
7.453240408618104595e+01,7.391074650755886655e-01,1.058557091688636098e-01,1.603062645757936622e+01
7.453240408618104595e+01,7.391074650755886655e-01,1.058557091688636098e-01,1.603062645757936622e+01
7.460430913722014168e+01,7.393676590415753092e-01,1.053718431796010768e-01,1.661426948962368044e+01
7.460430913722014168e+01,7.393676590415753092e-01,1.053718431796010768e-01,1.661426948962368044e+01
7.449080826709356984e+01,7.382376292818062513e-01,1.089230521810524849e-01,1.537128494302597659e+01
7.449080826709356984e+01,7.382376292818062513e-01,1.089230521810524849e-01,1.537128494302597659e+01
7.449080826709356984e+01,7.382376292818062513e-01,1.089230521810524849e-01,1.537128494302597659e+01
7.449080826709356984e+01,7.382376292818062513e-01,1.089230521810524849e-01,1.537128494302597659e+01
7.449080826709356984e+01,7.382376292818062513e-01,1.089230521810524849e-01,1.537128494302597659e+01
7.449080826709356984e+01,7.382376292818062513e-01,1.089230521810524849e-01,1.537128494302597659e+01
7.449080826709356984e+01,7.382376292818062513e-01,1.089230521810524849e-01,1.537128494302597659e+01
7.449080826709356984e+01,7.382376292818062513e-01,1.089230521810524849e-01,1.537128494302597659e+01
7.449080826709356984e+01,7.382376292818062513e-01,1.089230521810524849e-01,1.537128494302597659e+01
7.449080826709356984e+01,7.382376292818062513e-01,1.089230521810524849e-01,1.537128494302597659e+01
7.449080826709356984e+01,7.382376292818062513e-01,1.089230521810524849e-01,1.537128494302597659e+01
7.449080826709356984e+01,7.382376292818062513e-01,1.089230521810524849e-01,1.537128494302597659e+01
7.449080826709356984e+01,7.382376292818062513e-01,1.089230521810524849e-01,1.537128494302597659e+01
7.449080826709356984e+01,7.382376292818062513e-01,1.089230521810524849e-01,1.537128494302597659e+01
7.449080826709356984e+01,7.382376292818062513e-01,1.089230521810524849e-01,1.537128494302597659e+01
7.449080826709356984e+01,7.382376292818062513e-01,1.089230521810524849e-01,1.537128494302597659e+01
7.472131864175239002e+01,7.419152069828273133e-01,1.007770562342061027e-01,1.644146249816715510e+01
7.472131864175239002e+01,7.419152069828273133e-01,1.007770562342061027e-01,1.644146249816715510e+01
7.472131864175239002e+01,7.419152069828273133e-01,1.007770562342061027e-01,1.644146249816715510e+01
7.472131864175239002e+01,7.419152069828273133e-01,1.007770562342061027e-01,1.644146249816715510e+01
7.472131864175239002e+01,7.419152069828273133e-01,1.007770562342061027e-01,1.644146249816715510e+01
7.472131864175239002e+01,7.419152069828273133e-01,1.007770562342061027e-01,1.644146249816715510e+01
7.488117251535645380e+01,7.431021688811159098e-01,1.299170260998980808e-01,1.092280777354533150e+01
7.488117251535645380e+01,7.431021688811159098e-01,1.299170260998980808e-01,1.092280777354533150e+01
7.488117251535645380e+01,7.431021688811159098e-01,1.299170260998980808e-01,1.092280777354533150e+01
7.488117251535645380e+01,7.431021688811159098e-01,1.299170260998980808e-01,1.092280777354533150e+01
7.486150976852248107e+01,7.428028459688313934e-01,1.334369401268358790e-01,1.083916404407432132e+01
7.486150976852248107e+01,7.428028459688313934e-01,1.334369401268358790e-01,1.083916404407432132e+01
7.451710442293763492e+01,7.394164590635784462e-01,1.287342441302443963e-01,1.123551442425907965e+01
7.451710442293763492e+01,7.394164590635784462e-01,1.287342441302443963e-01,1.123551442425907965e+01
7.451710442293763492e+01,7.394164590635784462e-01,1.287342441302443963e-01,1.123551442425907965e+01
7.451822330590734111e+01,7.394085073463364521e-01,1.287777630033466181e-01,1.124082083936495025e+01
7.451822330590734111e+01,7.394085073463364521e-01,1.287777630033466181e-01,1.124082083936495025e+01
7.451822330590734111e+01,7.394085073463364521e-01,1.287777630033466181e-01,1.124082083936495025e+01
7.451822330590734111e+01,7.394085073463364521e-01,1.287777630033466181e-01,1.124082083936495025e+01
7.451822330590734111e+01,7.394085073463364521e-01,1.287777630033466181e-01,1.124082083936495025e+01
7.455163067887932016e+01,7.397993402013441910e-01,1.290997868520049052e-01,1.120040829304705632e+01
7.455163067887932016e+01,7.397993402013441910e-01,1.290997868520049052e-01,1.120040829304705632e+01
7.455163067887932016e+01,7.397993402013441910e-01,1.290997868520049052e-01,1.120040829304705632e+01
7.455163067887932016e+01,7.397993402013441910e-01,1.290997868520049052e-01,1.120040829304705632e+01
7.455163067887932016e+01,7.397993402013441910e-01,1.290997868520049052e-01,1.120040829304705632e+01
7.455166353252231204e+01,7.398531593368845583e-01,1.290967071513804687e-01,1.117226673140345206e+01
7.446229762071477865e+01,7.382962367402547965e-01,1.305389508368730855e-01,1.145212230414864507e+01
7.446229762071477865e+01,7.382962367402547965e-01,1.305389508368730855e-01,1.145212230414864507e+01
7.446229762071477865e+01,7.382962367402547965e-01,1.305389508368730855e-01,1.145212230414864507e+01
7.446229762071477865e+01,7.382962367402547965e-01,1.305389508368730855e-01,1.145212230414864507e+01
7.446229762071477865e+01,7.382962367402547965e-01,1.305389508368730855e-01,1.145212230414864507e+01
7.445967831615487853e+01,7.384287499215381745e-01,1.283624446111842898e-01,1.157714212004364462e+01
7.449161850910982707e+01,7.390024305696510920e-01,1.223862634512811465e-01,1.176355704957630977e+01
7.449161850910982707e+01,7.390024305696510920e-01,1.223862634512811465e-01,1.176355704957630977e+01
7.449161850910982707e+01,7.390024305696510920e-01,1.223862634512811465e-01,1.176355704957630977e+01
7.449161850910982707e+01,7.390024305696510920e-01,1.223862634512811465e-01,1.176355704957630977e+01
7.449161850910982707e+01,7.390024305696510920e-01,1.223862634512811465e-01,1.176355704957630977e+01
7.449161850910982707e+01,7.390024305696510920e-01,1.223862634512811465e-01,1.176355704957630977e+01
7.449161850910982707e+01,7.390024305696510920e-01,1.223862634512811465e-01,1.176355704957630977e+01
7.449161850910982707e+01,7.390024305696510920e-01,1.223862634512811465e-01,1.176355704957630977e+01
7.449161850910982707e+01,7.390024305696510920e-01,1.223862634512811465e-01,1.176355704957630977e+01
7.449161850910982707e+01,7.390024305696510920e-01,1.223862634512811465e-01,1.176355704957630977e+01
7.449161850910982707e+01,7.390024305696510920e-01,1.223862634512811465e-01,1.176355704957630977e+01
7.449161850910982707e+01,7.390024305696510920e-01,1.223862634512811465e-01,1.176355704957630977e+01
7.449161850910982707e+01,7.390024305696510920e-01,1.223862634512811465e-01,1.176355704957630977e+01
7.449161850910982707e+01,7.390024305696510920e-01,1.223862634512811465e-01,1.176355704957630977e+01
7.449161850910982707e+01,7.390024305696510920e-01,1.223862634512811465e-01,1.176355704957630977e+01
7.449161850910982707e+01,7.390024305696510920e-01,1.223862634512811465e-01,1.176355704957630977e+01
7.449161850910982707e+01,7.390024305696510920e-01,1.223862634512811465e-01,1.176355704957630977e+01
7.452302586425051345e+01,7.398564197908895634e-01,1.155369239342406290e-01,1.207838359657557170e+01
7.452302586425051345e+01,7.398564197908895634e-01,1.155369239342406290e-01,1.207838359657557170e+01
7.452302586425051345e+01,7.398564197908895634e-01,1.155369239342406290e-01,1.207838359657557170e+01
7.449453697223103177e+01,7.395039916691714676e-01,1.180385213809404116e-01,1.184774174370035738e+01
7.449453697223103177e+01,7.395039916691714676e-01,1.180385213809404116e-01,1.184774174370035738e+01
7.449453697223103177e+01,7.395039916691714676e-01,1.180385213809404116e-01,1.184774174370035738e+01
7.447421927464033331e+01,7.393254532289984526e-01,1.172563039602665530e-01,1.199331290215836532e+01
7.447421927464033331e+01,7.393254532289984526e-01,1.172563039602665530e-01,1.199331290215836532e+01
7.447421927464033331e+01,7.393254532289984526e-01,1.172563039602665530e-01,1.199331290215836532e+01
7.447421927464033331e+01,7.393254532289984526e-01,1.172563039602665530e-01,1.199331290215836532e+01
7.447421927464033331e+01,7.393254532289984526e-01,1.172563039602665530e-01,1.199331290215836532e+01
7.447421927464033331e+01,7.393254532289984526e-01,1.172563039602665530e-01,1.199331290215836532e+01
7.447421927464033331e+01,7.393254532289984526e-01,1.172563039602665530e-01,1.199331290215836532e+01
7.447421927464033331e+01,7.393254532289984526e-01,1.172563039602665530e-01,1.199331290215836532e+01
7.447421927464033331e+01,7.393254532289984526e-01,1.172563039602665530e-01,1.199331290215836532e+01
7.447421927464033331e+01,7.393254532289984526e-01,1.172563039602665530e-01,1.199331290215836532e+01
7.447421927464033331e+01,7.393254532289984526e-01,1.172563039602665530e-01,1.199331290215836532e+01
7.447421927464033331e+01,7.393254532289984526e-01,1.172563039602665530e-01,1.199331290215836532e+01
7.446156334160166068e+01,7.392735099021413570e-01,1.166975376324964064e-01,1.202157252100849405e+01
7.454736370968940662e+01,7.401445650359826933e-01,1.163669550772055278e-01,1.210217679659440826e+01
7.454736370968940662e+01,7.401445650359826933e-01,1.163669550772055278e-01,1.210217679659440826e+01
7.454884969122305449e+01,7.400684575182716607e-01,1.175868309543874474e-01,1.204257909983930119e+01
7.454884969122305449e+01,7.400684575182716607e-01,1.175868309543874474e-01,1.204257909983930119e+01
7.454884969122305449e+01,7.400684575182716607e-01,1.175868309543874474e-01,1.204257909983930119e+01
7.454884969122305449e+01,7.400684575182716607e-01,1.175868309543874474e-01,1.204257909983930119e+01
7.454884969122305449e+01,7.400684575182716607e-01,1.175868309543874474e-01,1.204257909983930119e+01
7.454884969122305449e+01,7.400684575182716607e-01,1.175868309543874474e-01,1.204257909983930119e+01
7.454884969122305449e+01,7.400684575182716607e-01,1.175868309543874474e-01,1.204257909983930119e+01
7.454050439443835785e+01,7.398531786590475390e-01,1.172139962784941869e-01,1.223237182468206896e+01
7.454050439443835785e+01,7.398531786590475390e-01,1.172139962784941869e-01,1.223237182468206896e+01
7.454050439443835785e+01,7.398531786590475390e-01,1.172139962784941869e-01,1.223237182468206896e+01
7.454050439443835785e+01,7.398531786590475390e-01,1.172139962784941869e-01,1.223237182468206896e+01
7.458369781711598989e+01,7.403337352733931898e-01,1.202668097131548569e-01,1.148386340699594044e+01
7.454433638382495531e+01,7.398958121835907953e-01,1.174848326224486039e-01,1.216596642926433525e+01
7.454433638382495531e+01,7.398958121835907953e-01,1.174848326224486039e-01,1.216596642926433525e+01
7.454433638382495531e+01,7.398958121835907953e-01,1.174848326224486039e-01,1.216596642926433525e+01
7.435841752100839130e+01,7.367928851607473684e-01,1.160694816293129511e-01,1.311375525976608003e+01
7.435484398198987321e+01,7.367798131120197880e-01,1.166754666113780647e-01,1.304342401276826990e+01
7.435484398198987321e+01,7.367798131120197880e-01,1.166754666113780647e-01,1.304342401276826990e+01
7.435484398198987321e+01,7.367798131120197880e-01,1.166754666113780647e-01,1.304342401276826990e+01
7.435484398198987321e+01,7.367798131120197880e-01,1.166754666113780647e-01,1.304342401276826990e+01
7.439686298486734017e+01,7.372132820134853493e-01,1.157249319279165800e-01,1.333641378194227833e+01
7.439686298486734017e+01,7.372132820134853493e-01,1.157249319279165800e-01,1.333641378194227833e+01
7.439361679146311701e+01,7.371091197273337281e-01,1.161298978683353578e-01,1.332246190847170375e+01
7.439361679146311701e+01,7.371091197273337281e-01,1.161298978683353578e-01,1.332246190847170375e+01
7.439361679146311701e+01,7.371091197273337281e-01,1.161298978683353578e-01,1.332246190847170375e+01
7.439361679146311701e+01,7.371091197273337281e-01,1.161298978683353578e-01,1.332246190847170375e+01
7.438842824674193821e+01,7.373794163596709694e-01,1.136340233524522625e-01,1.382322936954255965e+01
7.438842824674193821e+01,7.373794163596709694e-01,1.136340233524522625e-01,1.382322936954255965e+01
7.438798255910835167e+01,7.373583775927057271e-01,1.156425033178854478e-01,1.374493728637296819e+01
7.438798255910835167e+01,7.373583775927057271e-01,1.156425033178854478e-01,1.374493728637296819e+01
7.438798255910835167e+01,7.373583775927057271e-01,1.156425033178854478e-01,1.374493728637296819e+01
7.438798255910835167e+01,7.373583775927057271e-01,1.156425033178854478e-01,1.374493728637296819e+01
7.438798255910835167e+01,7.373583775927057271e-01,1.156425033178854478e-01,1.374493728637296819e+01
7.438798255910835167e+01,7.373583775927057271e-01,1.156425033178854478e-01,1.374493728637296819e+01
7.438798255910835167e+01,7.373583775927057271e-01,1.156425033178854478e-01,1.374493728637296819e+01
7.440837442989455042e+01,7.372330667089225242e-01,1.181797915979536928e-01,1.320053418982088900e+01
7.439980537064286636e+01,7.370604298034912905e-01,1.183047899411363568e-01,1.320622198622456089e+01
7.439980537064286636e+01,7.370604298034912905e-01,1.183047899411363568e-01,1.320622198622456089e+01
7.439980537064286636e+01,7.370604298034912905e-01,1.183047899411363568e-01,1.320622198622456089e+01
7.439980537064286636e+01,7.370604298034912905e-01,1.183047899411363568e-01,1.320622198622456089e+01
7.439980537064286636e+01,7.370604298034912905e-01,1.183047899411363568e-01,1.320622198622456089e+01
7.439980537064286636e+01,7.370604298034912905e-01,1.183047899411363568e-01,1.320622198622456089e+01
7.439980537064286636e+01,7.370604298034912905e-01,1.183047899411363568e-01,1.320622198622456089e+01
7.439980537064286636e+01,7.370604298034912905e-01,1.183047899411363568e-01,1.320622198622456089e+01
7.439980537064286636e+01,7.370604298034912905e-01,1.183047899411363568e-01,1.320622198622456089e+01
7.439980537064286636e+01,7.370604298034912905e-01,1.183047899411363568e-01,1.320622198622456089e+01
7.440647292192331008e+01,7.365264083476706913e-01,1.211306647157788935e-01,1.317022933894821790e+01
7.470800178810894465e+01,7.381426282071678058e-01,1.304254796081137646e-01,1.288884887694385917e+01
7.470800178810894465e+01,7.381426282071678058e-01,1.304254796081137646e-01,1.288884887694385917e+01
7.472595028298468378e+01,7.381514407112592657e-01,1.315816510749285850e-01,1.278961263218473832e+01
7.472595028298468378e+01,7.381514407112592657e-01,1.315816510749285850e-01,1.278961263218473832e+01
7.472595028298468378e+01,7.381514407112592657e-01,1.315816510749285850e-01,1.278961263218473832e+01
7.472595028298468378e+01,7.381514407112592657e-01,1.315816510749285850e-01,1.278961263218473832e+01
7.472595028298468378e+01,7.381514407112592657e-01,1.315816510749285850e-01,1.278961263218473832e+01
7.472595028298468378e+01,7.381514407112592657e-01,1.315816510749285850e-01,1.278961263218473832e+01
7.478106513102302699e+01,7.384207032642343682e-01,1.296157916396987742e-01,1.322525738307041898e+01
7.478106513102302699e+01,7.384207032642343682e-01,1.296157916396987742e-01,1.322525738307041898e+01
7.478106513102302699e+01,7.384207032642343682e-01,1.296157916396987742e-01,1.322525738307041898e+01
7.478106513102302699e+01,7.384207032642343682e-01,1.296157916396987742e-01,1.322525738307041898e+01
7.478106513102302699e+01,7.384207032642343682e-01,1.296157916396987742e-01,1.322525738307041898e+01
7.478106513102302699e+01,7.384207032642343682e-01,1.296157916396987742e-01,1.322525738307041898e+01
7.478106513102302699e+01,7.384207032642343682e-01,1.296157916396987742e-01,1.322525738307041898e+01
7.472018031564165597e+01,7.382461991480498975e-01,1.272015698673897577e-01,1.328721651738327125e+01
7.472018031564165597e+01,7.382461991480498975e-01,1.272015698673897577e-01,1.328721651738327125e+01
7.469067301093996036e+01,7.381431136906385637e-01,1.276468886017713689e-01,1.308474137530427051e+01
7.468563644294401627e+01,7.381030741484341240e-01,1.275961955745281429e-01,1.308356037226979929e+01
7.468563644294401627e+01,7.381030741484341240e-01,1.275961955745281429e-01,1.308356037226979929e+01
7.468563644294401627e+01,7.381030741484341240e-01,1.275961955745281429e-01,1.308356037226979929e+01
7.468563644294401627e+01,7.381030741484341240e-01,1.275961955745281429e-01,1.308356037226979929e+01
7.468386204987356791e+01,7.381061963398839465e-01,1.271634079451233745e-01,1.312055302464630913e+01
7.468386204987356791e+01,7.381061963398839465e-01,1.271634079451233745e-01,1.312055302464630913e+01
7.460537633161978022e+01,7.378646165169113758e-01,1.268950105389100302e-01,1.269087067215544984e+01
7.464025647643819639e+01,7.391130741461502396e-01,1.216663735830020299e-01,1.288206713373265089e+01
7.453749548872563935e+01,7.382379865582145984e-01,1.206791319211462654e-01,1.282428405181708442e+01
7.453749548872563935e+01,7.382379865582145984e-01,1.206791319211462654e-01,1.282428405181708442e+01
7.453749548872563935e+01,7.382379865582145984e-01,1.206791319211462654e-01,1.282428405181708442e+01
7.453749548872563935e+01,7.382379865582145984e-01,1.206791319211462654e-01,1.282428405181708442e+01
7.453840926644542719e+01,7.381988752965109590e-01,1.213951251974433321e-01,1.274931704496556328e+01
7.453840926644542719e+01,7.381988752965109590e-01,1.213951251974433321e-01,1.274931704496556328e+01
7.454046420989729427e+01,7.381109201741749004e-01,1.230052823098796155e-01,1.258072794884400381e+01
7.436112609260962358e+01,7.374728250019503273e-01,1.189420927329699756e-01,1.243531217657826460e+01
7.436112609260962358e+01,7.374728250019503273e-01,1.189420927329699756e-01,1.243531217657826460e+01
7.435021909069705259e+01,7.375315771028024825e-01,1.155479430938185503e-01,1.264291544120419353e+01
7.420702392475813269e+01,7.377222071241321677e-01,1.060819907713700105e-01,1.284506478047654987e+01
7.431605741223771133e+01,7.381864010837319023e-01,1.060061647831909981e-01,1.391253274692199327e+01
7.431605741223771133e+01,7.381864010837319023e-01,1.060061647831909981e-01,1.391253274692199327e+01
7.431605741223771133e+01,7.381864010837319023e-01,1.060061647831909981e-01,1.391253274692199327e+01
7.431605741223771133e+01,7.381864010837319023e-01,1.060061647831909981e-01,1.391253274692199327e+01
7.431605741223771133e+01,7.381864010837319023e-01,1.060061647831909981e-01,1.391253274692199327e+01
7.431605741223771133e+01,7.381864010837319023e-01,1.060061647831909981e-01,1.391253274692199327e+01
7.431605741223771133e+01,7.381864010837319023e-01,1.060061647831909981e-01,1.391253274692199327e+01
7.443811365851740902e+01,7.380878830388472034e-01,1.187668122995094999e-01,1.293111753848913992e+01
7.443811365851740902e+01,7.380878830388472034e-01,1.187668122995094999e-01,1.293111753848913992e+01
7.444779511909146663e+01,7.381313428665868814e-01,1.189704222067788086e-01,1.297963125052317324e+01
7.444779511909146663e+01,7.381313428665868814e-01,1.189704222067788086e-01,1.297963125052317324e+01
7.452594645603006995e+01,7.384821622099074778e-01,1.206140157891033016e-01,1.337124689842193526e+01
7.452594645603006995e+01,7.384821622099074778e-01,1.206140157891033016e-01,1.337124689842193526e+01
7.452594645603006995e+01,7.384821622099074778e-01,1.206140157891033016e-01,1.337124689842193526e+01
7.452594645603006995e+01,7.384821622099074778e-01,1.206140157891033016e-01,1.337124689842193526e+01
7.452594645603006995e+01,7.384821622099074778e-01,1.206140157891033016e-01,1.337124689842193526e+01
7.452594645603006995e+01,7.384821622099074778e-01,1.206140157891033016e-01,1.337124689842193526e+01
7.452594645603006995e+01,7.384821622099074778e-01,1.206140157891033016e-01,1.337124689842193526e+01
7.452594645603006995e+01,7.384821622099074778e-01,1.206140157891033016e-01,1.337124689842193526e+01
7.449810368126932758e+01,7.384790849119886591e-01,1.135570280887953226e-01,1.386405786632387915e+01
7.449810368126932758e+01,7.384790849119886591e-01,1.135570280887953226e-01,1.386405786632387915e+01
7.449810368126932758e+01,7.384790849119886591e-01,1.135570280887953226e-01,1.386405786632387915e+01
7.449810368126932758e+01,7.384790849119886591e-01,1.135570280887953226e-01,1.386405786632387915e+01
7.441834704478688423e+01,7.392897906318001144e-01,1.084192789481444597e-01,1.383525153014225140e+01
7.443385950017966479e+01,7.387152476403724410e-01,1.122111316623017885e-01,1.356888008443768356e+01
7.443385950017966479e+01,7.387152476403724410e-01,1.122111316623017885e-01,1.356888008443768356e+01
7.443385950017966479e+01,7.387152476403724410e-01,1.122111316623017885e-01,1.356888008443768356e+01
7.549186313801027381e+01,7.367961640989731942e-01,1.891690375975856875e-01,1.179077423486442555e+01
7.549186313801027381e+01,7.367961640989731942e-01,1.891690375975856875e-01,1.179077423486442555e+01
7.549186313801027381e+01,7.367961640989731942e-01,1.891690375975856875e-01,1.179077423486442555e+01
7.549186313801027381e+01,7.367961640989731942e-01,1.891690375975856875e-01,1.179077423486442555e+01
7.503573440047894394e+01,7.329898999256074799e-01,1.717751167714698657e-01,1.268425935248743031e+01
7.503573440047894394e+01,7.329898999256074799e-01,1.717751167714698657e-01,1.268425935248743031e+01
7.503573440047894394e+01,7.329898999256074799e-01,1.717751167714698657e-01,1.268425935248743031e+01
7.503573440047894394e+01,7.329898999256074799e-01,1.717751167714698657e-01,1.268425935248743031e+01
7.497719042359918262e+01,7.342083269768223674e-01,1.756801038614995703e-01,1.153744211715854462e+01
7.475598402330992087e+01,7.344808162423487330e-01,1.710602810819831510e-01,1.064585292693690555e+01
7.475598402330992087e+01,7.344808162423487330e-01,1.710602810819831510e-01,1.064585292693690555e+01
7.475598402330992087e+01,7.344808162423487330e-01,1.710602810819831510e-01,1.064585292693690555e+01
7.475598402330992087e+01,7.344808162423487330e-01,1.710602810819831510e-01,1.064585292693690555e+01
7.475598402330992087e+01,7.344808162423487330e-01,1.710602810819831510e-01,1.064585292693690555e+01
7.475598402330992087e+01,7.344808162423487330e-01,1.710602810819831510e-01,1.064585292693690555e+01
7.462396967885733545e+01,7.361622623919961139e-01,1.702468277139391750e-01,9.212992300565362669e+00
7.462396967885733545e+01,7.361622623919961139e-01,1.702468277139391750e-01,9.212992300565362669e+00
7.462396967885733545e+01,7.361622623919961139e-01,1.702468277139391750e-01,9.212992300565362669e+00
7.462396967885733545e+01,7.361622623919961139e-01,1.702468277139391750e-01,9.212992300565362669e+00
7.463234173326317489e+01,7.362233655788666953e-01,1.706599185764155480e-01,9.187252485630137855e+00
7.463234173326317489e+01,7.362233655788666953e-01,1.706599185764155480e-01,9.187252485630137855e+00
7.463234173326317489e+01,7.362233655788666953e-01,1.706599185764155480e-01,9.187252485630137855e+00
7.463234173326317489e+01,7.362233655788666953e-01,1.706599185764155480e-01,9.187252485630137855e+00
7.463234173326317489e+01,7.362233655788666953e-01,1.706599185764155480e-01,9.187252485630137855e+00
7.451674050607751099e+01,7.355419178847411033e-01,1.757781646154585042e-01,8.853554879401963618e+00
7.457956557977489354e+01,7.359263533274209568e-01,1.742986209165546529e-01,9.049000866107478558e+00
7.457956557977489354e+01,7.359263533274209568e-01,1.742986209165546529e-01,9.049000866107478558e+00
7.457956557977489354e+01,7.359263533274209568e-01,1.742986209165546529e-01,9.049000866107478558e+00
7.457956557977489354e+01,7.359263533274209568e-01,1.742986209165546529e-01,9.049000866107478558e+00
7.457956557977489354e+01,7.359263533274209568e-01,1.742986209165546529e-01,9.049000866107478558e+00
7.457956557977489354e+01,7.359263533274209568e-01,1.742986209165546529e-01,9.049000866107478558e+00
7.457789611753415215e+01,7.360418722673486291e-01,1.780032493826453621e-01,8.592773996223574073e+00
7.454899328496307476e+01,7.358730974321165963e-01,1.722525021492074537e-01,9.003619596973116757e+00
7.454899328496307476e+01,7.358730974321165963e-01,1.722525021492074537e-01,9.003619596973116757e+00
7.454899328496307476e+01,7.358730974321165963e-01,1.722525021492074537e-01,9.003619596973116757e+00
7.454899328496307476e+01,7.358730974321165963e-01,1.722525021492074537e-01,9.003619596973116757e+00
7.454899328496307476e+01,7.358730974321165963e-01,1.722525021492074537e-01,9.003619596973116757e+00
7.462256010554692409e+01,7.370060429258911139e-01,1.630748821901953083e-01,9.721911940808146468e+00
7.462256010554692409e+01,7.370060429258911139e-01,1.630748821901953083e-01,9.721911940808146468e+00
7.462256010554692409e+01,7.370060429258911139e-01,1.630748821901953083e-01,9.721911940808146468e+00
7.464042036421209048e+01,7.377956217535708294e-01,1.542816558870806765e-01,1.059171519771228631e+01
7.464042036421209048e+01,7.377956217535708294e-01,1.542816558870806765e-01,1.059171519771228631e+01
7.464042036421209048e+01,7.377956217535708294e-01,1.542816558870806765e-01,1.059171519771228631e+01
7.464042036421209048e+01,7.377956217535708294e-01,1.542816558870806765e-01,1.059171519771228631e+01
7.464042036421209048e+01,7.377956217535708294e-01,1.542816558870806765e-01,1.059171519771228631e+01
7.464042036421209048e+01,7.377956217535708294e-01,1.542816558870806765e-01,1.059171519771228631e+01
7.467364196763045925e+01,7.380661944692373799e-01,1.486434386378036043e-01,1.071623822296374584e+01
7.467364196763045925e+01,7.380661944692373799e-01,1.486434386378036043e-01,1.071623822296374584e+01
7.467364196763045925e+01,7.380661944692373799e-01,1.486434386378036043e-01,1.071623822296374584e+01
7.467364196763045925e+01,7.380661944692373799e-01,1.486434386378036043e-01,1.071623822296374584e+01
7.467364196763045925e+01,7.380661944692373799e-01,1.486434386378036043e-01,1.071623822296374584e+01
7.467364196763045925e+01,7.380661944692373799e-01,1.486434386378036043e-01,1.071623822296374584e+01
7.467364196763045925e+01,7.380661944692373799e-01,1.486434386378036043e-01,1.071623822296374584e+01
7.467364196763045925e+01,7.380661944692373799e-01,1.486434386378036043e-01,1.071623822296374584e+01
7.459596940523967135e+01,7.378711327490630190e-01,1.610644127830472283e-01,9.720137641167582387e+00
7.459596940523967135e+01,7.378711327490630190e-01,1.610644127830472283e-01,9.720137641167582387e+00
7.464733835663787431e+01,7.387486183216438462e-01,1.674973157110047906e-01,9.171787950421377289e+00
7.464733835663787431e+01,7.387486183216438462e-01,1.674973157110047906e-01,9.171787950421377289e+00
7.464733835663787431e+01,7.387486183216438462e-01,1.674973157110047906e-01,9.171787950421377289e+00
7.462047498806036572e+01,7.364000246177409004e-01,1.763856584159567420e-01,9.169930534391996346e+00
7.462047498806036572e+01,7.364000246177409004e-01,1.763856584159567420e-01,9.169930534391996346e+00
7.462047498806036572e+01,7.364000246177409004e-01,1.763856584159567420e-01,9.169930534391996346e+00
7.462047498806036572e+01,7.364000246177409004e-01,1.763856584159567420e-01,9.169930534391996346e+00
7.462047498806036572e+01,7.364000246177409004e-01,1.763856584159567420e-01,9.169930534391996346e+00
7.462047498806036572e+01,7.364000246177409004e-01,1.763856584159567420e-01,9.169930534391996346e+00
7.462047498806036572e+01,7.364000246177409004e-01,1.763856584159567420e-01,9.169930534391996346e+00
7.462047498806036572e+01,7.364000246177409004e-01,1.763856584159567420e-01,9.169930534391996346e+00
7.462047498806036572e+01,7.364000246177409004e-01,1.763856584159567420e-01,9.169930534391996346e+00
7.462047498806036572e+01,7.364000246177409004e-01,1.763856584159567420e-01,9.169930534391996346e+00
7.462047498806036572e+01,7.364000246177409004e-01,1.763856584159567420e-01,9.169930534391996346e+00
7.462047498806036572e+01,7.364000246177409004e-01,1.763856584159567420e-01,9.169930534391996346e+00
7.462898481175628262e+01,7.363566703035552274e-01,1.794563465512130362e-01,9.043406450202740032e+00
7.462898481175628262e+01,7.363566703035552274e-01,1.794563465512130362e-01,9.043406450202740032e+00
7.462898481175628262e+01,7.363566703035552274e-01,1.794563465512130362e-01,9.043406450202740032e+00
7.460717196865634548e+01,7.363804166119282124e-01,1.757299097177734415e-01,9.207135535771920232e+00
7.460000544521962240e+01,7.364270328175922531e-01,1.748900575346389596e-01,9.206722150612034028e+00
7.460000544521962240e+01,7.364270328175922531e-01,1.748900575346389596e-01,9.206722150612034028e+00
7.456682027141796709e+01,7.357839449299155010e-01,1.647696431239417114e-01,9.952011705806684816e+00
7.451166940624997892e+01,7.359819570887888851e-01,1.562240083227286469e-01,1.027075248739683211e+01
7.451166940624997892e+01,7.359819570887888851e-01,1.562240083227286469e-01,1.027075248739683211e+01
7.451166940624997892e+01,7.359819570887888851e-01,1.562240083227286469e-01,1.027075248739683211e+01
7.451166940624997892e+01,7.359819570887888851e-01,1.562240083227286469e-01,1.027075248739683211e+01
7.451091091583411696e+01,7.360289514888957996e-01,1.554856736336233114e-01,1.032781264258050058e+01
7.451091091583411696e+01,7.360289514888957996e-01,1.554856736336233114e-01,1.032781264258050058e+01
7.451091091583411696e+01,7.360289514888957996e-01,1.554856736336233114e-01,1.032781264258050058e+01
7.451091091583411696e+01,7.360289514888957996e-01,1.554856736336233114e-01,1.032781264258050058e+01
7.451091091583411696e+01,7.360289514888957996e-01,1.554856736336233114e-01,1.032781264258050058e+01
7.451091091583411696e+01,7.360289514888957996e-01,1.554856736336233114e-01,1.032781264258050058e+01
7.451091091583411696e+01,7.360289514888957996e-01,1.554856736336233114e-01,1.032781264258050058e+01
7.451091091583411696e+01,7.360289514888957996e-01,1.554856736336233114e-01,1.032781264258050058e+01
7.451091091583411696e+01,7.360289514888957996e-01,1.554856736336233114e-01,1.032781264258050058e+01
7.441736430142465508e+01,7.360564062743434333e-01,1.380478152700938543e-01,1.144669779992860192e+01
7.441884586032172422e+01,7.360623687117078262e-01,1.369323374119830461e-01,1.153475955291892596e+01
7.442819614549877372e+01,7.361424333358911332e-01,1.381542862585034559e-01,1.138790277939037132e+01
7.442819614549877372e+01,7.361424333358911332e-01,1.381542862585034559e-01,1.138790277939037132e+01
7.442819614549877372e+01,7.361424333358911332e-01,1.381542862585034559e-01,1.138790277939037132e+01
7.442819614549877372e+01,7.361424333358911332e-01,1.381542862585034559e-01,1.138790277939037132e+01
7.442819614549877372e+01,7.361424333358911332e-01,1.381542862585034559e-01,1.138790277939037132e+01
7.445296283283826710e+01,7.362235371290519748e-01,1.404006551520662061e-01,1.118608431317716700e+01
7.445296283283826710e+01,7.362235371290519748e-01,1.404006551520662061e-01,1.118608431317716700e+01
7.441167123864882171e+01,7.349271699547805792e-01,1.553811134691843454e-01,9.892042553234659863e+00
7.441167123864882171e+01,7.349271699547805792e-01,1.553811134691843454e-01,9.892042553234659863e+00
7.438488847032066076e+01,7.346898596010761340e-01,1.622918789387093330e-01,9.793245350270407101e+00
7.438488847032066076e+01,7.346898596010761340e-01,1.622918789387093330e-01,9.793245350270407101e+00
7.438488847032066076e+01,7.346898596010761340e-01,1.622918789387093330e-01,9.793245350270407101e+00
7.438488847032066076e+01,7.346898596010761340e-01,1.622918789387093330e-01,9.793245350270407101e+00
7.438488847032066076e+01,7.346898596010761340e-01,1.622918789387093330e-01,9.793245350270407101e+00
7.438224669367167508e+01,7.342700326350006801e-01,1.700819735334728466e-01,9.188808651918588311e+00
7.434590502458122785e+01,7.351372649846981133e-01,1.696133985141584088e-01,8.629652449231178579e+00
7.434590502458122785e+01,7.351372649846981133e-01,1.696133985141584088e-01,8.629652449231178579e+00
7.434590502458122785e+01,7.351372649846981133e-01,1.696133985141584088e-01,8.629652449231178579e+00
7.434590502458122785e+01,7.351372649846981133e-01,1.696133985141584088e-01,8.629652449231178579e+00
7.434590502458122785e+01,7.351372649846981133e-01,1.696133985141584088e-01,8.629652449231178579e+00
7.440048776408329445e+01,7.358403248759253223e-01,1.681885115795409558e-01,8.769651760502098270e+00
7.440048776408329445e+01,7.358403248759253223e-01,1.681885115795409558e-01,8.769651760502098270e+00
7.440048776408329445e+01,7.358403248759253223e-01,1.681885115795409558e-01,8.769651760502098270e+00
7.440048776408329445e+01,7.358403248759253223e-01,1.681885115795409558e-01,8.769651760502098270e+00
7.440048776408329445e+01,7.358403248759253223e-01,1.681885115795409558e-01,8.769651760502098270e+00
7.440048776408329445e+01,7.358403248759253223e-01,1.681885115795409558e-01,8.769651760502098270e+00
7.440048776408329445e+01,7.358403248759253223e-01,1.681885115795409558e-01,8.769651760502098270e+00
7.440048776408329445e+01,7.358403248759253223e-01,1.681885115795409558e-01,8.769651760502098270e+00
7.440048776408329445e+01,7.358403248759253223e-01,1.681885115795409558e-01,8.769651760502098270e+00
7.440048776408329445e+01,7.358403248759253223e-01,1.681885115795409558e-01,8.769651760502098270e+00
7.440048776408329445e+01,7.358403248759253223e-01,1.681885115795409558e-01,8.769651760502098270e+00
7.440048776408329445e+01,7.358403248759253223e-01,1.681885115795409558e-01,8.769651760502098270e+00
7.440048776408329445e+01,7.358403248759253223e-01,1.681885115795409558e-01,8.769651760502098270e+00
7.443192213431406401e+01,7.367708293384628293e-01,1.526969605192189661e-01,9.374252775325711440e+00
7.443192213431406401e+01,7.367708293384628293e-01,1.526969605192189661e-01,9.374252775325711440e+00
7.443192213431406401e+01,7.367708293384628293e-01,1.526969605192189661e-01,9.374252775325711440e+00
7.457524942706318427e+01,7.369424072791121993e-01,1.455992333917968395e-01,1.033530934981953209e+01
7.457524942706318427e+01,7.369424072791121993e-01,1.455992333917968395e-01,1.033530934981953209e+01
7.455293662198290860e+01,7.367659293485349092e-01,1.456793710336656555e-01,1.016539582227928307e+01
7.455293662198290860e+01,7.367659293485349092e-01,1.456793710336656555e-01,1.016539582227928307e+01
7.455293662198290860e+01,7.367659293485349092e-01,1.456793710336656555e-01,1.016539582227928307e+01
7.457034400108440764e+01,7.368320136004439247e-01,1.464176824196467552e-01,1.012936755546615153e+01
7.457034400108440764e+01,7.368320136004439247e-01,1.464176824196467552e-01,1.012936755546615153e+01
7.457034400108440764e+01,7.368320136004439247e-01,1.464176824196467552e-01,1.012936755546615153e+01
7.457034400108440764e+01,7.368320136004439247e-01,1.464176824196467552e-01,1.012936755546615153e+01
7.457034400108440764e+01,7.368320136004439247e-01,1.464176824196467552e-01,1.012936755546615153e+01
7.457034400108440764e+01,7.368320136004439247e-01,1.464176824196467552e-01,1.012936755546615153e+01
7.457034400108440764e+01,7.368320136004439247e-01,1.464176824196467552e-01,1.012936755546615153e+01
7.457034400108440764e+01,7.368320136004439247e-01,1.464176824196467552e-01,1.012936755546615153e+01
7.457034400108440764e+01,7.368320136004439247e-01,1.464176824196467552e-01,1.012936755546615153e+01
7.457034400108440764e+01,7.368320136004439247e-01,1.464176824196467552e-01,1.012936755546615153e+01
7.457034400108440764e+01,7.368320136004439247e-01,1.464176824196467552e-01,1.012936755546615153e+01
7.457034400108440764e+01,7.368320136004439247e-01,1.464176824196467552e-01,1.012936755546615153e+01
7.457034400108440764e+01,7.368320136004439247e-01,1.464176824196467552e-01,1.012936755546615153e+01
7.457034400108440764e+01,7.368320136004439247e-01,1.464176824196467552e-01,1.012936755546615153e+01
7.457034400108440764e+01,7.368320136004439247e-01,1.464176824196467552e-01,1.012936755546615153e+01
7.457034400108440764e+01,7.368320136004439247e-01,1.464176824196467552e-01,1.012936755546615153e+01
7.455727907156921219e+01,7.366925987024085520e-01,1.527012108055685324e-01,1.006697436569238846e+01
7.460066371405628161e+01,7.368151814942405231e-01,1.586966029076926077e-01,9.621280492113303495e+00
7.460066371405628161e+01,7.368151814942405231e-01,1.586966029076926077e-01,9.621280492113303495e+00
7.460066371405628161e+01,7.368151814942405231e-01,1.586966029076926077e-01,9.621280492113303495e+00
7.460066371405628161e+01,7.368151814942405231e-01,1.586966029076926077e-01,9.621280492113303495e+00
7.481129283486174586e+01,7.375392687178490281e-01,1.611151031384497334e-01,1.014942459984663969e+01
7.481129283486174586e+01,7.375392687178490281e-01,1.611151031384497334e-01,1.014942459984663969e+01
7.466376408460934044e+01,7.372230295129201805e-01,1.472918244477348926e-01,1.112145884193535039e+01
7.466376408460934044e+01,7.372230295129201805e-01,1.472918244477348926e-01,1.112145884193535039e+01
7.460346704053856115e+01,7.370402670906326392e-01,1.422906047638046734e-01,1.151534884012160376e+01
7.460346704053856115e+01,7.370402670906326392e-01,1.422906047638046734e-01,1.151534884012160376e+01
7.460346704053856115e+01,7.370402670906326392e-01,1.422906047638046734e-01,1.151534884012160376e+01
7.465000377136001930e+01,7.370709864296067781e-01,1.449872530833239415e-01,1.138027532388324659e+01
7.471335241245098757e+01,7.371878890357574932e-01,1.426103725912241937e-01,1.183844577984603674e+01
7.471335241245098757e+01,7.371878890357574932e-01,1.426103725912241937e-01,1.183844577984603674e+01
7.471335241245098757e+01,7.371878890357574932e-01,1.426103725912241937e-01,1.183844577984603674e+01
7.471335241245098757e+01,7.371878890357574932e-01,1.426103725912241937e-01,1.183844577984603674e+01
7.462617543659166586e+01,7.355760809814990697e-01,1.498599752851903777e-01,1.132238530244140229e+01
7.462617543659166586e+01,7.355760809814990697e-01,1.498599752851903777e-01,1.132238530244140229e+01
7.462617543659166586e+01,7.355760809814990697e-01,1.498599752851903777e-01,1.132238530244140229e+01
7.462617543659166586e+01,7.355760809814990697e-01,1.498599752851903777e-01,1.132238530244140229e+01
7.462617543659166586e+01,7.355760809814990697e-01,1.498599752851903777e-01,1.132238530244140229e+01
7.462617543659166586e+01,7.355760809814990697e-01,1.498599752851903777e-01,1.132238530244140229e+01
7.461914652466070663e+01,7.354418724358554593e-01,1.529063904297938981e-01,1.099650253802782096e+01
7.461914652466070663e+01,7.354418724358554593e-01,1.529063904297938981e-01,1.099650253802782096e+01
7.420735107081911508e+01,7.340670862245138872e-01,2.630127133319838939e-01,6.353323949894456035e+00
7.420735107081911508e+01,7.340670862245138872e-01,2.630127133319838939e-01,6.353323949894456035e+00
7.420735107081911508e+01,7.340670862245138872e-01,2.630127133319838939e-01,6.353323949894456035e+00
7.420735107081911508e+01,7.340670862245138872e-01,2.630127133319838939e-01,6.353323949894456035e+00
7.420735107081911508e+01,7.340670862245138872e-01,2.630127133319838939e-01,6.353323949894456035e+00
7.420735107081911508e+01,7.340670862245138872e-01,2.630127133319838939e-01,6.353323949894456035e+00
7.420735107081911508e+01,7.340670862245138872e-01,2.630127133319838939e-01,6.353323949894456035e+00
7.420735107081911508e+01,7.340670862245138872e-01,2.630127133319838939e-01,6.353323949894456035e+00
7.420735107081911508e+01,7.340670862245138872e-01,2.630127133319838939e-01,6.353323949894456035e+00
7.420735107081911508e+01,7.340670862245138872e-01,2.630127133319838939e-01,6.353323949894456035e+00
7.413923711371869274e+01,7.325172540728267512e-01,3.070266629684329507e-01,6.446858346561789688e+00
7.413923711371869274e+01,7.325172540728267512e-01,3.070266629684329507e-01,6.446858346561789688e+00
7.393285978681299753e+01,7.301152138015020165e-01,3.366912975882023762e-01,6.415955248839857461e+00
7.393285978681299753e+01,7.301152138015020165e-01,3.366912975882023762e-01,6.415955248839857461e+00
7.370453454939020332e+01,7.274577202508664131e-01,3.695107203618784308e-01,6.381765654322605563e+00
7.367482500157169056e+01,7.274511811426835894e-01,3.741974332830775851e-01,6.295113218099906760e+00
7.367482500157169056e+01,7.274511811426835894e-01,3.741974332830775851e-01,6.295113218099906760e+00
7.367482500157169056e+01,7.274511811426835894e-01,3.741974332830775851e-01,6.295113218099906760e+00
7.367482500157169056e+01,7.274511811426835894e-01,3.741974332830775851e-01,6.295113218099906760e+00
7.367482500157169056e+01,7.274511811426835894e-01,3.741974332830775851e-01,6.295113218099906760e+00
7.367482500157169056e+01,7.274511811426835894e-01,3.741974332830775851e-01,6.295113218099906760e+00
7.375615674169100089e+01,7.268665139972435574e-01,3.999668237680425453e-01,6.508995634924451323e+00
7.371652263022208729e+01,7.278441425869219827e-01,3.749656939045779569e-01,6.235106275917290830e+00
7.371652263022208729e+01,7.278441425869219827e-01,3.749656939045779569e-01,6.235106275917290830e+00
7.371652263022208729e+01,7.278441425869219827e-01,3.749656939045779569e-01,6.235106275917290830e+00
7.371652263022208729e+01,7.278441425869219827e-01,3.749656939045779569e-01,6.235106275917290830e+00
7.372262695457133930e+01,7.274241456038763598e-01,4.239998987720113854e-01,6.360880845250786564e+00
7.372262695457133930e+01,7.274241456038763598e-01,4.239998987720113854e-01,6.360880845250786564e+00
7.372262695457133930e+01,7.274241456038763598e-01,4.239998987720113854e-01,6.360880845250786564e+00
7.362667282146611569e+01,7.281749901857614837e-01,4.155573937112567728e-01,6.104182851070044435e+00
7.362667282146611569e+01,7.281749901857614837e-01,4.155573937112567728e-01,6.104182851070044435e+00
7.362667282146611569e+01,7.281749901857614837e-01,4.155573937112567728e-01,6.104182851070044435e+00
7.363641673910285590e+01,7.280003667780735599e-01,4.205162284694303199e-01,6.135756781760756340e+00
7.363641673910285590e+01,7.280003667780735599e-01,4.205162284694303199e-01,6.135756781760756340e+00
7.363641673910285590e+01,7.280003667780735599e-01,4.205162284694303199e-01,6.135756781760756340e+00
7.363230287647805028e+01,7.278495164609694035e-01,4.352441898962652322e-01,6.158915171844707714e+00
7.356643625862231772e+01,7.269275011925329100e-01,4.848609303074599142e-01,6.207408540671059960e+00
7.356643625862231772e+01,7.269275011925329100e-01,4.848609303074599142e-01,6.207408540671059960e+00
7.356643625862231772e+01,7.269275011925329100e-01,4.848609303074599142e-01,6.207408540671059960e+00
7.356643625862231772e+01,7.269275011925329100e-01,4.848609303074599142e-01,6.207408540671059960e+00
7.356643625862231772e+01,7.269275011925329100e-01,4.848609303074599142e-01,6.207408540671059960e+00
7.356643625862231772e+01,7.269275011925329100e-01,4.848609303074599142e-01,6.207408540671059960e+00
7.356643625862231772e+01,7.269275011925329100e-01,4.848609303074599142e-01,6.207408540671059960e+00
7.356643625862231772e+01,7.269275011925329100e-01,4.848609303074599142e-01,6.207408540671059960e+00
7.356643625862231772e+01,7.269275011925329100e-01,4.848609303074599142e-01,6.207408540671059960e+00
7.356643625862231772e+01,7.269275011925329100e-01,4.848609303074599142e-01,6.207408540671059960e+00
7.357142305395319681e+01,7.269181592921851731e-01,4.866747795469595350e-01,6.218248293133770588e+00
7.361007380133585798e+01,7.268940963115610998e-01,4.999891047705928848e-01,6.288764036776002264e+00
7.361007380133585798e+01,7.268940963115610998e-01,4.999891047705928848e-01,6.288764036776002264e+00
7.361007380133585798e+01,7.268940963115610998e-01,4.999891047705928848e-01,6.288764036776002264e+00
7.361007380133585798e+01,7.268940963115610998e-01,4.999891047705928848e-01,6.288764036776002264e+00
7.361007380133585798e+01,7.268940963115610998e-01,4.999891047705928848e-01,6.288764036776002264e+00
7.361007380133585798e+01,7.268940963115610998e-01,4.999891047705928848e-01,6.288764036776002264e+00
7.361007380133585798e+01,7.268940963115610998e-01,4.999891047705928848e-01,6.288764036776002264e+00
7.361007380133585798e+01,7.268940963115610998e-01,4.999891047705928848e-01,6.288764036776002264e+00
7.361007380133585798e+01,7.268940963115610998e-01,4.999891047705928848e-01,6.288764036776002264e+00
7.361007380133585798e+01,7.268940963115610998e-01,4.999891047705928848e-01,6.288764036776002264e+00
7.365410844009353752e+01,7.263415200442161490e-01,5.011981915876015936e-01,6.490180879230867284e+00
7.365410844009353752e+01,7.263415200442161490e-01,5.011981915876015936e-01,6.490180879230867284e+00
7.365410844009353752e+01,7.263415200442161490e-01,5.011981915876015936e-01,6.490180879230867284e+00
7.370356183527232474e+01,7.264119565464052242e-01,5.121495036112472254e-01,6.567892751280801633e+00
7.371695203618045866e+01,7.265210628513815161e-01,5.153412752604580316e-01,6.571969010293332580e+00
7.371695203618045866e+01,7.265210628513815161e-01,5.153412752604580316e-01,6.571969010293332580e+00
7.371695203618045866e+01,7.265210628513815161e-01,5.153412752604580316e-01,6.571969010293332580e+00
7.357642955803038376e+01,7.264845254938531172e-01,5.288334777869799774e-01,6.389072472238063405e+00
7.357642955803038376e+01,7.264845254938531172e-01,5.288334777869799774e-01,6.389072472238063405e+00
7.357642955803038376e+01,7.264845254938531172e-01,5.288334777869799774e-01,6.389072472238063405e+00
7.357642955803038376e+01,7.264845254938531172e-01,5.288334777869799774e-01,6.389072472238063405e+00
7.357642955803038376e+01,7.264845254938531172e-01,5.288334777869799774e-01,6.389072472238063405e+00
7.357642955803038376e+01,7.264845254938531172e-01,5.288334777869799774e-01,6.389072472238063405e+00
7.357642955803038376e+01,7.264845254938531172e-01,5.288334777869799774e-01,6.389072472238063405e+00
7.357642955803038376e+01,7.264845254938531172e-01,5.288334777869799774e-01,6.389072472238063405e+00
7.357642955803038376e+01,7.264845254938531172e-01,5.288334777869799774e-01,6.389072472238063405e+00
7.357927223472266576e+01,7.264444367531934788e-01,5.281914258766391423e-01,6.396442067706403556e+00
7.357927223472266576e+01,7.264444367531934788e-01,5.281914258766391423e-01,6.396442067706403556e+00
7.357927223472266576e+01,7.264444367531934788e-01,5.281914258766391423e-01,6.396442067706403556e+00
7.361555281544154639e+01,7.269774748370730899e-01,5.162045428981090200e-01,6.358825809589675693e+00
7.361555281544154639e+01,7.269774748370730899e-01,5.162045428981090200e-01,6.358825809589675693e+00
7.361555281544154639e+01,7.269774748370730899e-01,5.162045428981090200e-01,6.358825809589675693e+00
7.357286802621973720e+01,7.269434572466231259e-01,4.973257918329309635e-01,6.303668168104911373e+00
7.357286802621973720e+01,7.269434572466231259e-01,4.973257918329309635e-01,6.303668168104911373e+00
7.357286802621973720e+01,7.269434572466231259e-01,4.973257918329309635e-01,6.303668168104911373e+00
7.357286802621973720e+01,7.269434572466231259e-01,4.973257918329309635e-01,6.303668168104911373e+00
7.357286802621973720e+01,7.269434572466231259e-01,4.973257918329309635e-01,6.303668168104911373e+00
7.357286802621973720e+01,7.269434572466231259e-01,4.973257918329309635e-01,6.303668168104911373e+00
7.349639149930447957e+01,7.263355723858205826e-01,4.928926621337831881e-01,6.237745342040940777e+00
7.349095897239016040e+01,7.262435452038663586e-01,4.899221481277384327e-01,6.227883119012037838e+00
7.349095897239016040e+01,7.262435452038663586e-01,4.899221481277384327e-01,6.227883119012037838e+00
7.349095897239016040e+01,7.262435452038663586e-01,4.899221481277384327e-01,6.227883119012037838e+00
7.349095897239016040e+01,7.262435452038663586e-01,4.899221481277384327e-01,6.227883119012037838e+00
7.349095897239016040e+01,7.262435452038663586e-01,4.899221481277384327e-01,6.227883119012037838e+00
7.349095897239016040e+01,7.262435452038663586e-01,4.899221481277384327e-01,6.227883119012037838e+00
7.351745539265154150e+01,7.260147399295375781e-01,4.979891324872425251e-01,6.267222655182255409e+00
7.351745539265154150e+01,7.260147399295375781e-01,4.979891324872425251e-01,6.267222655182255409e+00
7.351745539265154150e+01,7.260147399295375781e-01,4.979891324872425251e-01,6.267222655182255409e+00
7.351745539265154150e+01,7.260147399295375781e-01,4.979891324872425251e-01,6.267222655182255409e+00
7.356575422246126550e+01,7.258552427800019080e-01,5.025143300190832996e-01,6.312502208595943465e+00
7.356339196523649093e+01,7.258335290124148242e-01,4.997884877515857971e-01,6.305459978222895501e+00
7.356339196523649093e+01,7.258335290124148242e-01,4.997884877515857971e-01,6.305459978222895501e+00
7.356339196523649093e+01,7.258335290124148242e-01,4.997884877515857971e-01,6.305459978222895501e+00
7.356339196523649093e+01,7.258335290124148242e-01,4.997884877515857971e-01,6.305459978222895501e+00
7.356339196523649093e+01,7.258335290124148242e-01,4.997884877515857971e-01,6.305459978222895501e+00
7.356339196523649093e+01,7.258335290124148242e-01,4.997884877515857971e-01,6.305459978222895501e+00
7.355811454763298229e+01,7.257936885835730711e-01,5.007787366583995592e-01,6.305426142667198697e+00
7.363350094834257220e+01,7.264777908919334282e-01,4.695318370416989850e-01,6.252750847197415140e+00
7.353194732980790604e+01,7.244311799026358356e-01,5.101509056958163368e-01,6.438640190539262953e+00
7.353194732980790604e+01,7.244311799026358356e-01,5.101509056958163368e-01,6.438640190539262953e+00
7.353194732980790604e+01,7.244311799026358356e-01,5.101509056958163368e-01,6.438640190539262953e+00
7.353194732980790604e+01,7.244311799026358356e-01,5.101509056958163368e-01,6.438640190539262953e+00
7.353194732980790604e+01,7.244311799026358356e-01,5.101509056958163368e-01,6.438640190539262953e+00
7.353194732980790604e+01,7.244311799026358356e-01,5.101509056958163368e-01,6.438640190539262953e+00
7.353194732980790604e+01,7.244311799026358356e-01,5.101509056958163368e-01,6.438640190539262953e+00
7.353194732980790604e+01,7.244311799026358356e-01,5.101509056958163368e-01,6.438640190539262953e+00
7.353194732980790604e+01,7.244311799026358356e-01,5.101509056958163368e-01,6.438640190539262953e+00
7.353194732980790604e+01,7.244311799026358356e-01,5.101509056958163368e-01,6.438640190539262953e+00
7.361504260012925727e+01,7.252999811197993196e-01,5.088003624832455607e-01,6.492367978396602624e+00
7.362162959932607009e+01,7.252615968196826080e-01,5.086794906895015789e-01,6.523850125056635640e+00
7.362162959932607009e+01,7.252615968196826080e-01,5.086794906895015789e-01,6.523850125056635640e+00
7.362162959932607009e+01,7.252615968196826080e-01,5.086794906895015789e-01,6.523850125056635640e+00
7.360492875664448320e+01,7.250093553212646480e-01,5.138464973724647944e-01,6.541053414954100198e+00
7.360492875664448320e+01,7.250093553212646480e-01,5.138464973724647944e-01,6.541053414954100198e+00
7.360492875664448320e+01,7.250093553212646480e-01,5.138464973724647944e-01,6.541053414954100198e+00
7.361589216123097401e+01,7.247361977970614433e-01,5.087400610794543532e-01,6.561483384744071223e+00
7.361589216123097401e+01,7.247361977970614433e-01,5.087400610794543532e-01,6.561483384744071223e+00
7.346164729576570096e+01,7.223268584187980679e-01,5.344609529751576105e-01,6.643431902277098011e+00
7.346164729576570096e+01,7.223268584187980679e-01,5.344609529751576105e-01,6.643431902277098011e+00
7.356645131306612484e+01,7.250305748179524112e-01,5.088711798998659663e-01,6.521795681951829238e+00
7.356645131306612484e+01,7.250305748179524112e-01,5.088711798998659663e-01,6.521795681951829238e+00
7.364210674035756199e+01,7.244200859859064590e-01,5.273629515013935620e-01,6.726303075464114656e+00
7.364210674035756199e+01,7.244200859859064590e-01,5.273629515013935620e-01,6.726303075464114656e+00
7.364210674035756199e+01,7.244200859859064590e-01,5.273629515013935620e-01,6.726303075464114656e+00
7.364210674035756199e+01,7.244200859859064590e-01,5.273629515013935620e-01,6.726303075464114656e+00
7.364210674035756199e+01,7.244200859859064590e-01,5.273629515013935620e-01,6.726303075464114656e+00
7.364210674035756199e+01,7.244200859859064590e-01,5.273629515013935620e-01,6.726303075464114656e+00
7.364210674035756199e+01,7.244200859859064590e-01,5.273629515013935620e-01,6.726303075464114656e+00
7.376292161855602103e+01,7.250737635603083930e-01,4.925942209546423922e-01,6.819462477518251298e+00
7.376292161855602103e+01,7.250737635603083930e-01,4.925942209546423922e-01,6.819462477518251298e+00
7.391081881964284150e+01,7.265649163707141867e-01,4.344377629146259356e-01,6.763261921253745257e+00
7.391081881964284150e+01,7.265649163707141867e-01,4.344377629146259356e-01,6.763261921253745257e+00
7.391081881964284150e+01,7.265649163707141867e-01,4.344377629146259356e-01,6.763261921253745257e+00
7.379454532028680092e+01,7.264507615344963920e-01,4.442479165480770487e-01,6.664947050872133794e+00
7.379454532028680092e+01,7.264507615344963920e-01,4.442479165480770487e-01,6.664947050872133794e+00
7.379454532028680092e+01,7.264507615344963920e-01,4.442479165480770487e-01,6.664947050872133794e+00
7.369422376271468522e+01,7.265362053142121468e-01,4.584551040299533198e-01,6.576121638890661814e+00
7.372168378611277717e+01,7.257675646415199244e-01,4.519392418629845642e-01,6.707614295569808149e+00
7.372168378611277717e+01,7.257675646415199244e-01,4.519392418629845642e-01,6.707614295569808149e+00
7.372168378611277717e+01,7.257675646415199244e-01,4.519392418629845642e-01,6.707614295569808149e+00
7.372168378611277717e+01,7.257675646415199244e-01,4.519392418629845642e-01,6.707614295569808149e+00
7.362846891293251872e+01,7.244045463356059145e-01,4.492696185641528728e-01,6.758757501459437655e+00
7.362846891293251872e+01,7.244045463356059145e-01,4.492696185641528728e-01,6.758757501459437655e+00
7.362846891293251872e+01,7.244045463356059145e-01,4.492696185641528728e-01,6.758757501459437655e+00
7.362846891293251872e+01,7.244045463356059145e-01,4.492696185641528728e-01,6.758757501459437655e+00
7.362846891293251872e+01,7.244045463356059145e-01,4.492696185641528728e-01,6.758757501459437655e+00
7.362846891293251872e+01,7.244045463356059145e-01,4.492696185641528728e-01,6.758757501459437655e+00
7.362846891293251872e+01,7.244045463356059145e-01,4.492696185641528728e-01,6.758757501459437655e+00
7.362846891293251872e+01,7.244045463356059145e-01,4.492696185641528728e-01,6.758757501459437655e+00
7.362846891293251872e+01,7.244045463356059145e-01,4.492696185641528728e-01,6.758757501459437655e+00
7.362846891293251872e+01,7.244045463356059145e-01,4.492696185641528728e-01,6.758757501459437655e+00
7.362846891293251872e+01,7.244045463356059145e-01,4.492696185641528728e-01,6.758757501459437655e+00
7.354769314767290211e+01,7.264547546235315956e-01,4.636897522815135453e-01,6.347671580118110946e+00
7.351455100029654943e+01,7.266790737120951693e-01,4.745689196377759766e-01,6.300789421616473263e+00
7.351455100029654943e+01,7.266790737120951693e-01,4.745689196377759766e-01,6.300789421616473263e+00
7.349948470587632698e+01,7.269897775863496392e-01,4.781013554742184479e-01,6.252067924983321312e+00
7.357739692678076437e+01,7.260617737644979863e-01,5.329143154862342469e-01,6.456373414288696821e+00
7.357739692678076437e+01,7.260617737644979863e-01,5.329143154862342469e-01,6.456373414288696821e+00
7.357739692678076437e+01,7.260617737644979863e-01,5.329143154862342469e-01,6.456373414288696821e+00
7.357739692678076437e+01,7.260617737644979863e-01,5.329143154862342469e-01,6.456373414288696821e+00
7.357739692678076437e+01,7.260617737644979863e-01,5.329143154862342469e-01,6.456373414288696821e+00
7.350856999711707829e+01,7.246150686813356279e-01,5.792214252188386814e-01,6.522650420107437341e+00
7.350856999711707829e+01,7.246150686813356279e-01,5.792214252188386814e-01,6.522650420107437341e+00
7.351494630536861052e+01,7.247682953935794536e-01,5.699874476112009036e-01,6.515869348288612528e+00
7.351494630536861052e+01,7.247682953935794536e-01,5.699874476112009036e-01,6.515869348288612528e+00
7.351494630536861052e+01,7.247682953935794536e-01,5.699874476112009036e-01,6.515869348288612528e+00
7.351494630536861052e+01,7.247682953935794536e-01,5.699874476112009036e-01,6.515869348288612528e+00
7.351494630536861052e+01,7.247682953935794536e-01,5.699874476112009036e-01,6.515869348288612528e+00
7.472978793512226048e+01,7.230184984444764096e-01,1.741546211062451610e-01,1.509037517401911543e+01
7.376045542582585313e+01,7.157084443358013859e-01,1.796249888778797543e-01,1.249217785529214453e+01
7.376045542582585313e+01,7.157084443358013859e-01,1.796249888778797543e-01,1.249217785529214453e+01
7.376045542582585313e+01,7.157084443358013859e-01,1.796249888778797543e-01,1.249217785529214453e+01
7.384765324707892375e+01,7.178541811073122503e-01,1.759671337994847540e-01,1.236126769286872040e+01
7.398053811978681438e+01,7.198296182938407339e-01,1.813966397381542306e-01,1.201654579275731116e+01
7.398053811978681438e+01,7.198296182938407339e-01,1.813966397381542306e-01,1.201654579275731116e+01
7.398053811978681438e+01,7.198296182938407339e-01,1.813966397381542306e-01,1.201654579275731116e+01
7.398053811978681438e+01,7.198296182938407339e-01,1.813966397381542306e-01,1.201654579275731116e+01
7.398053811978681438e+01,7.198296182938407339e-01,1.813966397381542306e-01,1.201654579275731116e+01
7.398053811978681438e+01,7.198296182938407339e-01,1.813966397381542306e-01,1.201654579275731116e+01
7.423483308803585601e+01,7.290893358729668705e-01,1.565108591104193425e-01,1.164967135119759334e+01
7.423483308803585601e+01,7.290893358729668705e-01,1.565108591104193425e-01,1.164967135119759334e+01
7.423483308803585601e+01,7.290893358729668705e-01,1.565108591104193425e-01,1.164967135119759334e+01
7.428238127959157566e+01,7.294793574240330258e-01,1.513758757472250804e-01,1.210893213359066145e+01
7.428238127959157566e+01,7.294793574240330258e-01,1.513758757472250804e-01,1.210893213359066145e+01
7.433245161360173370e+01,7.295350263123635548e-01,1.536973473522444400e-01,1.209145203914526689e+01
7.431649404641873957e+01,7.317522444261110870e-01,1.410679165769075372e-01,1.268740027026105466e+01
7.430281434470843749e+01,7.315815749540982571e-01,1.406151486549774565e-01,1.274982245546009274e+01
7.430760493797119182e+01,7.315401912440154808e-01,1.409948649846844704e-01,1.274835208837347089e+01
7.435437241701995958e+01,7.321336254671356736e-01,1.387429257910771097e-01,1.297605580608642661e+01
7.435437241701995958e+01,7.321336254671356736e-01,1.387429257910771097e-01,1.297605580608642661e+01
7.433704030226145676e+01,7.325639941013186718e-01,1.411179953305537471e-01,1.237532051125088728e+01
7.435136308508019454e+01,7.322083493017494948e-01,1.391553032028299552e-01,1.287175163228634389e+01
7.435136308508019454e+01,7.322083493017494948e-01,1.391553032028299552e-01,1.287175163228634389e+01
7.435136308508019454e+01,7.322083493017494948e-01,1.391553032028299552e-01,1.287175163228634389e+01
7.433416764387176556e+01,7.321560624681066054e-01,1.385657409067969359e-01,1.286735135881954584e+01
7.433416764387176556e+01,7.321560624681066054e-01,1.385657409067969359e-01,1.286735135881954584e+01
7.433416764387176556e+01,7.321560624681066054e-01,1.385657409067969359e-01,1.286735135881954584e+01
7.433416764387176556e+01,7.321560624681066054e-01,1.385657409067969359e-01,1.286735135881954584e+01
7.433416764387176556e+01,7.321560624681066054e-01,1.385657409067969359e-01,1.286735135881954584e+01
7.434449521411075068e+01,7.323042552146845630e-01,1.386142527872806229e-01,1.284592460738269537e+01
7.434449521411075068e+01,7.323042552146845630e-01,1.386142527872806229e-01,1.284592460738269537e+01
7.468688033964033934e+01,7.380093599768869916e-01,1.253218369486303330e-01,1.432815568927499683e+01
7.464717341861953059e+01,7.369650843425734621e-01,1.261968239984868068e-01,1.420651099890554470e+01
7.464717341861953059e+01,7.369650843425734621e-01,1.261968239984868068e-01,1.420651099890554470e+01
7.465269565939894392e+01,7.370128542445922859e-01,1.251454386701310872e-01,1.432720938558594170e+01
7.465269565939894392e+01,7.370128542445922859e-01,1.251454386701310872e-01,1.432720938558594170e+01
7.454252923747881709e+01,7.368089698845881053e-01,1.221041986282467434e-01,1.417194124703317293e+01
7.443284477264501220e+01,7.350063069640896396e-01,1.188367302124801045e-01,1.518824035140004369e+01
7.446393682849392803e+01,7.354241091274367204e-01,1.241459074635990478e-01,1.449974217244512253e+01
7.446393682849392803e+01,7.354241091274367204e-01,1.241459074635990478e-01,1.449974217244512253e+01
7.446393682849392803e+01,7.354241091274367204e-01,1.241459074635990478e-01,1.449974217244512253e+01
7.446393682849392803e+01,7.354241091274367204e-01,1.241459074635990478e-01,1.449974217244512253e+01
7.446393682849392803e+01,7.354241091274367204e-01,1.241459074635990478e-01,1.449974217244512253e+01
7.446393682849392803e+01,7.354241091274367204e-01,1.241459074635990478e-01,1.449974217244512253e+01
7.446393682849392803e+01,7.354241091274367204e-01,1.241459074635990478e-01,1.449974217244512253e+01
7.446393682849392803e+01,7.354241091274367204e-01,1.241459074635990478e-01,1.449974217244512253e+01
7.434635751039446916e+01,7.346712327219695471e-01,1.240006448629232677e-01,1.394959820388165639e+01
7.434635751039446916e+01,7.346712327219695471e-01,1.240006448629232677e-01,1.394959820388165639e+01
7.434112296261027097e+01,7.346038649003466814e-01,1.235171006902427704e-01,1.401823274687544441e+01
7.434112296261027097e+01,7.346038649003466814e-01,1.235171006902427704e-01,1.401823274687544441e+01
7.431627012579600944e+01,7.341341293010409386e-01,1.115197053379352182e-01,1.612701889020124923e+01
7.431627012579600944e+01,7.341341293010409386e-01,1.115197053379352182e-01,1.612701889020124923e+01
7.431627012579600944e+01,7.341341293010409386e-01,1.115197053379352182e-01,1.612701889020124923e+01
7.428534396834726294e+01,7.353523553510282751e-01,1.101941749042110452e-01,1.517253682418763105e+01
7.428534396834726294e+01,7.353523553510282751e-01,1.101941749042110452e-01,1.517253682418763105e+01
7.428534396834726294e+01,7.353523553510282751e-01,1.101941749042110452e-01,1.517253682418763105e+01
7.410389750521358110e+01,7.351811260811116355e-01,1.019027555160427895e-01,1.584193456056511451e+01
7.410389750521358110e+01,7.351811260811116355e-01,1.019027555160427895e-01,1.584193456056511451e+01
7.423283291362020009e+01,7.362195566920727297e-01,1.070364157279869027e-01,1.508399834344842816e+01
7.423283291362020009e+01,7.362195566920727297e-01,1.070364157279869027e-01,1.508399834344842816e+01
7.423283291362020009e+01,7.362195566920727297e-01,1.070364157279869027e-01,1.508399834344842816e+01
7.423283291362020009e+01,7.362195566920727297e-01,1.070364157279869027e-01,1.508399834344842816e+01
7.423283291362020009e+01,7.362195566920727297e-01,1.070364157279869027e-01,1.508399834344842816e+01
7.417691272897033627e+01,7.371015564508581752e-01,9.886747346149590832e-02,1.563794082637217286e+01
7.417691272897033627e+01,7.371015564508581752e-01,9.886747346149590832e-02,1.563794082637217286e+01
7.417691272897033627e+01,7.371015564508581752e-01,9.886747346149590832e-02,1.563794082637217286e+01
7.417691272897033627e+01,7.371015564508581752e-01,9.886747346149590832e-02,1.563794082637217286e+01
7.417691272897033627e+01,7.371015564508581752e-01,9.886747346149590832e-02,1.563794082637217286e+01
7.417691272897033627e+01,7.371015564508581752e-01,9.886747346149590832e-02,1.563794082637217286e+01
7.417691272897033627e+01,7.371015564508581752e-01,9.886747346149590832e-02,1.563794082637217286e+01
7.417691272897033627e+01,7.371015564508581752e-01,9.886747346149590832e-02,1.563794082637217286e+01
7.417691272897033627e+01,7.371015564508581752e-01,9.886747346149590832e-02,1.563794082637217286e+01
7.417691272897033627e+01,7.371015564508581752e-01,9.886747346149590832e-02,1.563794082637217286e+01
7.417684819821896269e+01,7.370615087255406594e-01,9.966297939312079857e-02,1.556465546180143633e+01
7.420247099211583475e+01,7.371058651059875233e-01,1.007927981444913246e-01,1.546241336181762627e+01
7.420247099211583475e+01,7.371058651059875233e-01,1.007927981444913246e-01,1.546241336181762627e+01
7.421224196222354408e+01,7.371301168727023567e-01,1.032045647258113263e-01,1.517387593481006292e+01
7.421224196222354408e+01,7.371301168727023567e-01,1.032045647258113263e-01,1.517387593481006292e+01
7.407100818279475618e+01,7.374770595327739819e-01,8.986291368376769784e-02,1.728388655972501908e+01
7.407100818279475618e+01,7.374770595327739819e-01,8.986291368376769784e-02,1.728388655972501908e+01
7.407100818279475618e+01,7.374770595327739819e-01,8.986291368376769784e-02,1.728388655972501908e+01
7.407100818279475618e+01,7.374770595327739819e-01,8.986291368376769784e-02,1.728388655972501908e+01
7.408644739112172317e+01,7.375359905926374138e-01,9.088565011753510503e-02,1.711958042671034974e+01
7.408644739112172317e+01,7.375359905926374138e-01,9.088565011753510503e-02,1.711958042671034974e+01
7.409329696712526925e+01,7.373901926481417624e-01,9.190097808928004985e-02,1.695011163149570876e+01
7.409329696712526925e+01,7.373901926481417624e-01,9.190097808928004985e-02,1.695011163149570876e+01
7.409329696712526925e+01,7.373901926481417624e-01,9.190097808928004985e-02,1.695011163149570876e+01
7.409329696712526925e+01,7.373901926481417624e-01,9.190097808928004985e-02,1.695011163149570876e+01
7.409329696712526925e+01,7.373901926481417624e-01,9.190097808928004985e-02,1.695011163149570876e+01
7.417726751126299689e+01,7.368687181223930738e-01,1.018333325101598852e-01,1.529304337848163797e+01
7.417726751126299689e+01,7.368687181223930738e-01,1.018333325101598852e-01,1.529304337848163797e+01
7.389119424374133871e+01,7.363696838119568877e-01,8.698803228005810850e-02,1.654779508642128150e+01
7.389331819073400709e+01,7.363739108300193514e-01,8.711054034980242333e-02,1.653581187101316985e+01
7.389331819073400709e+01,7.363739108300193514e-01,8.711054034980242333e-02,1.653581187101316985e+01
7.393702803658462130e+01,7.364935611690696105e-01,8.880313652434805582e-02,1.636077579702701001e+01
7.393702803658462130e+01,7.364935611690696105e-01,8.880313652434805582e-02,1.636077579702701001e+01
7.393702803658462130e+01,7.364935611690696105e-01,8.880313652434805582e-02,1.636077579702701001e+01
7.393066436159732291e+01,7.365011817919652204e-01,8.838481792291688621e-02,1.641007025410203113e+01
7.393066436159732291e+01,7.365011817919652204e-01,8.838481792291688621e-02,1.641007025410203113e+01
7.393066436159732291e+01,7.365011817919652204e-01,8.838481792291688621e-02,1.641007025410203113e+01
7.393066436159732291e+01,7.365011817919652204e-01,8.838481792291688621e-02,1.641007025410203113e+01
7.393066436159732291e+01,7.365011817919652204e-01,8.838481792291688621e-02,1.641007025410203113e+01
7.393066436159732291e+01,7.365011817919652204e-01,8.838481792291688621e-02,1.641007025410203113e+01
7.393066436159732291e+01,7.365011817919652204e-01,8.838481792291688621e-02,1.641007025410203113e+01
7.393066436159732291e+01,7.365011817919652204e-01,8.838481792291688621e-02,1.641007025410203113e+01
7.393066436159732291e+01,7.365011817919652204e-01,8.838481792291688621e-02,1.641007025410203113e+01
7.393066436159732291e+01,7.365011817919652204e-01,8.838481792291688621e-02,1.641007025410203113e+01
7.393066436159732291e+01,7.365011817919652204e-01,8.838481792291688621e-02,1.641007025410203113e+01
7.393066436159732291e+01,7.365011817919652204e-01,8.838481792291688621e-02,1.641007025410203113e+01
7.410763785599969822e+01,7.378478564369062020e-01,9.175239571918653025e-02,1.620822816327452287e+01
7.410763785599969822e+01,7.378478564369062020e-01,9.175239571918653025e-02,1.620822816327452287e+01
7.409273248592022298e+01,7.379498906351663612e-01,8.864805260590481739e-02,1.656602542475696183e+01
7.410353634312858162e+01,7.378963789990223843e-01,8.994984120869384259e-02,1.639085092897246199e+01
7.410353634312858162e+01,7.378963789990223843e-01,8.994984120869384259e-02,1.639085092897246199e+01
7.410353634312858162e+01,7.378963789990223843e-01,8.994984120869384259e-02,1.639085092897246199e+01
7.408243434620338519e+01,7.375252774449081450e-01,9.313395464529966583e-02,1.574196595092090512e+01
7.408243434620338519e+01,7.375252774449081450e-01,9.313395464529966583e-02,1.574196595092090512e+01
7.407705828660093061e+01,7.375388230674807533e-01,9.264366756812329740e-02,1.580185129249031561e+01
7.407705828660093061e+01,7.375388230674807533e-01,9.264366756812329740e-02,1.580185129249031561e+01
7.407705828660093061e+01,7.375388230674807533e-01,9.264366756812329740e-02,1.580185129249031561e+01
7.407705828660093061e+01,7.375388230674807533e-01,9.264366756812329740e-02,1.580185129249031561e+01
7.407705828660093061e+01,7.375388230674807533e-01,9.264366756812329740e-02,1.580185129249031561e+01
7.407705828660093061e+01,7.375388230674807533e-01,9.264366756812329740e-02,1.580185129249031561e+01
7.407705828660093061e+01,7.375388230674807533e-01,9.264366756812329740e-02,1.580185129249031561e+01
7.407705828660093061e+01,7.375388230674807533e-01,9.264366756812329740e-02,1.580185129249031561e+01
7.407705828660093061e+01,7.375388230674807533e-01,9.264366756812329740e-02,1.580185129249031561e+01
7.407705828660093061e+01,7.375388230674807533e-01,9.264366756812329740e-02,1.580185129249031561e+01
7.407705828660093061e+01,7.375388230674807533e-01,9.264366756812329740e-02,1.580185129249031561e+01
7.407705828660093061e+01,7.375388230674807533e-01,9.264366756812329740e-02,1.580185129249031561e+01
7.407705828660093061e+01,7.375388230674807533e-01,9.264366756812329740e-02,1.580185129249031561e+01
7.407705828660093061e+01,7.375388230674807533e-01,9.264366756812329740e-02,1.580185129249031561e+01
7.407705828660093061e+01,7.375388230674807533e-01,9.264366756812329740e-02,1.580185129249031561e+01
7.423237258622665991e+01,7.373162793892057421e-01,1.095747750571641893e-01,1.401583192706680236e+01
7.423237258622665991e+01,7.373162793892057421e-01,1.095747750571641893e-01,1.401583192706680236e+01
7.433201509994393064e+01,7.376988228323336783e-01,1.110006219579056375e-01,1.459108312576249133e+01
7.433201509994393064e+01,7.376988228323336783e-01,1.110006219579056375e-01,1.459108312576249133e+01
7.430485833026203579e+01,7.378388704406106946e-01,1.088220257895363141e-01,1.479056373038773309e+01
7.430485833026203579e+01,7.378388704406106946e-01,1.088220257895363141e-01,1.479056373038773309e+01
7.430485833026203579e+01,7.378388704406106946e-01,1.088220257895363141e-01,1.479056373038773309e+01
7.430485833026203579e+01,7.378388704406106946e-01,1.088220257895363141e-01,1.479056373038773309e+01
7.430485833026203579e+01,7.378388704406106946e-01,1.088220257895363141e-01,1.479056373038773309e+01
7.422083864182715729e+01,7.377173169318779200e-01,9.861760151828459497e-02,1.579865683549586031e+01
7.422083864182715729e+01,7.377173169318779200e-01,9.861760151828459497e-02,1.579865683549586031e+01
7.422083864182715729e+01,7.377173169318779200e-01,9.861760151828459497e-02,1.579865683549586031e+01
7.422083864182715729e+01,7.377173169318779200e-01,9.861760151828459497e-02,1.579865683549586031e+01
7.425190396770450718e+01,7.378806047003344526e-01,9.846172488695817404e-02,1.603705919540352198e+01
7.429800155133746387e+01,7.380438346046840348e-01,9.244716127862032118e-02,1.757710943036020979e+01
7.429800155133746387e+01,7.380438346046840348e-01,9.244716127862032118e-02,1.757710943036020979e+01
7.429800155133746387e+01,7.380438346046840348e-01,9.244716127862032118e-02,1.757710943036020979e+01
7.429800155133746387e+01,7.380438346046840348e-01,9.244716127862032118e-02,1.757710943036020979e+01
7.438697157972887908e+01,7.378234163331186535e-01,1.028542479289777101e-01,1.633200520012525203e+01
7.438697157972887908e+01,7.378234163331186535e-01,1.028542479289777101e-01,1.633200520012525203e+01
7.438697157972887908e+01,7.378234163331186535e-01,1.028542479289777101e-01,1.633200520012525203e+01
7.438697157972887908e+01,7.378234163331186535e-01,1.028542479289777101e-01,1.633200520012525203e+01
7.438697157972887908e+01,7.378234163331186535e-01,1.028542479289777101e-01,1.633200520012525203e+01
7.438697157972887908e+01,7.378234163331186535e-01,1.028542479289777101e-01,1.633200520012525203e+01
7.438697157972887908e+01,7.378234163331186535e-01,1.028542479289777101e-01,1.633200520012525203e+01
7.438697157972887908e+01,7.378234163331186535e-01,1.028542479289777101e-01,1.633200520012525203e+01
7.438697157972887908e+01,7.378234163331186535e-01,1.028542479289777101e-01,1.633200520012525203e+01
7.438697157972887908e+01,7.378234163331186535e-01,1.028542479289777101e-01,1.633200520012525203e+01
7.438697157972887908e+01,7.378234163331186535e-01,1.028542479289777101e-01,1.633200520012525203e+01
7.438697157972887908e+01,7.378234163331186535e-01,1.028542479289777101e-01,1.633200520012525203e+01
7.441229566886150337e+01,7.378628036604403251e-01,1.024739707788664134e-01,1.672626332915411496e+01
7.450224411831850091e+01,7.383708965168435112e-01,1.070543771245370257e-01,1.602441195617804226e+01
7.446136208604883677e+01,7.388061329561136370e-01,9.996862684739912797e-02,1.740720559698916858e+01
7.446136208604883677e+01,7.388061329561136370e-01,9.996862684739912797e-02,1.740720559698916858e+01
7.446136208604883677e+01,7.388061329561136370e-01,9.996862684739912797e-02,1.740720559698916858e+01
7.446136208604883677e+01,7.388061329561136370e-01,9.996862684739912797e-02,1.740720559698916858e+01
7.446136208604883677e+01,7.388061329561136370e-01,9.996862684739912797e-02,1.740720559698916858e+01
7.446136208604883677e+01,7.388061329561136370e-01,9.996862684739912797e-02,1.740720559698916858e+01
7.446136208604883677e+01,7.388061329561136370e-01,9.996862684739912797e-02,1.740720559698916858e+01
7.446136208604883677e+01,7.388061329561136370e-01,9.996862684739912797e-02,1.740720559698916858e+01
7.446136208604883677e+01,7.388061329561136370e-01,9.996862684739912797e-02,1.740720559698916858e+01
7.381474724949795529e+01,7.267605437625885845e-01,4.306378736487104231e-01,6.695249906257867423e+00
7.381474724949795529e+01,7.267605437625885845e-01,4.306378736487104231e-01,6.695249906257867423e+00
7.381474724949795529e+01,7.267605437625885845e-01,4.306378736487104231e-01,6.695249906257867423e+00
7.381474724949795529e+01,7.267605437625885845e-01,4.306378736487104231e-01,6.695249906257867423e+00
7.381474724949795529e+01,7.267605437625885845e-01,4.306378736487104231e-01,6.695249906257867423e+00
7.381474724949795529e+01,7.267605437625885845e-01,4.306378736487104231e-01,6.695249906257867423e+00
7.381474724949795529e+01,7.267605437625885845e-01,4.306378736487104231e-01,6.695249906257867423e+00
7.381474724949795529e+01,7.267605437625885845e-01,4.306378736487104231e-01,6.695249906257867423e+00
7.381474724949795529e+01,7.267605437625885845e-01,4.306378736487104231e-01,6.695249906257867423e+00
7.380641005203730742e+01,7.267190736386165417e-01,4.314974346107159908e-01,6.677286497504240081e+00
7.380641005203730742e+01,7.267190736386165417e-01,4.314974346107159908e-01,6.677286497504240081e+00
7.379689859596153667e+01,7.257825306952438993e-01,4.935295487485737986e-01,6.873685543547556343e+00
7.360094507772463146e+01,7.254049347699538242e-01,5.749635727617828929e-01,6.613145155450093071e+00
7.360094507772463146e+01,7.254049347699538242e-01,5.749635727617828929e-01,6.613145155450093071e+00
7.360094507772463146e+01,7.254049347699538242e-01,5.749635727617828929e-01,6.613145155450093071e+00
7.360094507772463146e+01,7.254049347699538242e-01,5.749635727617828929e-01,6.613145155450093071e+00
7.361191922213242833e+01,7.255474711446651126e-01,5.684614668646867930e-01,6.637835251594300878e+00
7.361191922213242833e+01,7.255474711446651126e-01,5.684614668646867930e-01,6.637835251594300878e+00
7.361191922213242833e+01,7.255474711446651126e-01,5.684614668646867930e-01,6.637835251594300878e+00
7.361191922213242833e+01,7.255474711446651126e-01,5.684614668646867930e-01,6.637835251594300878e+00
7.361191922213242833e+01,7.255474711446651126e-01,5.684614668646867930e-01,6.637835251594300878e+00
7.361191922213242833e+01,7.255474711446651126e-01,5.684614668646867930e-01,6.637835251594300878e+00
7.361191922213242833e+01,7.255474711446651126e-01,5.684614668646867930e-01,6.637835251594300878e+00
7.361191922213242833e+01,7.255474711446651126e-01,5.684614668646867930e-01,6.637835251594300878e+00
7.360638074871295089e+01,7.254636738514969041e-01,5.567796747849923511e-01,6.628526268946446365e+00
7.360638074871295089e+01,7.254636738514969041e-01,5.567796747849923511e-01,6.628526268946446365e+00
7.360638074871295089e+01,7.254636738514969041e-01,5.567796747849923511e-01,6.628526268946446365e+00
7.360638074871295089e+01,7.254636738514969041e-01,5.567796747849923511e-01,6.628526268946446365e+00
7.360638074871295089e+01,7.254636738514969041e-01,5.567796747849923511e-01,6.628526268946446365e+00
7.360638074871295089e+01,7.254636738514969041e-01,5.567796747849923511e-01,6.628526268946446365e+00
7.354250709359079963e+01,7.249639157486540419e-01,5.755563199272731856e-01,6.494637349675841165e+00
7.354250709359079963e+01,7.249639157486540419e-01,5.755563199272731856e-01,6.494637349675841165e+00
7.337046303276906656e+01,7.241842252763897037e-01,6.324858272772937440e-01,6.351691065427465865e+00
7.337046303276906656e+01,7.241842252763897037e-01,6.324858272772937440e-01,6.351691065427465865e+00
7.337046303276906656e+01,7.241842252763897037e-01,6.324858272772937440e-01,6.351691065427465865e+00
7.337046303276906656e+01,7.241842252763897037e-01,6.324858272772937440e-01,6.351691065427465865e+00
7.337046303276906656e+01,7.241842252763897037e-01,6.324858272772937440e-01,6.351691065427465865e+00
7.337046303276906656e+01,7.241842252763897037e-01,6.324858272772937440e-01,6.351691065427465865e+00
7.334124373390262974e+01,7.241487170426375020e-01,6.067396149311055087e-01,6.294287292763129038e+00
7.334124373390262974e+01,7.241487170426375020e-01,6.067396149311055087e-01,6.294287292763129038e+00
7.334124373390262974e+01,7.241487170426375020e-01,6.067396149311055087e-01,6.294287292763129038e+00
7.334124373390262974e+01,7.241487170426375020e-01,6.067396149311055087e-01,6.294287292763129038e+00
7.315255043543986346e+01,7.230059737102028095e-01,5.852993643714022864e-01,6.121678469894644259e+00
7.314181543065180335e+01,7.230216711875639968e-01,5.876389926039691236e-01,6.104304513025894607e+00
7.314181543065180335e+01,7.230216711875639968e-01,5.876389926039691236e-01,6.104304513025894607e+00
7.314181543065180335e+01,7.230216711875639968e-01,5.876389926039691236e-01,6.104304513025894607e+00
7.314181543065180335e+01,7.230216711875639968e-01,5.876389926039691236e-01,6.104304513025894607e+00
7.321806283684198036e+01,7.236522255777377843e-01,5.733667937100302980e-01,6.134340410115089348e+00
7.321806283684198036e+01,7.236522255777377843e-01,5.733667937100302980e-01,6.134340410115089348e+00
7.321806283684198036e+01,7.236522255777377843e-01,5.733667937100302980e-01,6.134340410115089348e+00
7.321806283684198036e+01,7.236522255777377843e-01,5.733667937100302980e-01,6.134340410115089348e+00
7.321806283684198036e+01,7.236522255777377843e-01,5.733667937100302980e-01,6.134340410115089348e+00
7.321806283684198036e+01,7.236522255777377843e-01,5.733667937100302980e-01,6.134340410115089348e+00
7.316005477427509618e+01,7.232600451211700365e-01,5.786335334844167066e-01,6.087365587416375234e+00
7.316005477427509618e+01,7.232600451211700365e-01,5.786335334844167066e-01,6.087365587416375234e+00
7.316005477427509618e+01,7.232600451211700365e-01,5.786335334844167066e-01,6.087365587416375234e+00
7.308080927591356613e+01,7.231161641617918079e-01,5.865775514195293860e-01,5.961617182872586795e+00
7.308080927591356613e+01,7.231161641617918079e-01,5.865775514195293860e-01,5.961617182872586795e+00
7.308080927591356613e+01,7.231161641617918079e-01,5.865775514195293860e-01,5.961617182872586795e+00
7.308080927591356613e+01,7.231161641617918079e-01,5.865775514195293860e-01,5.961617182872586795e+00
7.308080927591356613e+01,7.231161641617918079e-01,5.865775514195293860e-01,5.961617182872586795e+00
7.308080927591356613e+01,7.231161641617918079e-01,5.865775514195293860e-01,5.961617182872586795e+00
7.308080927591356613e+01,7.231161641617918079e-01,5.865775514195293860e-01,5.961617182872586795e+00
7.308080927591356613e+01,7.231161641617918079e-01,5.865775514195293860e-01,5.961617182872586795e+00
7.320122760004110773e+01,7.235396983373605373e-01,5.737858360765333288e-01,6.091999031228891859e+00
7.320122760004110773e+01,7.235396983373605373e-01,5.737858360765333288e-01,6.091999031228891859e+00
7.320122760004110773e+01,7.235396983373605373e-01,5.737858360765333288e-01,6.091999031228891859e+00
7.320122760004110773e+01,7.235396983373605373e-01,5.737858360765333288e-01,6.091999031228891859e+00
7.320122760004110773e+01,7.235396983373605373e-01,5.737858360765333288e-01,6.091999031228891859e+00
7.320122760004110773e+01,7.235396983373605373e-01,5.737858360765333288e-01,6.091999031228891859e+00
7.331470723563943181e+01,7.249068860698713035e-01,5.348738344678876100e-01,6.331336026693657359e+00
7.331470723563943181e+01,7.249068860698713035e-01,5.348738344678876100e-01,6.331336026693657359e+00
7.331180493991941205e+01,7.249063463248804906e-01,5.338909639967861498e-01,6.328319693968984971e+00
7.333763427589353512e+01,7.249226445034058219e-01,5.323598638596170884e-01,6.355070149423432291e+00
7.333763427589353512e+01,7.249226445034058219e-01,5.323598638596170884e-01,6.355070149423432291e+00
7.333763427589353512e+01,7.249226445034058219e-01,5.323598638596170884e-01,6.355070149423432291e+00
7.333763427589353512e+01,7.249226445034058219e-01,5.323598638596170884e-01,6.355070149423432291e+00
7.333763427589353512e+01,7.249226445034058219e-01,5.323598638596170884e-01,6.355070149423432291e+00
7.335273914827246244e+01,7.258947825236833351e-01,5.072782448216690554e-01,6.258336876182470476e+00
7.335273914827246244e+01,7.258947825236833351e-01,5.072782448216690554e-01,6.258336876182470476e+00
7.335273914827246244e+01,7.258947825236833351e-01,5.072782448216690554e-01,6.258336876182470476e+00
7.316135704855457789e+01,7.260052623883008760e-01,4.596692179130206224e-01,5.945423006991441994e+00
7.331520454967643730e+01,7.267994985419253817e-01,4.706021107159650829e-01,6.039241425871726854e+00
7.331520454967643730e+01,7.267994985419253817e-01,4.706021107159650829e-01,6.039241425871726854e+00
7.331520454967643730e+01,7.267994985419253817e-01,4.706021107159650829e-01,6.039241425871726854e+00
7.331520454967643730e+01,7.267994985419253817e-01,4.706021107159650829e-01,6.039241425871726854e+00
7.336352306412105406e+01,7.251689580343934072e-01,5.094789851609782261e-01,6.328145361248976641e+00
7.336352306412105406e+01,7.251689580343934072e-01,5.094789851609782261e-01,6.328145361248976641e+00
7.327625671140870622e+01,7.244330955586980592e-01,5.228712374834295629e-01,6.396803562172246771e+00
7.327625671140870622e+01,7.244330955586980592e-01,5.228712374834295629e-01,6.396803562172246771e+00
7.327625671140870622e+01,7.244330955586980592e-01,5.228712374834295629e-01,6.396803562172246771e+00
7.327625671140870622e+01,7.244330955586980592e-01,5.228712374834295629e-01,6.396803562172246771e+00
7.327625671140870622e+01,7.244330955586980592e-01,5.228712374834295629e-01,6.396803562172246771e+00
7.327625671140870622e+01,7.244330955586980592e-01,5.228712374834295629e-01,6.396803562172246771e+00
7.327625671140870622e+01,7.244330955586980592e-01,5.228712374834295629e-01,6.396803562172246771e+00
7.327625671140870622e+01,7.244330955586980592e-01,5.228712374834295629e-01,6.396803562172246771e+00
7.327625671140870622e+01,7.244330955586980592e-01,5.228712374834295629e-01,6.396803562172246771e+00
7.327625671140870622e+01,7.244330955586980592e-01,5.228712374834295629e-01,6.396803562172246771e+00
7.328997322734156228e+01,7.242115510764132180e-01,5.228486360000650368e-01,6.429031531001601074e+00
7.328997322734156228e+01,7.242115510764132180e-01,5.228486360000650368e-01,6.429031531001601074e+00
7.328997322734156228e+01,7.242115510764132180e-01,5.228486360000650368e-01,6.429031531001601074e+00
7.337153806152761604e+01,7.249708834457829765e-01,5.130949809642662007e-01,6.384722286161689908e+00
7.337153806152761604e+01,7.249708834457829765e-01,5.130949809642662007e-01,6.384722286161689908e+00
7.337153806152761604e+01,7.249708834457829765e-01,5.130949809642662007e-01,6.384722286161689908e+00
7.337153806152761604e+01,7.249708834457829765e-01,5.130949809642662007e-01,6.384722286161689908e+00
7.337153806152761604e+01,7.249708834457829765e-01,5.130949809642662007e-01,6.384722286161689908e+00
7.329998906042958140e+01,7.252220738830829072e-01,4.977975102589091150e-01,6.272789911969641530e+00
7.329998906042958140e+01,7.252220738830829072e-01,4.977975102589091150e-01,6.272789911969641530e+00
7.329998906042958140e+01,7.252220738830829072e-01,4.977975102589091150e-01,6.272789911969641530e+00
7.329998906042958140e+01,7.252220738830829072e-01,4.977975102589091150e-01,6.272789911969641530e+00
7.329998906042958140e+01,7.252220738830829072e-01,4.977975102589091150e-01,6.272789911969641530e+00
7.329998906042958140e+01,7.252220738830829072e-01,4.977975102589091150e-01,6.272789911969641530e+00
7.329998906042958140e+01,7.252220738830829072e-01,4.977975102589091150e-01,6.272789911969641530e+00
7.330648638296915465e+01,7.252422070238135898e-01,4.981108374178470632e-01,6.276760773260124715e+00
7.330648638296915465e+01,7.252422070238135898e-01,4.981108374178470632e-01,6.276760773260124715e+00
7.330648638296915465e+01,7.252422070238135898e-01,4.981108374178470632e-01,6.276760773260124715e+00
7.338464849925581746e+01,7.258178673715691698e-01,4.964996583571554822e-01,6.279097275825108682e+00
7.348944880986846329e+01,7.260769858282326572e-01,4.993829052573294791e-01,6.365240010651602276e+00
7.348944880986846329e+01,7.260769858282326572e-01,4.993829052573294791e-01,6.365240010651602276e+00
7.348944880986846329e+01,7.260769858282326572e-01,4.993829052573294791e-01,6.365240010651602276e+00
7.335612218957980701e+01,7.257473361556373570e-01,4.957148477638859685e-01,6.255649498660774910e+00
7.335612218957980701e+01,7.257473361556373570e-01,4.957148477638859685e-01,6.255649498660774910e+00
7.335612218957980701e+01,7.257473361556373570e-01,4.957148477638859685e-01,6.255649498660774910e+00
7.335612218957980701e+01,7.257473361556373570e-01,4.957148477638859685e-01,6.255649498660774910e+00
7.337032845142248050e+01,7.257830915260894411e-01,4.956169380626853638e-01,6.265713119630817118e+00
7.337032845142248050e+01,7.257830915260894411e-01,4.956169380626853638e-01,6.265713119630817118e+00
7.338588181773044994e+01,7.259032583069564559e-01,4.813244872607798097e-01,6.228041780387705728e+00
7.338588181773044994e+01,7.259032583069564559e-01,4.813244872607798097e-01,6.228041780387705728e+00
7.338588181773044994e+01,7.259032583069564559e-01,4.813244872607798097e-01,6.228041780387705728e+00
7.338995085086840220e+01,7.258399360785359189e-01,4.912675989716656644e-01,6.332694790392172202e+00
7.338995085086840220e+01,7.258399360785359189e-01,4.912675989716656644e-01,6.332694790392172202e+00
7.338995085086840220e+01,7.258399360785359189e-01,4.912675989716656644e-01,6.332694790392172202e+00
7.338995085086840220e+01,7.258399360785359189e-01,4.912675989716656644e-01,6.332694790392172202e+00
7.340742695806481777e+01,7.259567431713592756e-01,4.889491857583974643e-01,6.338256821052700829e+00
7.340742695806481777e+01,7.259567431713592756e-01,4.889491857583974643e-01,6.338256821052700829e+00
7.340742695806481777e+01,7.259567431713592756e-01,4.889491857583974643e-01,6.338256821052700829e+00
7.338789767150662158e+01,7.257881555735329338e-01,4.874408161667379558e-01,6.340421443808300417e+00
7.333408289820263803e+01,7.259986893712899736e-01,4.830977587571325671e-01,6.275603790425591022e+00
7.333408289820263803e+01,7.259986893712899736e-01,4.830977587571325671e-01,6.275603790425591022e+00
7.333408289820263803e+01,7.259986893712899736e-01,4.830977587571325671e-01,6.275603790425591022e+00
7.349244654914463126e+01,7.267080587842456030e-01,4.870300860391733044e-01,6.397466676212790304e+00
7.349244654914463126e+01,7.267080587842456030e-01,4.870300860391733044e-01,6.397466676212790304e+00
7.349244654914463126e+01,7.267080587842456030e-01,4.870300860391733044e-01,6.397466676212790304e+00
7.349244654914463126e+01,7.267080587842456030e-01,4.870300860391733044e-01,6.397466676212790304e+00
7.349244654914463126e+01,7.267080587842456030e-01,4.870300860391733044e-01,6.397466676212790304e+00
7.349244654914463126e+01,7.267080587842456030e-01,4.870300860391733044e-01,6.397466676212790304e+00
7.349244654914463126e+01,7.267080587842456030e-01,4.870300860391733044e-01,6.397466676212790304e+00
7.349244654914463126e+01,7.267080587842456030e-01,4.870300860391733044e-01,6.397466676212790304e+00
7.349244654914463126e+01,7.267080587842456030e-01,4.870300860391733044e-01,6.397466676212790304e+00
7.347508371065487154e+01,7.270020950992390762e-01,4.918500941599640019e-01,6.351349007971315075e+00
7.345927199798174456e+01,7.268634201212855750e-01,4.813409726205293282e-01,6.288274005745960515e+00
7.345927199798174456e+01,7.268634201212855750e-01,4.813409726205293282e-01,6.288274005745960515e+00
7.345927199798174456e+01,7.268634201212855750e-01,4.813409726205293282e-01,6.288274005745960515e+00
7.345927199798174456e+01,7.268634201212855750e-01,4.813409726205293282e-01,6.288274005745960515e+00
7.345323331131855582e+01,7.268374104006782854e-01,4.797841193708954899e-01,6.282428354408515325e+00
7.346136032378142033e+01,7.265429126192665121e-01,4.910672487978405831e-01,6.321418020303676499e+00
7.346136032378142033e+01,7.265429126192665121e-01,4.910672487978405831e-01,6.321418020303676499e+00
7.346136032378142033e+01,7.265429126192665121e-01,4.910672487978405831e-01,6.321418020303676499e+00
7.346136032378142033e+01,7.265429126192665121e-01,4.910672487978405831e-01,6.321418020303676499e+00
7.346136032378142033e+01,7.265429126192665121e-01,4.910672487978405831e-01,6.321418020303676499e+00
7.346136032378142033e+01,7.265429126192665121e-01,4.910672487978405831e-01,6.321418020303676499e+00
7.346136032378142033e+01,7.265429126192665121e-01,4.910672487978405831e-01,6.321418020303676499e+00
7.346136032378142033e+01,7.265429126192665121e-01,4.910672487978405831e-01,6.321418020303676499e+00
7.346136032378142033e+01,7.265429126192665121e-01,4.910672487978405831e-01,6.321418020303676499e+00
7.346136032378142033e+01,7.265429126192665121e-01,4.910672487978405831e-01,6.321418020303676499e+00
7.346136032378142033e+01,7.265429126192665121e-01,4.910672487978405831e-01,6.321418020303676499e+00
7.344011845526604532e+01,7.262198402332027403e-01,5.004597969362748477e-01,6.174599246673214914e+00
7.339061368703450228e+01,7.264362531529593436e-01,4.818073033649824533e-01,6.068168375646267876e+00
7.339061368703450228e+01,7.264362531529593436e-01,4.818073033649824533e-01,6.068168375646267876e+00
7.339061368703450228e+01,7.264362531529593436e-01,4.818073033649824533e-01,6.068168375646267876e+00
7.339061368703450228e+01,7.264362531529593436e-01,4.818073033649824533e-01,6.068168375646267876e+00
7.339061368703450228e+01,7.264362531529593436e-01,4.818073033649824533e-01,6.068168375646267876e+00
7.339061368703450228e+01,7.264362531529593436e-01,4.818073033649824533e-01,6.068168375646267876e+00
7.339061368703450228e+01,7.264362531529593436e-01,4.818073033649824533e-01,6.068168375646267876e+00
7.339061368703450228e+01,7.264362531529593436e-01,4.818073033649824533e-01,6.068168375646267876e+00
7.419553658429899201e+01,7.194854958138915402e-01,3.373125474900849907e-01,9.185601965220371312e+00
7.419553658429899201e+01,7.194854958138915402e-01,3.373125474900849907e-01,9.185601965220371312e+00
7.419553658429899201e+01,7.194854958138915402e-01,3.373125474900849907e-01,9.185601965220371312e+00
7.422268739660995607e+01,7.231327921874270981e-01,2.959041268843777273e-01,8.940990196578116667e+00
7.422268739660995607e+01,7.231327921874270981e-01,2.959041268843777273e-01,8.940990196578116667e+00
7.422885738309469161e+01,7.280248772914191813e-01,2.438819077622583209e-01,8.576651918820939358e+00
7.422885738309469161e+01,7.280248772914191813e-01,2.438819077622583209e-01,8.576651918820939358e+00
7.422885738309469161e+01,7.280248772914191813e-01,2.438819077622583209e-01,8.576651918820939358e+00
7.420888312524496655e+01,7.286343464656062086e-01,2.341545439535788198e-01,8.571264390227046448e+00
7.420888312524496655e+01,7.286343464656062086e-01,2.341545439535788198e-01,8.571264390227046448e+00
7.420888312524496655e+01,7.286343464656062086e-01,2.341545439535788198e-01,8.571264390227046448e+00
7.401863351772804833e+01,7.265281946376568323e-01,2.669184613630741776e-01,7.176868049008588990e+00
7.401863351772804833e+01,7.265281946376568323e-01,2.669184613630741776e-01,7.176868049008588990e+00
7.405485982708613335e+01,7.264694518921406274e-01,2.619452124307015128e-01,7.252032845495113733e+00
7.405485982708613335e+01,7.264694518921406274e-01,2.619452124307015128e-01,7.252032845495113733e+00
7.405485982708613335e+01,7.264694518921406274e-01,2.619452124307015128e-01,7.252032845495113733e+00
7.405485982708613335e+01,7.264694518921406274e-01,2.619452124307015128e-01,7.252032845495113733e+00
7.409898478664371169e+01,7.267642159253028256e-01,2.572999492653358922e-01,7.482373621590932444e+00
7.409898478664371169e+01,7.267642159253028256e-01,2.572999492653358922e-01,7.482373621590932444e+00
7.420651479269889705e+01,7.286712735271050345e-01,2.398324669654409713e-01,7.826093968228322595e+00
7.420651479269889705e+01,7.286712735271050345e-01,2.398324669654409713e-01,7.826093968228322595e+00
7.420651479269889705e+01,7.286712735271050345e-01,2.398324669654409713e-01,7.826093968228322595e+00
7.396477343904054180e+01,7.263934935491392908e-01,3.020073921520614046e-01,7.479644012427345778e+00
7.396477343904054180e+01,7.263934935491392908e-01,3.020073921520614046e-01,7.479644012427345778e+00
7.396477343904054180e+01,7.263934935491392908e-01,3.020073921520614046e-01,7.479644012427345778e+00
7.375148371486899634e+01,7.257088036635800377e-01,2.608694472996028191e-01,7.443853167145407568e+00
7.375148371486899634e+01,7.257088036635800377e-01,2.608694472996028191e-01,7.443853167145407568e+00
7.375148371486899634e+01,7.257088036635800377e-01,2.608694472996028191e-01,7.443853167145407568e+00
7.375148371486899634e+01,7.257088036635800377e-01,2.608694472996028191e-01,7.443853167145407568e+00
7.386706551973773571e+01,7.260842194585611642e-01,2.965664131783591895e-01,7.426421078912532892e+00
7.385665578300024947e+01,7.259430141809809500e-01,2.987547337638692957e-01,7.358321611218792135e+00
7.385665578300024947e+01,7.259430141809809500e-01,2.987547337638692957e-01,7.358321611218792135e+00
7.385665578300024947e+01,7.259430141809809500e-01,2.987547337638692957e-01,7.358321611218792135e+00
7.375887145694952096e+01,7.243181056082791391e-01,3.214778811185334817e-01,7.163179864069006086e+00
7.375887145694952096e+01,7.243181056082791391e-01,3.214778811185334817e-01,7.163179864069006086e+00
7.375887145694952096e+01,7.243181056082791391e-01,3.214778811185334817e-01,7.163179864069006086e+00
7.375887145694952096e+01,7.243181056082791391e-01,3.214778811185334817e-01,7.163179864069006086e+00
7.375887145694952096e+01,7.243181056082791391e-01,3.214778811185334817e-01,7.163179864069006086e+00
7.375887145694952096e+01,7.243181056082791391e-01,3.214778811185334817e-01,7.163179864069006086e+00
7.375887145694952096e+01,7.243181056082791391e-01,3.214778811185334817e-01,7.163179864069006086e+00
7.358852402060080067e+01,7.243745399072258895e-01,4.331048401645526957e-01,6.782076448968381577e+00
7.358852402060080067e+01,7.243745399072258895e-01,4.331048401645526957e-01,6.782076448968381577e+00
7.374002847241237646e+01,7.252480772939163822e-01,4.539414338921102243e-01,6.848723666206145033e+00
7.374340260762328114e+01,7.252451471844280073e-01,4.508068271473446020e-01,6.855177850398604278e+00
7.374340260762328114e+01,7.252451471844280073e-01,4.508068271473446020e-01,6.855177850398604278e+00
7.374340260762328114e+01,7.252451471844280073e-01,4.508068271473446020e-01,6.855177850398604278e+00
7.374340260762328114e+01,7.252451471844280073e-01,4.508068271473446020e-01,6.855177850398604278e+00
7.374340260762328114e+01,7.252451471844280073e-01,4.508068271473446020e-01,6.855177850398604278e+00
7.374340260762328114e+01,7.252451471844280073e-01,4.508068271473446020e-01,6.855177850398604278e+00
7.374340260762328114e+01,7.252451471844280073e-01,4.508068271473446020e-01,6.855177850398604278e+00
7.372791258004438930e+01,7.256956114523549495e-01,4.967240835139150601e-01,6.818524738022627041e+00
7.372791258004438930e+01,7.256956114523549495e-01,4.967240835139150601e-01,6.818524738022627041e+00
7.372791258004438930e+01,7.256956114523549495e-01,4.967240835139150601e-01,6.818524738022627041e+00
7.372791258004438930e+01,7.256956114523549495e-01,4.967240835139150601e-01,6.818524738022627041e+00
7.372791258004438930e+01,7.256956114523549495e-01,4.967240835139150601e-01,6.818524738022627041e+00
7.372791258004438930e+01,7.256956114523549495e-01,4.967240835139150601e-01,6.818524738022627041e+00
7.371967865387398433e+01,7.255187008954275818e-01,5.029985942548438338e-01,6.790102617919917094e+00
7.366619360436125419e+01,7.251400813739904416e-01,5.184452021651291265e-01,6.775857225225915492e+00
7.366619360436125419e+01,7.251400813739904416e-01,5.184452021651291265e-01,6.775857225225915492e+00
7.366619360436125419e+01,7.251400813739904416e-01,5.184452021651291265e-01,6.775857225225915492e+00
7.366619360436125419e+01,7.251400813739904416e-01,5.184452021651291265e-01,6.775857225225915492e+00
7.366619360436125419e+01,7.251400813739904416e-01,5.184452021651291265e-01,6.775857225225915492e+00
7.366619360436125419e+01,7.251400813739904416e-01,5.184452021651291265e-01,6.775857225225915492e+00
7.366619360436125419e+01,7.251400813739904416e-01,5.184452021651291265e-01,6.775857225225915492e+00
7.366619360436125419e+01,7.251400813739904416e-01,5.184452021651291265e-01,6.775857225225915492e+00
7.366619360436125419e+01,7.251400813739904416e-01,5.184452021651291265e-01,6.775857225225915492e+00
7.366619360436125419e+01,7.251400813739904416e-01,5.184452021651291265e-01,6.775857225225915492e+00
7.366619360436125419e+01,7.251400813739904416e-01,5.184452021651291265e-01,6.775857225225915492e+00
7.360706648941477681e+01,7.250308834966397997e-01,5.155153672514023455e-01,6.730828271216116043e+00
7.373408974873544253e+01,7.258100322692956352e-01,5.847722902787833021e-01,6.888202211362414396e+00
7.363583021061187139e+01,7.253768300424555671e-01,5.777898150225841967e-01,6.782463721913440047e+00
7.374947020260508168e+01,7.275735887274542568e-01,5.556855127351685297e-01,6.712314812173269196e+00
7.374947020260508168e+01,7.275735887274542568e-01,5.556855127351685297e-01,6.712314812173269196e+00
7.375289290910198758e+01,7.276204432739753480e-01,5.545850255611731727e-01,6.714605368518014927e+00
7.375289290910198758e+01,7.276204432739753480e-01,5.545850255611731727e-01,6.714605368518014927e+00
7.364533758347772618e+01,7.257258731243380057e-01,5.800662787895792816e-01,6.736741641384032420e+00
7.364533758347772618e+01,7.257258731243380057e-01,5.800662787895792816e-01,6.736741641384032420e+00
7.364533758347772618e+01,7.257258731243380057e-01,5.800662787895792816e-01,6.736741641384032420e+00
7.364533758347772618e+01,7.257258731243380057e-01,5.800662787895792816e-01,6.736741641384032420e+00
7.364533758347772618e+01,7.257258731243380057e-01,5.800662787895792816e-01,6.736741641384032420e+00
7.364533758347772618e+01,7.257258731243380057e-01,5.800662787895792816e-01,6.736741641384032420e+00
7.364533758347772618e+01,7.257258731243380057e-01,5.800662787895792816e-01,6.736741641384032420e+00
7.362745300236164780e+01,7.260263576701884158e-01,5.596469605744631703e-01,6.629864520077684453e+00
7.362745300236164780e+01,7.260263576701884158e-01,5.596469605744631703e-01,6.629864520077684453e+00
7.362745300236164780e+01,7.260263576701884158e-01,5.596469605744631703e-01,6.629864520077684453e+00
7.362745300236164780e+01,7.260263576701884158e-01,5.596469605744631703e-01,6.629864520077684453e+00
7.362745300236164780e+01,7.260263576701884158e-01,5.596469605744631703e-01,6.629864520077684453e+00
7.362745300236164780e+01,7.260263576701884158e-01,5.596469605744631703e-01,6.629864520077684453e+00
7.363028669496122802e+01,7.260733791242618418e-01,5.580329567860838891e-01,6.624936320037943638e+00
7.363752809303643687e+01,7.262100862263554113e-01,5.575064634332808078e-01,6.621634744448035903e+00
7.363752809303643687e+01,7.262100862263554113e-01,5.575064634332808078e-01,6.621634744448035903e+00
7.363752809303643687e+01,7.262100862263554113e-01,5.575064634332808078e-01,6.621634744448035903e+00
7.361654885634909817e+01,7.256833317533529781e-01,5.869738783179319075e-01,6.679059852549370291e+00
7.361654885634909817e+01,7.256833317533529781e-01,5.869738783179319075e-01,6.679059852549370291e+00
7.361654885634909817e+01,7.256833317533529781e-01,5.869738783179319075e-01,6.679059852549370291e+00
7.361654885634909817e+01,7.256833317533529781e-01,5.869738783179319075e-01,6.679059852549370291e+00
7.361458099263317933e+01,7.254989807170362237e-01,6.129085254612309797e-01,6.753571540307765630e+00
7.361458099263317933e+01,7.254989807170362237e-01,6.129085254612309797e-01,6.753571540307765630e+00
7.361458099263317933e+01,7.254989807170362237e-01,6.129085254612309797e-01,6.753571540307765630e+00
7.361635880580720936e+01,7.254873617354473669e-01,6.168372247062557934e-01,6.769134614642735137e+00
7.369694961559946478e+01,7.267619375071812104e-01,5.860555503144754264e-01,6.616317503773249342e+00
7.369694961559946478e+01,7.267619375071812104e-01,5.860555503144754264e-01,6.616317503773249342e+00
7.369694961559946478e+01,7.267619375071812104e-01,5.860555503144754264e-01,6.616317503773249342e+00
7.364353027964195064e+01,7.266030995294713302e-01,5.575756377184307722e-01,6.528971852590607305e+00
7.386556085116588122e+01,7.282583087099648855e-01,5.497597803635743130e-01,6.621833830534272991e+00
7.360412839723969114e+01,7.263093635946705762e-01,5.589626516339250006e-01,6.512492424962856852e+00
7.360412839723969114e+01,7.263093635946705762e-01,5.589626516339250006e-01,6.512492424962856852e+00
7.397578659017915470e+01,7.292403575925779924e-01,5.206792120277832225e-01,6.615668304471526540e+00
7.397578659017915470e+01,7.292403575925779924e-01,5.206792120277832225e-01,6.615668304471526540e+00
7.397578659017915470e+01,7.292403575925779924e-01,5.206792120277832225e-01,6.615668304471526540e+00
7.397578659017915470e+01,7.292403575925779924e-01,5.206792120277832225e-01,6.615668304471526540e+00
7.397578659017915470e+01,7.292403575925779924e-01,5.206792120277832225e-01,6.615668304471526540e+00
7.393660616220402915e+01,7.287934021383083438e-01,5.222530645802796467e-01,6.619971861139124947e+00
7.402760335795379376e+01,7.287998367333020644e-01,5.145085784416201236e-01,6.709139866894824777e+00
7.393825816391988326e+01,7.280890600987165451e-01,5.241230185260336016e-01,6.683784226591595434e+00
7.393825816391988326e+01,7.280890600987165451e-01,5.241230185260336016e-01,6.683784226591595434e+00
7.390784155994747096e+01,7.276910360046711101e-01,5.281125907379016216e-01,6.702280045932019981e+00
7.389590007675442962e+01,7.276594270946540322e-01,5.255016001066673548e-01,6.688584673896202482e+00
7.389590007675442962e+01,7.276594270946540322e-01,5.255016001066673548e-01,6.688584673896202482e+00
7.383071550778757342e+01,7.271432475029908638e-01,5.336094546166194608e-01,6.669925034892131066e+00
7.383071550778757342e+01,7.271432475029908638e-01,5.336094546166194608e-01,6.669925034892131066e+00
7.377230192920892193e+01,7.265390137618046307e-01,5.326677473290770681e-01,6.654024442804562511e+00
7.377230192920892193e+01,7.265390137618046307e-01,5.326677473290770681e-01,6.654024442804562511e+00
7.377230192920892193e+01,7.265390137618046307e-01,5.326677473290770681e-01,6.654024442804562511e+00
7.378772096206822084e+01,7.268629410590397022e-01,5.175666475039155667e-01,6.787484049274450371e+00
7.378772096206822084e+01,7.268629410590397022e-01,5.175666475039155667e-01,6.787484049274450371e+00
7.363461912733389170e+01,7.264972992539114882e-01,5.037582833707899832e-01,6.574334984527041570e+00
7.363461912733389170e+01,7.264972992539114882e-01,5.037582833707899832e-01,6.574334984527041570e+00
7.360891443204666018e+01,7.263312168381736988e-01,5.050728479981367869e-01,6.554088707888359622e+00
7.360891443204666018e+01,7.263312168381736988e-01,5.050728479981367869e-01,6.554088707888359622e+00
7.360891443204666018e+01,7.263312168381736988e-01,5.050728479981367869e-01,6.554088707888359622e+00
7.360891443204666018e+01,7.263312168381736988e-01,5.050728479981367869e-01,6.554088707888359622e+00
7.360891443204666018e+01,7.263312168381736988e-01,5.050728479981367869e-01,6.554088707888359622e+00
7.360950617598511769e+01,7.262799832228682417e-01,5.074269174051093678e-01,6.562888601425270529e+00
7.360950617598511769e+01,7.262799832228682417e-01,5.074269174051093678e-01,6.562888601425270529e+00
7.360950617598511769e+01,7.262799832228682417e-01,5.074269174051093678e-01,6.562888601425270529e+00
7.359092400256935207e+01,7.262029994332021010e-01,5.096703232872368261e-01,6.569045065991373278e+00
7.359092400256935207e+01,7.262029994332021010e-01,5.096703232872368261e-01,6.569045065991373278e+00
7.359092400256935207e+01,7.262029994332021010e-01,5.096703232872368261e-01,6.569045065991373278e+00
7.359092400256935207e+01,7.262029994332021010e-01,5.096703232872368261e-01,6.569045065991373278e+00
7.359092400256935207e+01,7.262029994332021010e-01,5.096703232872368261e-01,6.569045065991373278e+00
7.359092400256935207e+01,7.262029994332021010e-01,5.096703232872368261e-01,6.569045065991373278e+00
7.359092400256935207e+01,7.262029994332021010e-01,5.096703232872368261e-01,6.569045065991373278e+00
7.359092400256935207e+01,7.262029994332021010e-01,5.096703232872368261e-01,6.569045065991373278e+00
7.358491363334061930e+01,7.257250838282013339e-01,5.194020813803958969e-01,6.617351101672136693e+00
7.358900359286533899e+01,7.254806823272503813e-01,5.402090070889268292e-01,6.549674741456237292e+00
7.360856800785242626e+01,7.245901277491422210e-01,5.589422290869399124e-01,6.737292456473296554e+00
7.360856800785242626e+01,7.245901277491422210e-01,5.589422290869399124e-01,6.737292456473296554e+00
7.360856800785242626e+01,7.245901277491422210e-01,5.589422290869399124e-01,6.737292456473296554e+00
7.360856800785242626e+01,7.245901277491422210e-01,5.589422290869399124e-01,6.737292456473296554e+00
7.360856800785242626e+01,7.245901277491422210e-01,5.589422290869399124e-01,6.737292456473296554e+00
7.360856800785242626e+01,7.245901277491422210e-01,5.589422290869399124e-01,6.737292456473296554e+00
7.374761082492771891e+01,7.272333902910887993e-01,5.349733146233337511e-01,6.651290197467088383e+00
7.379247314382223522e+01,7.282985779946302696e-01,5.672446327401754473e-01,6.610823896551646150e+00
7.379247314382223522e+01,7.282985779946302696e-01,5.672446327401754473e-01,6.610823896551646150e+00
7.381112232960849440e+01,7.283182074281608909e-01,5.575615403916207580e-01,6.608862544858959076e+00
7.381112232960849440e+01,7.283182074281608909e-01,5.575615403916207580e-01,6.608862544858959076e+00
7.381112232960849440e+01,7.283182074281608909e-01,5.575615403916207580e-01,6.608862544858959076e+00
7.381112232960849440e+01,7.283182074281608909e-01,5.575615403916207580e-01,6.608862544858959076e+00
7.381112232960849440e+01,7.283182074281608909e-01,5.575615403916207580e-01,6.608862544858959076e+00
7.381112232960849440e+01,7.283182074281608909e-01,5.575615403916207580e-01,6.608862544858959076e+00
7.366372583435214949e+01,7.269534552590207754e-01,5.462568921365194008e-01,6.543416379027208407e+00
7.366372583435214949e+01,7.269534552590207754e-01,5.462568921365194008e-01,6.543416379027208407e+00
7.366372583435214949e+01,7.269534552590207754e-01,5.462568921365194008e-01,6.543416379027208407e+00
7.357569070971000258e+01,7.263902013397710578e-01,5.428220736657679568e-01,6.475629437553486412e+00
7.357133734953632143e+01,7.263960161299235496e-01,5.408514042628250751e-01,6.469757526628578503e+00
7.359164268373180562e+01,7.261063074403800721e-01,5.481976630538736295e-01,6.526343236374025913e+00
7.360497243996542238e+01,7.261479776054499125e-01,5.624982929333880444e-01,6.591814006043390961e+00
7.343046348281841063e+01,7.250161373309055302e-01,6.011915679849746397e-01,6.511810474383623593e+00
7.343046348281841063e+01,7.250161373309055302e-01,6.011915679849746397e-01,6.511810474383623593e+00
7.343046348281841063e+01,7.250161373309055302e-01,6.011915679849746397e-01,6.511810474383623593e+00
7.343046348281841063e+01,7.250161373309055302e-01,6.011915679849746397e-01,6.511810474383623593e+00
7.343046348281841063e+01,7.250161373309055302e-01,6.011915679849746397e-01,6.511810474383623593e+00
7.343046348281841063e+01,7.250161373309055302e-01,6.011915679849746397e-01,6.511810474383623593e+00
7.343046348281841063e+01,7.250161373309055302e-01,6.011915679849746397e-01,6.511810474383623593e+00
7.592995069889342119e+01,7.302999641841326772e-01,1.759733149202643010e-01,1.756722296096640790e+01
7.592995069889342119e+01,7.302999641841326772e-01,1.759733149202643010e-01,1.756722296096640790e+01
7.592995069889342119e+01,7.302999641841326772e-01,1.759733149202643010e-01,1.756722296096640790e+01
7.592995069889342119e+01,7.302999641841326772e-01,1.759733149202643010e-01,1.756722296096640790e+01
7.592995069889342119e+01,7.302999641841326772e-01,1.759733149202643010e-01,1.756722296096640790e+01
7.569025816927636185e+01,7.300881376408767665e-01,1.815837833183724381e-01,1.626831785477003578e+01
7.569025816927636185e+01,7.300881376408767665e-01,1.815837833183724381e-01,1.626831785477003578e+01
7.569025816927636185e+01,7.300881376408767665e-01,1.815837833183724381e-01,1.626831785477003578e+01
7.569025816927636185e+01,7.300881376408767665e-01,1.815837833183724381e-01,1.626831785477003578e+01
7.502892101779082168e+01,7.324200675400223126e-01,1.744207001118659728e-01,1.251604575360393490e+01
7.437913775046085618e+01,7.288952044464575009e-01,1.404317061887999096e-01,1.358569071188076194e+01
7.437913775046085618e+01,7.288952044464575009e-01,1.404317061887999096e-01,1.358569071188076194e+01
7.437913775046085618e+01,7.288952044464575009e-01,1.404317061887999096e-01,1.358569071188076194e+01
7.439958430293806657e+01,7.304407337342481155e-01,1.387184947762785947e-01,1.324097838897482049e+01
7.439958430293806657e+01,7.304407337342481155e-01,1.387184947762785947e-01,1.324097838897482049e+01
7.439958430293806657e+01,7.304407337342481155e-01,1.387184947762785947e-01,1.324097838897482049e+01
7.442322249354224084e+01,7.308255566511013823e-01,1.398959087123415046e-01,1.312427250856119620e+01
7.442322249354224084e+01,7.308255566511013823e-01,1.398959087123415046e-01,1.312427250856119620e+01
7.442322249354224084e+01,7.308255566511013823e-01,1.398959087123415046e-01,1.312427250856119620e+01
7.442322249354224084e+01,7.308255566511013823e-01,1.398959087123415046e-01,1.312427250856119620e+01
7.442322249354224084e+01,7.308255566511013823e-01,1.398959087123415046e-01,1.312427250856119620e+01
7.442322249354224084e+01,7.308255566511013823e-01,1.398959087123415046e-01,1.312427250856119620e+01
7.427384596553575591e+01,7.318500079166068151e-01,1.318174127731897016e-01,1.308099481223093719e+01
7.427384596553575591e+01,7.318500079166068151e-01,1.318174127731897016e-01,1.308099481223093719e+01
7.438857967682749006e+01,7.335939192101839090e-01,1.525827218607818114e-01,1.108412048284292695e+01
7.438857967682749006e+01,7.335939192101839090e-01,1.525827218607818114e-01,1.108412048284292695e+01
7.438857967682749006e+01,7.335939192101839090e-01,1.525827218607818114e-01,1.108412048284292695e+01
7.422846848854509005e+01,7.350201991969695925e-01,1.626990450583241932e-01,8.250177713369055255e+00
7.440709525594036222e+01,7.352178790378710582e-01,1.590925466128797483e-01,9.387217137214989293e+00
7.440709525594036222e+01,7.352178790378710582e-01,1.590925466128797483e-01,9.387217137214989293e+00
7.440709525594036222e+01,7.352178790378710582e-01,1.590925466128797483e-01,9.387217137214989293e+00
7.440709525594036222e+01,7.352178790378710582e-01,1.590925466128797483e-01,9.387217137214989293e+00
7.440709525594036222e+01,7.352178790378710582e-01,1.590925466128797483e-01,9.387217137214989293e+00
7.445667425663167194e+01,7.350386496474065057e-01,1.607914788892147451e-01,9.511412948010594448e+00
7.445667425663167194e+01,7.350386496474065057e-01,1.607914788892147451e-01,9.511412948010594448e+00
7.445667425663167194e+01,7.350386496474065057e-01,1.607914788892147451e-01,9.511412948010594448e+00
7.445667425663167194e+01,7.350386496474065057e-01,1.607914788892147451e-01,9.511412948010594448e+00
7.445667425663167194e+01,7.350386496474065057e-01,1.607914788892147451e-01,9.511412948010594448e+00
7.445667425663167194e+01,7.350386496474065057e-01,1.607914788892147451e-01,9.511412948010594448e+00
7.435006211237829632e+01,7.351843779509041887e-01,1.475743721908436834e-01,9.627174413854111990e+00
7.435006211237829632e+01,7.351843779509041887e-01,1.475743721908436834e-01,9.627174413854111990e+00
7.435006211237829632e+01,7.351843779509041887e-01,1.475743721908436834e-01,9.627174413854111990e+00
7.435006211237829632e+01,7.351843779509041887e-01,1.475743721908436834e-01,9.627174413854111990e+00
7.435006211237829632e+01,7.351843779509041887e-01,1.475743721908436834e-01,9.627174413854111990e+00
7.435006211237829632e+01,7.351843779509041887e-01,1.475743721908436834e-01,9.627174413854111990e+00
7.435006211237829632e+01,7.351843779509041887e-01,1.475743721908436834e-01,9.627174413854111990e+00
7.435006211237829632e+01,7.351843779509041887e-01,1.475743721908436834e-01,9.627174413854111990e+00
7.435006211237829632e+01,7.351843779509041887e-01,1.475743721908436834e-01,9.627174413854111990e+00
7.435006211237829632e+01,7.351843779509041887e-01,1.475743721908436834e-01,9.627174413854111990e+00
7.439123988855830305e+01,7.355511090488314752e-01,1.477104182955684963e-01,9.765765321320587944e+00
7.439123988855830305e+01,7.355511090488314752e-01,1.477104182955684963e-01,9.765765321320587944e+00
7.439123988855830305e+01,7.355511090488314752e-01,1.477104182955684963e-01,9.765765321320587944e+00
7.439123988855830305e+01,7.355511090488314752e-01,1.477104182955684963e-01,9.765765321320587944e+00
7.439123988855830305e+01,7.355511090488314752e-01,1.477104182955684963e-01,9.765765321320587944e+00
7.439123988855830305e+01,7.355511090488314752e-01,1.477104182955684963e-01,9.765765321320587944e+00
7.439123988855830305e+01,7.355511090488314752e-01,1.477104182955684963e-01,9.765765321320587944e+00
7.439123988855830305e+01,7.355511090488314752e-01,1.477104182955684963e-01,9.765765321320587944e+00
7.439123988855830305e+01,7.355511090488314752e-01,1.477104182955684963e-01,9.765765321320587944e+00
7.439123988855830305e+01,7.355511090488314752e-01,1.477104182955684963e-01,9.765765321320587944e+00
7.439123988855830305e+01,7.355511090488314752e-01,1.477104182955684963e-01,9.765765321320587944e+00
7.439123988855830305e+01,7.355511090488314752e-01,1.477104182955684963e-01,9.765765321320587944e+00
7.427322073949559922e+01,7.363681604651485246e-01,1.295688735651361889e-01,1.094377902788894552e+01
7.424946665039212235e+01,7.365370270379669737e-01,1.255887068925514716e-01,1.140518780282618749e+01
7.449232142252535027e+01,7.380179008264889928e-01,1.339290787677023253e-01,1.080643148054799241e+01
7.449232142252535027e+01,7.380179008264889928e-01,1.339290787677023253e-01,1.080643148054799241e+01
7.449232142252535027e+01,7.380179008264889928e-01,1.339290787677023253e-01,1.080643148054799241e+01
7.449232142252535027e+01,7.380179008264889928e-01,1.339290787677023253e-01,1.080643148054799241e+01
7.449232142252535027e+01,7.380179008264889928e-01,1.339290787677023253e-01,1.080643148054799241e+01
7.449232142252535027e+01,7.380179008264889928e-01,1.339290787677023253e-01,1.080643148054799241e+01
7.449232142252535027e+01,7.380179008264889928e-01,1.339290787677023253e-01,1.080643148054799241e+01
7.449232142252535027e+01,7.380179008264889928e-01,1.339290787677023253e-01,1.080643148054799241e+01
7.449232142252535027e+01,7.380179008264889928e-01,1.339290787677023253e-01,1.080643148054799241e+01
7.438364467993966400e+01,7.369365152718412304e-01,1.413102135315930652e-01,9.499550278418574578e+00
7.438364467993966400e+01,7.369365152718412304e-01,1.413102135315930652e-01,9.499550278418574578e+00
7.438364467993966400e+01,7.369365152718412304e-01,1.413102135315930652e-01,9.499550278418574578e+00
7.438566662228264192e+01,7.366757633403524519e-01,1.406029248540226484e-01,9.950003773182595879e+00
7.436003217442073776e+01,7.363529405721089827e-01,1.531054147575491298e-01,9.830465773145766306e+00
7.436003217442073776e+01,7.363529405721089827e-01,1.531054147575491298e-01,9.830465773145766306e+00
7.441265984638063458e+01,7.373645999670183082e-01,1.429340338776071695e-01,1.049736297961583809e+01
7.441265984638063458e+01,7.373645999670183082e-01,1.429340338776071695e-01,1.049736297961583809e+01
7.441265984638063458e+01,7.373645999670183082e-01,1.429340338776071695e-01,1.049736297961583809e+01
7.446257506261306958e+01,7.380424006363408562e-01,1.397189003143559372e-01,1.071100175435580226e+01
7.446545510313524119e+01,7.381259580660723962e-01,1.391952927730008283e-01,1.071655220631929950e+01
7.441837368212721060e+01,7.377866043896661452e-01,1.447668698636582763e-01,9.801982900440499691e+00
7.441837368212721060e+01,7.377866043896661452e-01,1.447668698636582763e-01,9.801982900440499691e+00
7.441837368212721060e+01,7.377866043896661452e-01,1.447668698636582763e-01,9.801982900440499691e+00
7.441837368212721060e+01,7.377866043896661452e-01,1.447668698636582763e-01,9.801982900440499691e+00
7.441837368212721060e+01,7.377866043896661452e-01,1.447668698636582763e-01,9.801982900440499691e+00
7.435869872656238044e+01,7.380219833153445208e-01,1.479530449136637893e-01,8.937743259534757456e+00
7.435869872656238044e+01,7.380219833153445208e-01,1.479530449136637893e-01,8.937743259534757456e+00
7.435869872656238044e+01,7.380219833153445208e-01,1.479530449136637893e-01,8.937743259534757456e+00
7.435869872656238044e+01,7.380219833153445208e-01,1.479530449136637893e-01,8.937743259534757456e+00
7.435869872656238044e+01,7.380219833153445208e-01,1.479530449136637893e-01,8.937743259534757456e+00
7.435869872656238044e+01,7.380219833153445208e-01,1.479530449136637893e-01,8.937743259534757456e+00
7.435869872656238044e+01,7.380219833153445208e-01,1.479530449136637893e-01,8.937743259534757456e+00
7.435869872656238044e+01,7.380219833153445208e-01,1.479530449136637893e-01,8.937743259534757456e+00
7.441792891541430777e+01,7.384834539992763958e-01,1.406576131685377262e-01,9.861812004479602933e+00
7.439437018872956742e+01,7.381739178700451598e-01,1.462568793865687278e-01,8.977416420052097834e+00
7.437813522438081293e+01,7.379170368992485907e-01,1.545470639566595694e-01,8.277702266887764893e+00
7.437813522438081293e+01,7.379170368992485907e-01,1.545470639566595694e-01,8.277702266887764893e+00
7.437813522438081293e+01,7.379170368992485907e-01,1.545470639566595694e-01,8.277702266887764893e+00
7.437813522438081293e+01,7.379170368992485907e-01,1.545470639566595694e-01,8.277702266887764893e+00
7.437813522438081293e+01,7.379170368992485907e-01,1.545470639566595694e-01,8.277702266887764893e+00
7.437813522438081293e+01,7.379170368992485907e-01,1.545470639566595694e-01,8.277702266887764893e+00
7.436300141442339395e+01,7.379211889415158154e-01,1.570331618251354922e-01,7.911555596082321173e+00
7.436300141442339395e+01,7.379211889415158154e-01,1.570331618251354922e-01,7.911555596082321173e+00
7.436300141442339395e+01,7.379211889415158154e-01,1.570331618251354922e-01,7.911555596082321173e+00
7.431659077085275555e+01,7.376254523614679259e-01,1.365069163058186819e-01,1.021925378945922880e+01
7.439574992074655313e+01,7.378560566953463740e-01,1.463774623678136821e-01,8.949426804995775697e+00
7.439574992074655313e+01,7.378560566953463740e-01,1.463774623678136821e-01,8.949426804995775697e+00
7.439568956481181772e+01,7.378691374165620154e-01,1.462232185640940374e-01,8.948323453247292392e+00
7.448614464975786120e+01,7.379483486380602475e-01,1.416477145888328237e-01,1.008961903934230442e+01
7.448614464975786120e+01,7.379483486380602475e-01,1.416477145888328237e-01,1.008961903934230442e+01
7.448614464975786120e+01,7.379483486380602475e-01,1.416477145888328237e-01,1.008961903934230442e+01
7.448614464975786120e+01,7.379483486380602475e-01,1.416477145888328237e-01,1.008961903934230442e+01
7.448614464975786120e+01,7.379483486380602475e-01,1.416477145888328237e-01,1.008961903934230442e+01
7.448614464975786120e+01,7.379483486380602475e-01,1.416477145888328237e-01,1.008961903934230442e+01
7.448614464975786120e+01,7.379483486380602475e-01,1.416477145888328237e-01,1.008961903934230442e+01
7.448614464975786120e+01,7.379483486380602475e-01,1.416477145888328237e-01,1.008961903934230442e+01
7.448614464975786120e+01,7.379483486380602475e-01,1.416477145888328237e-01,1.008961903934230442e+01
7.448614464975786120e+01,7.379483486380602475e-01,1.416477145888328237e-01,1.008961903934230442e+01
7.448614464975786120e+01,7.379483486380602475e-01,1.416477145888328237e-01,1.008961903934230442e+01
7.448614464975786120e+01,7.379483486380602475e-01,1.416477145888328237e-01,1.008961903934230442e+01
7.448614464975786120e+01,7.379483486380602475e-01,1.416477145888328237e-01,1.008961903934230442e+01
7.457018958639865502e+01,7.388094020194209133e-01,1.426677591811029988e-01,9.816364189241888027e+00
7.457018958639865502e+01,7.388094020194209133e-01,1.426677591811029988e-01,9.816364189241888027e+00
7.457018958639865502e+01,7.388094020194209133e-01,1.426677591811029988e-01,9.816364189241888027e+00
7.457018958639865502e+01,7.388094020194209133e-01,1.426677591811029988e-01,9.816364189241888027e+00
7.457018958639865502e+01,7.388094020194209133e-01,1.426677591811029988e-01,9.816364189241888027e+00
7.457018958639865502e+01,7.388094020194209133e-01,1.426677591811029988e-01,9.816364189241888027e+00
7.458305948843025135e+01,7.391836239639165695e-01,1.344373014339271533e-01,1.089029644575874123e+01
7.458305948843025135e+01,7.391836239639165695e-01,1.344373014339271533e-01,1.089029644575874123e+01
7.458163302210407153e+01,7.390691341970853090e-01,1.349696688880239470e-01,1.085596882521066142e+01
7.458163302210407153e+01,7.390691341970853090e-01,1.349696688880239470e-01,1.085596882521066142e+01
7.458163302210407153e+01,7.390691341970853090e-01,1.349696688880239470e-01,1.085596882521066142e+01
7.458163302210407153e+01,7.390691341970853090e-01,1.349696688880239470e-01,1.085596882521066142e+01
7.454619473332340363e+01,7.389897181064960519e-01,1.294664093664621429e-01,1.159401753526333323e+01
7.454619473332340363e+01,7.389897181064960519e-01,1.294664093664621429e-01,1.159401753526333323e+01
7.454619473332340363e+01,7.389897181064960519e-01,1.294664093664621429e-01,1.159401753526333323e+01
7.454619473332340363e+01,7.389897181064960519e-01,1.294664093664621429e-01,1.159401753526333323e+01
7.454619473332340363e+01,7.389897181064960519e-01,1.294664093664621429e-01,1.159401753526333323e+01
7.454619473332340363e+01,7.389897181064960519e-01,1.294664093664621429e-01,1.159401753526333323e+01
7.454619473332340363e+01,7.389897181064960519e-01,1.294664093664621429e-01,1.159401753526333323e+01
7.454619473332340363e+01,7.389897181064960519e-01,1.294664093664621429e-01,1.159401753526333323e+01
7.453611415456126110e+01,7.382936291316442023e-01,1.266450698859981072e-01,1.230263727245481142e+01
7.453611415456126110e+01,7.382936291316442023e-01,1.266450698859981072e-01,1.230263727245481142e+01
7.453611415456126110e+01,7.382936291316442023e-01,1.266450698859981072e-01,1.230263727245481142e+01
7.453611415456126110e+01,7.382936291316442023e-01,1.266450698859981072e-01,1.230263727245481142e+01
7.453611415456126110e+01,7.382936291316442023e-01,1.266450698859981072e-01,1.230263727245481142e+01
7.453611415456126110e+01,7.382936291316442023e-01,1.266450698859981072e-01,1.230263727245481142e+01
7.461292535298863982e+01,7.379467832845353348e-01,1.370428979802542080e-01,1.152551265717199591e+01
7.461292535298863982e+01,7.379467832845353348e-01,1.370428979802542080e-01,1.152551265717199591e+01
7.461292535298863982e+01,7.379467832845353348e-01,1.370428979802542080e-01,1.152551265717199591e+01
7.461292535298863982e+01,7.379467832845353348e-01,1.370428979802542080e-01,1.152551265717199591e+01
7.461292535298863982e+01,7.379467832845353348e-01,1.370428979802542080e-01,1.152551265717199591e+01
7.452984495552432520e+01,7.377450380015002640e-01,1.322905374012678936e-01,1.176690715177867297e+01
7.452984495552432520e+01,7.377450380015002640e-01,1.322905374012678936e-01,1.176690715177867297e+01
7.452984495552432520e+01,7.377450380015002640e-01,1.322905374012678936e-01,1.176690715177867297e+01
7.452984495552432520e+01,7.377450380015002640e-01,1.322905374012678936e-01,1.176690715177867297e+01
7.452984495552432520e+01,7.377450380015002640e-01,1.322905374012678936e-01,1.176690715177867297e+01
7.452984495552432520e+01,7.377450380015002640e-01,1.322905374012678936e-01,1.176690715177867297e+01
7.452984495552432520e+01,7.377450380015002640e-01,1.322905374012678936e-01,1.176690715177867297e+01
7.452984495552432520e+01,7.377450380015002640e-01,1.322905374012678936e-01,1.176690715177867297e+01
7.452984495552432520e+01,7.377450380015002640e-01,1.322905374012678936e-01,1.176690715177867297e+01
7.455415694843922836e+01,7.379618794094364720e-01,1.296509204227961620e-01,1.209204195660018755e+01
7.455415694843922836e+01,7.379618794094364720e-01,1.296509204227961620e-01,1.209204195660018755e+01
7.455415694843922836e+01,7.379618794094364720e-01,1.296509204227961620e-01,1.209204195660018755e+01
7.455415694843922836e+01,7.379618794094364720e-01,1.296509204227961620e-01,1.209204195660018755e+01
7.455415694843922836e+01,7.379618794094364720e-01,1.296509204227961620e-01,1.209204195660018755e+01
7.451712230015991167e+01,7.370860202738199751e-01,1.360479207372519150e-01,1.112842848282417307e+01
7.451712230015991167e+01,7.370860202738199751e-01,1.360479207372519150e-01,1.112842848282417307e+01
7.451712230015991167e+01,7.370860202738199751e-01,1.360479207372519150e-01,1.112842848282417307e+01
7.451712230015991167e+01,7.370860202738199751e-01,1.360479207372519150e-01,1.112842848282417307e+01
7.457215043484457340e+01,7.372769698766225011e-01,1.390235089575913019e-01,1.104564755694787159e+01
7.457666531651580044e+01,7.373417471470502527e-01,1.359345895229711054e-01,1.108240112865772886e+01
7.456201563334704474e+01,7.178593089292506502e-01,4.061283116311842911e-01,8.666512559102567792e+00
7.456201563334704474e+01,7.178593089292506502e-01,4.061283116311842911e-01,8.666512559102567792e+00
7.456201563334704474e+01,7.178593089292506502e-01,4.061283116311842911e-01,8.666512559102567792e+00
7.456201563334704474e+01,7.178593089292506502e-01,4.061283116311842911e-01,8.666512559102567792e+00
7.456201563334704474e+01,7.178593089292506502e-01,4.061283116311842911e-01,8.666512559102567792e+00
7.456201563334704474e+01,7.178593089292506502e-01,4.061283116311842911e-01,8.666512559102567792e+00
7.456201563334704474e+01,7.178593089292506502e-01,4.061283116311842911e-01,8.666512559102567792e+00
7.456201563334704474e+01,7.178593089292506502e-01,4.061283116311842911e-01,8.666512559102567792e+00
7.423881266047428085e+01,7.183391407447817789e-01,4.402911805639868614e-01,8.220266231123389389e+00
7.423881266047428085e+01,7.183391407447817789e-01,4.402911805639868614e-01,8.220266231123389389e+00
7.423881266047428085e+01,7.183391407447817789e-01,4.402911805639868614e-01,8.220266231123389389e+00
7.423807544808127545e+01,7.180252183296108592e-01,4.454330745114156165e-01,8.219594742223868877e+00
7.423807544808127545e+01,7.180252183296108592e-01,4.454330745114156165e-01,8.219594742223868877e+00
7.423046972095271201e+01,7.183757590528179193e-01,4.378160459916331515e-01,8.179428888861885127e+00
7.423046972095271201e+01,7.183757590528179193e-01,4.378160459916331515e-01,8.179428888861885127e+00
7.423046972095271201e+01,7.183757590528179193e-01,4.378160459916331515e-01,8.179428888861885127e+00
7.423046972095271201e+01,7.183757590528179193e-01,4.378160459916331515e-01,8.179428888861885127e+00
7.409848760782875843e+01,7.219018347328818308e-01,4.064430080803546064e-01,7.554986640445132018e+00
7.409848760782875843e+01,7.219018347328818308e-01,4.064430080803546064e-01,7.554986640445132018e+00
7.382296518844219690e+01,7.217478908425155604e-01,4.412095510324632319e-01,7.260247865294245706e+00
7.375181988387448939e+01,7.219374731911561982e-01,4.526645759174087180e-01,7.130874279169361785e+00
7.375181988387448939e+01,7.219374731911561982e-01,4.526645759174087180e-01,7.130874279169361785e+00
7.375181988387448939e+01,7.219374731911561982e-01,4.526645759174087180e-01,7.130874279169361785e+00
7.356676558699048485e+01,7.204760372944982727e-01,4.656799786517505924e-01,6.999013027581485247e+00
7.356676558699048485e+01,7.204760372944982727e-01,4.656799786517505924e-01,6.999013027581485247e+00
7.356676558699048485e+01,7.204760372944982727e-01,4.656799786517505924e-01,6.999013027581485247e+00
7.356676558699048485e+01,7.204760372944982727e-01,4.656799786517505924e-01,6.999013027581485247e+00
7.352927338054041684e+01,7.206598247956099712e-01,4.602485462204974342e-01,6.922207483435367514e+00
7.352927338054041684e+01,7.206598247956099712e-01,4.602485462204974342e-01,6.922207483435367514e+00
7.352927338054041684e+01,7.206598247956099712e-01,4.602485462204974342e-01,6.922207483435367514e+00
7.352927338054041684e+01,7.206598247956099712e-01,4.602485462204974342e-01,6.922207483435367514e+00
7.352927338054041684e+01,7.206598247956099712e-01,4.602485462204974342e-01,6.922207483435367514e+00
7.352927338054041684e+01,7.206598247956099712e-01,4.602485462204974342e-01,6.922207483435367514e+00
7.352927338054041684e+01,7.206598247956099712e-01,4.602485462204974342e-01,6.922207483435367514e+00
7.352927338054041684e+01,7.206598247956099712e-01,4.602485462204974342e-01,6.922207483435367514e+00
7.352927338054041684e+01,7.206598247956099712e-01,4.602485462204974342e-01,6.922207483435367514e+00
7.352927338054041684e+01,7.206598247956099712e-01,4.602485462204974342e-01,6.922207483435367514e+00
7.352927338054041684e+01,7.206598247956099712e-01,4.602485462204974342e-01,6.922207483435367514e+00
7.353626255230116726e+01,7.207732956226557963e-01,4.617077639818314982e-01,6.919678956307564910e+00
7.353626255230116726e+01,7.207732956226557963e-01,4.617077639818314982e-01,6.919678956307564910e+00
7.345118840637444180e+01,7.225692843113182828e-01,5.202130563622824333e-01,6.605005988496166935e+00
7.345118840637444180e+01,7.225692843113182828e-01,5.202130563622824333e-01,6.605005988496166935e+00
7.345118840637444180e+01,7.225692843113182828e-01,5.202130563622824333e-01,6.605005988496166935e+00
7.345118840637444180e+01,7.225692843113182828e-01,5.202130563622824333e-01,6.605005988496166935e+00
7.345118840637444180e+01,7.225692843113182828e-01,5.202130563622824333e-01,6.605005988496166935e+00
7.345118840637444180e+01,7.225692843113182828e-01,5.202130563622824333e-01,6.605005988496166935e+00
7.350552415267070216e+01,7.230668474193927553e-01,5.073073206181402117e-01,6.651524175362858671e+00
7.350552415267070216e+01,7.230668474193927553e-01,5.073073206181402117e-01,6.651524175362858671e+00
7.350552415267070216e+01,7.230668474193927553e-01,5.073073206181402117e-01,6.651524175362858671e+00
7.353581906529397827e+01,7.233102719907464895e-01,5.071525722134195835e-01,6.668468936615666642e+00
7.353581906529397827e+01,7.233102719907464895e-01,5.071525722134195835e-01,6.668468936615666642e+00
7.353581906529397827e+01,7.233102719907464895e-01,5.071525722134195835e-01,6.668468936615666642e+00
7.353581906529397827e+01,7.233102719907464895e-01,5.071525722134195835e-01,6.668468936615666642e+00
7.359749323264890108e+01,7.242091934345342708e-01,5.125293882790953326e-01,6.658080203795393892e+00
7.353421382988925359e+01,7.239393816764934098e-01,5.411257089412050414e-01,6.681088956716689786e+00
7.353421382988925359e+01,7.239393816764934098e-01,5.411257089412050414e-01,6.681088956716689786e+00
7.353421382988925359e+01,7.239393816764934098e-01,5.411257089412050414e-01,6.681088956716689786e+00
7.350003190584806134e+01,7.235092405692543638e-01,6.168730583937900303e-01,6.771960502794724945e+00
7.350003190584806134e+01,7.235092405692543638e-01,6.168730583937900303e-01,6.771960502794724945e+00
7.350003190584806134e+01,7.235092405692543638e-01,6.168730583937900303e-01,6.771960502794724945e+00
7.361853597182002318e+01,7.247507818110703326e-01,5.816138450594021680e-01,6.743081525983917857e+00
7.361853597182002318e+01,7.247507818110703326e-01,5.816138450594021680e-01,6.743081525983917857e+00
7.361853597182002318e+01,7.247507818110703326e-01,5.816138450594021680e-01,6.743081525983917857e+00
7.361832549777383861e+01,7.248436141160906621e-01,5.710611319691893950e-01,6.765630537968491787e+00
7.361832549777383861e+01,7.248436141160906621e-01,5.710611319691893950e-01,6.765630537968491787e+00
7.360803637789835818e+01,7.247396202052354131e-01,5.712036857575919502e-01,6.763544595033596174e+00
7.360803637789835818e+01,7.247396202052354131e-01,5.712036857575919502e-01,6.763544595033596174e+00
7.360803637789835818e+01,7.247396202052354131e-01,5.712036857575919502e-01,6.763544595033596174e+00
7.360803637789835818e+01,7.247396202052354131e-01,5.712036857575919502e-01,6.763544595033596174e+00
7.345779518512203765e+01,7.223285636069766147e-01,6.027528530284955721e-01,6.851068231150938104e+00
7.348458376253665847e+01,7.224531062498291689e-01,6.072090111129188061e-01,6.875826747099002212e+00
7.348458376253665847e+01,7.224531062498291689e-01,6.072090111129188061e-01,6.875826747099002212e+00
7.339202754820711050e+01,7.212638566817137775e-01,6.400787153338727276e-01,6.788876112902807236e+00
7.339202754820711050e+01,7.212638566817137775e-01,6.400787153338727276e-01,6.788876112902807236e+00
7.339202754820711050e+01,7.212638566817137775e-01,6.400787153338727276e-01,6.788876112902807236e+00
7.345447005040107058e+01,7.223837410582536478e-01,6.198043131467572131e-01,6.739854395972146861e+00
7.345447005040107058e+01,7.223837410582536478e-01,6.198043131467572131e-01,6.739854395972146861e+00
7.345447005040107058e+01,7.223837410582536478e-01,6.198043131467572131e-01,6.739854395972146861e+00
7.345447005040107058e+01,7.223837410582536478e-01,6.198043131467572131e-01,6.739854395972146861e+00
7.345447005040107058e+01,7.223837410582536478e-01,6.198043131467572131e-01,6.739854395972146861e+00
7.345447005040107058e+01,7.223837410582536478e-01,6.198043131467572131e-01,6.739854395972146861e+00
7.345447005040107058e+01,7.223837410582536478e-01,6.198043131467572131e-01,6.739854395972146861e+00
7.345447005040107058e+01,7.223837410582536478e-01,6.198043131467572131e-01,6.739854395972146861e+00
7.345447005040107058e+01,7.223837410582536478e-01,6.198043131467572131e-01,6.739854395972146861e+00
7.345447005040107058e+01,7.223837410582536478e-01,6.198043131467572131e-01,6.739854395972146861e+00
7.345447005040107058e+01,7.223837410582536478e-01,6.198043131467572131e-01,6.739854395972146861e+00
7.345447005040107058e+01,7.223837410582536478e-01,6.198043131467572131e-01,6.739854395972146861e+00
7.348857485244647592e+01,7.231019084676388875e-01,6.079438692255475507e-01,6.718169120620653523e+00
7.348857485244647592e+01,7.231019084676388875e-01,6.079438692255475507e-01,6.718169120620653523e+00
7.348857485244647592e+01,7.231019084676388875e-01,6.079438692255475507e-01,6.718169120620653523e+00
7.348857485244647592e+01,7.231019084676388875e-01,6.079438692255475507e-01,6.718169120620653523e+00
7.348857485244647592e+01,7.231019084676388875e-01,6.079438692255475507e-01,6.718169120620653523e+00
7.349510128154011568e+01,7.231977903241016969e-01,6.042680864886738057e-01,6.766719650142850817e+00
7.346456814484115228e+01,7.249519889594553401e-01,5.539683025338828504e-01,6.481639386867986019e+00
7.362103925704114715e+01,7.261039960576739505e-01,5.277944968709085138e-01,6.509034188897536488e+00
7.362103925704114715e+01,7.261039960576739505e-01,5.277944968709085138e-01,6.509034188897536488e+00
7.362103925704114715e+01,7.261039960576739505e-01,5.277944968709085138e-01,6.509034188897536488e+00
7.362103925704114715e+01,7.261039960576739505e-01,5.277944968709085138e-01,6.509034188897536488e+00
7.362103925704114715e+01,7.261039960576739505e-01,5.277944968709085138e-01,6.509034188897536488e+00
7.363005200645869763e+01,7.254609043846860228e-01,5.430349493823832807e-01,6.602570872199978069e+00
7.363801603933565332e+01,7.255831668415856361e-01,5.387229629338115000e-01,6.657281226643145366e+00
7.363801603933565332e+01,7.255831668415856361e-01,5.387229629338115000e-01,6.657281226643145366e+00
7.365678088816153490e+01,7.247158484575498827e-01,5.583112003278756230e-01,6.832943377094204074e+00
7.365678088816153490e+01,7.247158484575498827e-01,5.583112003278756230e-01,6.832943377094204074e+00
7.366756162583467926e+01,7.244986351901425703e-01,5.619997652241035535e-01,6.874058044549680169e+00
7.363879627905545533e+01,7.243940241379751566e-01,5.627588897175856975e-01,6.845913650514373394e+00
7.363879627905545533e+01,7.243940241379751566e-01,5.627588897175856975e-01,6.845913650514373394e+00
7.363879627905545533e+01,7.243940241379751566e-01,5.627588897175856975e-01,6.845913650514373394e+00
7.363879627905545533e+01,7.243940241379751566e-01,5.627588897175856975e-01,6.845913650514373394e+00
7.363879627905545533e+01,7.243940241379751566e-01,5.627588897175856975e-01,6.845913650514373394e+00
7.363879627905545533e+01,7.243940241379751566e-01,5.627588897175856975e-01,6.845913650514373394e+00
7.363879627905545533e+01,7.243940241379751566e-01,5.627588897175856975e-01,6.845913650514373394e+00
7.350620051814529177e+01,7.224352614961234709e-01,5.807935521290270575e-01,6.946511129573421428e+00
7.350620051814529177e+01,7.224352614961234709e-01,5.807935521290270575e-01,6.946511129573421428e+00
7.350620051814529177e+01,7.224352614961234709e-01,5.807935521290270575e-01,6.946511129573421428e+00
7.350620051814529177e+01,7.224352614961234709e-01,5.807935521290270575e-01,6.946511129573421428e+00
7.350620051814529177e+01,7.224352614961234709e-01,5.807935521290270575e-01,6.946511129573421428e+00
7.345721873745847574e+01,7.234569307850069464e-01,5.360346971649410097e-01,6.673790176096430216e+00
7.345721873745847574e+01,7.234569307850069464e-01,5.360346971649410097e-01,6.673790176096430216e+00
7.345721873745847574e+01,7.234569307850069464e-01,5.360346971649410097e-01,6.673790176096430216e+00
7.344992432021751938e+01,7.235656762485910276e-01,5.401489084577896227e-01,6.649644459677455544e+00
7.344992432021751938e+01,7.235656762485910276e-01,5.401489084577896227e-01,6.649644459677455544e+00
7.344992432021751938e+01,7.235656762485910276e-01,5.401489084577896227e-01,6.649644459677455544e+00
7.344356301048301816e+01,7.237136282653491293e-01,5.371355566190449959e-01,6.622925194733060295e+00
7.344013502303920404e+01,7.236701868520513115e-01,5.384572340373279253e-01,6.615234985356533315e+00
7.343037992688861948e+01,7.234789135957945261e-01,5.407991498885246218e-01,6.624865598247261289e+00
7.343037992688861948e+01,7.234789135957945261e-01,5.407991498885246218e-01,6.624865598247261289e+00
7.343037992688861948e+01,7.234789135957945261e-01,5.407991498885246218e-01,6.624865598247261289e+00
7.343037992688861948e+01,7.234789135957945261e-01,5.407991498885246218e-01,6.624865598247261289e+00
7.343037992688861948e+01,7.234789135957945261e-01,5.407991498885246218e-01,6.624865598247261289e+00
7.343037992688861948e+01,7.234789135957945261e-01,5.407991498885246218e-01,6.624865598247261289e+00
7.343037992688861948e+01,7.234789135957945261e-01,5.407991498885246218e-01,6.624865598247261289e+00
7.343037992688861948e+01,7.234789135957945261e-01,5.407991498885246218e-01,6.624865598247261289e+00
7.338606726504826838e+01,7.238082811862318611e-01,5.479561869916313999e-01,6.546249112179778784e+00
7.338606726504826838e+01,7.238082811862318611e-01,5.479561869916313999e-01,6.546249112179778784e+00
7.338187035640760314e+01,7.237130303090825167e-01,5.514086447218871090e-01,6.493752910701050318e+00
7.338187035640760314e+01,7.237130303090825167e-01,5.514086447218871090e-01,6.493752910701050318e+00
7.338187035640760314e+01,7.237130303090825167e-01,5.514086447218871090e-01,6.493752910701050318e+00
7.338187035640760314e+01,7.237130303090825167e-01,5.514086447218871090e-01,6.493752910701050318e+00
7.338187035640760314e+01,7.237130303090825167e-01,5.514086447218871090e-01,6.493752910701050318e+00
7.338187035640760314e+01,7.237130303090825167e-01,5.514086447218871090e-01,6.493752910701050318e+00
7.333795439637118818e+01,7.239024282445727376e-01,5.582304204301735684e-01,6.415708301523422641e+00
7.333478055451784883e+01,7.240216088513407033e-01,5.561890910586144710e-01,6.382305903575091754e+00
7.333478055451784883e+01,7.240216088513407033e-01,5.561890910586144710e-01,6.382305903575091754e+00
7.321819720173255064e+01,7.245858494325914112e-01,6.223487191064045465e-01,6.265369672813609014e+00
7.321819720173255064e+01,7.245858494325914112e-01,6.223487191064045465e-01,6.265369672813609014e+00
7.326845200865511742e+01,7.250442158419949656e-01,6.042893852800867993e-01,6.419570803627056677e+00
7.326845200865511742e+01,7.250442158419949656e-01,6.042893852800867993e-01,6.419570803627056677e+00
7.326845200865511742e+01,7.250442158419949656e-01,6.042893852800867993e-01,6.419570803627056677e+00
7.326845200865511742e+01,7.250442158419949656e-01,6.042893852800867993e-01,6.419570803627056677e+00
7.332852643315972330e+01,7.254551948615942658e-01,5.882721830850329292e-01,6.419899997579081585e+00
7.332852643315972330e+01,7.254551948615942658e-01,5.882721830850329292e-01,6.419899997579081585e+00
7.332852643315972330e+01,7.254551948615942658e-01,5.882721830850329292e-01,6.419899997579081585e+00
7.332852643315972330e+01,7.254551948615942658e-01,5.882721830850329292e-01,6.419899997579081585e+00
7.332630706968355128e+01,7.254440340069865378e-01,5.886006532587340079e-01,6.419235141123809996e+00
7.332630706968355128e+01,7.254440340069865378e-01,5.886006532587340079e-01,6.419235141123809996e+00
7.332630706968355128e+01,7.254440340069865378e-01,5.886006532587340079e-01,6.419235141123809996e+00
7.332630706968355128e+01,7.254440340069865378e-01,5.886006532587340079e-01,6.419235141123809996e+00
7.338324493612324773e+01,7.267734212591510090e-01,5.427011634972059850e-01,6.207543433142034495e+00
7.349917579081548524e+01,7.277038359493358533e-01,5.091220064510466603e-01,6.240068612896116029e+00
7.347955677251945872e+01,7.277055060618358162e-01,5.076461457693394186e-01,6.213988818694624605e+00
7.347955677251945872e+01,7.277055060618358162e-01,5.076461457693394186e-01,6.213988818694624605e+00
7.347955677251945872e+01,7.277055060618358162e-01,5.076461457693394186e-01,6.213988818694624605e+00
7.347955677251945872e+01,7.277055060618358162e-01,5.076461457693394186e-01,6.213988818694624605e+00
7.347955677251945872e+01,7.277055060618358162e-01,5.076461457693394186e-01,6.213988818694624605e+00
7.347955677251945872e+01,7.277055060618358162e-01,5.076461457693394186e-01,6.213988818694624605e+00
7.348750050211751272e+01,7.277796386100917614e-01,5.046808457509983636e-01,6.257079926047921070e+00
7.344419020811352539e+01,7.273662010462352834e-01,5.199084819615806818e-01,6.020158354986485882e+00
7.344419020811352539e+01,7.273662010462352834e-01,5.199084819615806818e-01,6.020158354986485882e+00
7.344419020811352539e+01,7.273662010462352834e-01,5.199084819615806818e-01,6.020158354986485882e+00
7.344340476180590827e+01,7.273525677582886040e-01,5.193499083654997683e-01,6.020862194890542085e+00
7.344340476180590827e+01,7.273525677582886040e-01,5.193499083654997683e-01,6.020862194890542085e+00
7.343667810916981864e+01,7.274851022351785934e-01,5.222498311009706740e-01,5.992816004882307368e+00
7.343628460269088976e+01,7.274846171647152415e-01,5.222756584512299183e-01,5.992205829272654327e+00
7.343628460269088976e+01,7.274846171647152415e-01,5.222756584512299183e-01,5.992205829272654327e+00
7.599757138685217228e+01,7.325792689142043290e-01,1.669999639898869237e-01,1.848853992493826581e+01
7.599757138685217228e+01,7.325792689142043290e-01,1.669999639898869237e-01,1.848853992493826581e+01
7.599757138685217228e+01,7.325792689142043290e-01,1.669999639898869237e-01,1.848853992493826581e+01
7.599757138685217228e+01,7.325792689142043290e-01,1.669999639898869237e-01,1.848853992493826581e+01
7.599757138685217228e+01,7.325792689142043290e-01,1.669999639898869237e-01,1.848853992493826581e+01
7.599757138685217228e+01,7.325792689142043290e-01,1.669999639898869237e-01,1.848853992493826581e+01
7.599757138685217228e+01,7.325792689142043290e-01,1.669999639898869237e-01,1.848853992493826581e+01
7.558302686548398697e+01,7.318411235776485224e-01,1.701932213153231899e-01,1.629075889927089094e+01
7.558302686548398697e+01,7.318411235776485224e-01,1.701932213153231899e-01,1.629075889927089094e+01
7.558302686548398697e+01,7.318411235776485224e-01,1.701932213153231899e-01,1.629075889927089094e+01
7.558302686548398697e+01,7.318411235776485224e-01,1.701932213153231899e-01,1.629075889927089094e+01
7.558302686548398697e+01,7.318411235776485224e-01,1.701932213153231899e-01,1.629075889927089094e+01
7.558302686548398697e+01,7.318411235776485224e-01,1.701932213153231899e-01,1.629075889927089094e+01
7.558302686548398697e+01,7.318411235776485224e-01,1.701932213153231899e-01,1.629075889927089094e+01
7.558302686548398697e+01,7.318411235776485224e-01,1.701932213153231899e-01,1.629075889927089094e+01
7.558302686548398697e+01,7.318411235776485224e-01,1.701932213153231899e-01,1.629075889927089094e+01
7.558302686548398697e+01,7.318411235776485224e-01,1.701932213153231899e-01,1.629075889927089094e+01
7.558302686548398697e+01,7.318411235776485224e-01,1.701932213153231899e-01,1.629075889927089094e+01
7.513377463748656737e+01,7.353075379347260299e-01,1.522938755270804023e-01,1.407352038236075487e+01
7.513377463748656737e+01,7.353075379347260299e-01,1.522938755270804023e-01,1.407352038236075487e+01
7.520927807669232834e+01,7.354205373213725805e-01,1.492798847198864576e-01,1.458642271506632326e+01
7.520927807669232834e+01,7.354205373213725805e-01,1.492798847198864576e-01,1.458642271506632326e+01
7.503116037808089800e+01,7.361062486519578396e-01,1.448111037948182356e-01,1.383904790561577869e+01
7.503116037808089800e+01,7.361062486519578396e-01,1.448111037948182356e-01,1.383904790561577869e+01
7.530067649393296847e+01,7.381952775727830263e-01,1.590850979878315752e-01,1.203719035883677435e+01
7.530067649393296847e+01,7.381952775727830263e-01,1.590850979878315752e-01,1.203719035883677435e+01
7.530067649393296847e+01,7.381952775727830263e-01,1.590850979878315752e-01,1.203719035883677435e+01
7.530067649393296847e+01,7.381952775727830263e-01,1.590850979878315752e-01,1.203719035883677435e+01
7.467134889118996455e+01,7.351655513043922063e-01,1.446989783156964471e-01,1.203714579868293555e+01
7.459462541447759065e+01,7.356293177835155905e-01,1.374126144959169626e-01,1.252129233914069140e+01
7.459462541447759065e+01,7.356293177835155905e-01,1.374126144959169626e-01,1.252129233914069140e+01
7.498198040153232569e+01,7.383233136372343575e-01,1.460512278618893434e-01,1.214229392706229405e+01
7.498198040153232569e+01,7.383233136372343575e-01,1.460512278618893434e-01,1.214229392706229405e+01
7.498198040153232569e+01,7.383233136372343575e-01,1.460512278618893434e-01,1.214229392706229405e+01
7.498198040153232569e+01,7.383233136372343575e-01,1.460512278618893434e-01,1.214229392706229405e+01
7.498198040153232569e+01,7.383233136372343575e-01,1.460512278618893434e-01,1.214229392706229405e+01
7.498198040153232569e+01,7.383233136372343575e-01,1.460512278618893434e-01,1.214229392706229405e+01
7.498358354093632272e+01,7.383428062359241872e-01,1.457044944225843741e-01,1.214805456988230148e+01
7.494456283385729023e+01,7.380013439687522769e-01,1.475190206824115724e-01,1.198999749831004635e+01
7.494456283385729023e+01,7.380013439687522769e-01,1.475190206824115724e-01,1.198999749831004635e+01
7.479577689490207604e+01,7.383301870555339930e-01,1.392632579344133814e-01,1.191561494632404994e+01
7.486390842409083746e+01,7.383046137008163479e-01,1.412811058635228545e-01,1.211656763826380967e+01
7.486390842409083746e+01,7.383046137008163479e-01,1.412811058635228545e-01,1.211656763826380967e+01
7.486390842409083746e+01,7.383046137008163479e-01,1.412811058635228545e-01,1.211656763826380967e+01
7.486390842409083746e+01,7.383046137008163479e-01,1.412811058635228545e-01,1.211656763826380967e+01
7.486390842409083746e+01,7.383046137008163479e-01,1.412811058635228545e-01,1.211656763826380967e+01
7.486390842409083746e+01,7.383046137008163479e-01,1.412811058635228545e-01,1.211656763826380967e+01
7.486390842409083746e+01,7.383046137008163479e-01,1.412811058635228545e-01,1.211656763826380967e+01
7.486390842409083746e+01,7.383046137008163479e-01,1.412811058635228545e-01,1.211656763826380967e+01
7.486390842409083746e+01,7.383046137008163479e-01,1.412811058635228545e-01,1.211656763826380967e+01
7.480469514278675547e+01,7.382304146786112797e-01,1.435723551448093716e-01,1.168076775462107442e+01
7.480469514278675547e+01,7.382304146786112797e-01,1.435723551448093716e-01,1.168076775462107442e+01
7.480469514278675547e+01,7.382304146786112797e-01,1.435723551448093716e-01,1.168076775462107442e+01
7.439263039498874264e+01,7.356360688473163600e-01,1.324282564114767080e-01,1.209220052188857153e+01
7.439263039498874264e+01,7.356360688473163600e-01,1.324282564114767080e-01,1.209220052188857153e+01
7.443702038805493260e+01,7.351559620952122787e-01,1.411593228364512176e-01,1.141687549633630638e+01
7.446355742052161020e+01,7.354239113753968660e-01,1.409367992357107024e-01,1.144367845725885147e+01
7.430577875349104033e+01,7.368489291520878837e-01,1.270419928912470686e-01,1.114714984254651142e+01
7.430577875349104033e+01,7.368489291520878837e-01,1.270419928912470686e-01,1.114714984254651142e+01
7.427480223675937054e+01,7.373193411833764976e-01,1.195504492222995013e-01,1.164785090041270443e+01
7.427480223675937054e+01,7.373193411833764976e-01,1.195504492222995013e-01,1.164785090041270443e+01
7.422712614192958824e+01,7.368934766821333415e-01,1.176008070502170128e-01,1.180133289883540293e+01
7.422712614192958824e+01,7.368934766821333415e-01,1.176008070502170128e-01,1.180133289883540293e+01
7.422712614192958824e+01,7.368934766821333415e-01,1.176008070502170128e-01,1.180133289883540293e+01
7.422712614192958824e+01,7.368934766821333415e-01,1.176008070502170128e-01,1.180133289883540293e+01
7.422712614192958824e+01,7.368934766821333415e-01,1.176008070502170128e-01,1.180133289883540293e+01
7.422712614192958824e+01,7.368934766821333415e-01,1.176008070502170128e-01,1.180133289883540293e+01
7.422712614192958824e+01,7.368934766821333415e-01,1.176008070502170128e-01,1.180133289883540293e+01
7.424907965710887936e+01,7.368910728864314086e-01,1.211948353290706187e-01,1.099561966691249815e+01
7.424907965710887936e+01,7.368910728864314086e-01,1.211948353290706187e-01,1.099561966691249815e+01
7.424907965710887936e+01,7.368910728864314086e-01,1.211948353290706187e-01,1.099561966691249815e+01
7.431083775955478643e+01,7.367030175437988548e-01,1.251051146488819654e-01,1.143144572114168867e+01
7.431083775955478643e+01,7.367030175437988548e-01,1.251051146488819654e-01,1.143144572114168867e+01
7.431083775955478643e+01,7.367030175437988548e-01,1.251051146488819654e-01,1.143144572114168867e+01
7.431083775955478643e+01,7.367030175437988548e-01,1.251051146488819654e-01,1.143144572114168867e+01
7.431083775955478643e+01,7.367030175437988548e-01,1.251051146488819654e-01,1.143144572114168867e+01
7.431083775955478643e+01,7.367030175437988548e-01,1.251051146488819654e-01,1.143144572114168867e+01
7.431083775955478643e+01,7.367030175437988548e-01,1.251051146488819654e-01,1.143144572114168867e+01
7.431083775955478643e+01,7.367030175437988548e-01,1.251051146488819654e-01,1.143144572114168867e+01
7.431083775955478643e+01,7.367030175437988548e-01,1.251051146488819654e-01,1.143144572114168867e+01
7.430772756105869803e+01,7.366904383382698596e-01,1.256187160976228734e-01,1.138088457809057097e+01
7.430772756105869803e+01,7.366904383382698596e-01,1.256187160976228734e-01,1.138088457809057097e+01
7.428625881431827338e+01,7.368203249467598637e-01,1.168606105173320975e-01,1.197481658774794511e+01
7.425876000939325650e+01,7.364054784987293933e-01,1.140779652329220184e-01,1.271007790891588307e+01
7.425876000939325650e+01,7.364054784987293933e-01,1.140779652329220184e-01,1.271007790891588307e+01
7.430264886758824616e+01,7.360900738489893902e-01,1.166639148480617671e-01,1.281877734603054542e+01
7.430264886758824616e+01,7.360900738489893902e-01,1.166639148480617671e-01,1.281877734603054542e+01
7.430264886758824616e+01,7.360900738489893902e-01,1.166639148480617671e-01,1.281877734603054542e+01
7.430264886758824616e+01,7.360900738489893902e-01,1.166639148480617671e-01,1.281877734603054542e+01
7.430264886758824616e+01,7.360900738489893902e-01,1.166639148480617671e-01,1.281877734603054542e+01
7.430264886758824616e+01,7.360900738489893902e-01,1.166639148480617671e-01,1.281877734603054542e+01
7.434190330117640144e+01,7.365568166598626121e-01,1.167635562517794628e-01,1.286369400778293404e+01
7.434190330117640144e+01,7.365568166598626121e-01,1.167635562517794628e-01,1.286369400778293404e+01
7.434040206201258627e+01,7.365555778157338862e-01,1.164655025655869647e-01,1.288848598459546757e+01
7.434040206201258627e+01,7.365555778157338862e-01,1.164655025655869647e-01,1.288848598459546757e+01
7.434040206201258627e+01,7.365555778157338862e-01,1.164655025655869647e-01,1.288848598459546757e+01
7.434040206201258627e+01,7.365555778157338862e-01,1.164655025655869647e-01,1.288848598459546757e+01
7.434040206201258627e+01,7.365555778157338862e-01,1.164655025655869647e-01,1.288848598459546757e+01
7.434040206201258627e+01,7.365555778157338862e-01,1.164655025655869647e-01,1.288848598459546757e+01
7.434040206201258627e+01,7.365555778157338862e-01,1.164655025655869647e-01,1.288848598459546757e+01
7.434040206201258627e+01,7.365555778157338862e-01,1.164655025655869647e-01,1.288848598459546757e+01
7.430495118335507243e+01,7.363279761807933754e-01,1.146285661420625990e-01,1.298640662999287976e+01
7.430495118335507243e+01,7.363279761807933754e-01,1.146285661420625990e-01,1.298640662999287976e+01
7.430495118335507243e+01,7.363279761807933754e-01,1.146285661420625990e-01,1.298640662999287976e+01
7.430495118335507243e+01,7.363279761807933754e-01,1.146285661420625990e-01,1.298640662999287976e+01
7.430852176997318281e+01,7.363948498313169777e-01,1.150507754256838849e-01,1.292363691342460719e+01
7.430852176997318281e+01,7.363948498313169777e-01,1.150507754256838849e-01,1.292363691342460719e+01
7.430852176997318281e+01,7.363948498313169777e-01,1.150507754256838849e-01,1.292363691342460719e+01
7.430852176997318281e+01,7.363948498313169777e-01,1.150507754256838849e-01,1.292363691342460719e+01
7.430852176997318281e+01,7.363948498313169777e-01,1.150507754256838849e-01,1.292363691342460719e+01
7.430852176997318281e+01,7.363948498313169777e-01,1.150507754256838849e-01,1.292363691342460719e+01
7.430852176997318281e+01,7.363948498313169777e-01,1.150507754256838849e-01,1.292363691342460719e+01
7.430852176997318281e+01,7.363948498313169777e-01,1.150507754256838849e-01,1.292363691342460719e+01
7.430852176997318281e+01,7.363948498313169777e-01,1.150507754256838849e-01,1.292363691342460719e+01
7.430185033530131022e+01,7.363673346913078843e-01,1.145419353501291315e-01,1.295886453138006544e+01
7.430185033530131022e+01,7.363673346913078843e-01,1.145419353501291315e-01,1.295886453138006544e+01
7.430185033530131022e+01,7.363673346913078843e-01,1.145419353501291315e-01,1.295886453138006544e+01
7.430185033530131022e+01,7.363673346913078843e-01,1.145419353501291315e-01,1.295886453138006544e+01
7.430185033530131022e+01,7.363673346913078843e-01,1.145419353501291315e-01,1.295886453138006544e+01
7.430185033530131022e+01,7.363673346913078843e-01,1.145419353501291315e-01,1.295886453138006544e+01
7.430185033530131022e+01,7.363673346913078843e-01,1.145419353501291315e-01,1.295886453138006544e+01
7.430185033530131022e+01,7.363673346913078843e-01,1.145419353501291315e-01,1.295886453138006544e+01
7.430185033530131022e+01,7.363673346913078843e-01,1.145419353501291315e-01,1.295886453138006544e+01
7.433403501960728477e+01,7.367073331879042675e-01,1.141817007585506083e-01,1.315016869233867602e+01
7.433403501960728477e+01,7.367073331879042675e-01,1.141817007585506083e-01,1.315016869233867602e+01
7.433403501960728477e+01,7.367073331879042675e-01,1.141817007585506083e-01,1.315016869233867602e+01
7.433403501960728477e+01,7.367073331879042675e-01,1.141817007585506083e-01,1.315016869233867602e+01
7.467187761206943719e+01,7.396941748943175465e-01,1.117585761324066118e-01,1.416651616359513000e+01
7.467187761206943719e+01,7.396941748943175465e-01,1.117585761324066118e-01,1.416651616359513000e+01
7.467187761206943719e+01,7.396941748943175465e-01,1.117585761324066118e-01,1.416651616359513000e+01
7.467187761206943719e+01,7.396941748943175465e-01,1.117585761324066118e-01,1.416651616359513000e+01
7.467187761206943719e+01,7.396941748943175465e-01,1.117585761324066118e-01,1.416651616359513000e+01
7.467381504537137005e+01,7.399417347177968951e-01,1.105991490119830334e-01,1.430973679873857130e+01
7.467381504537137005e+01,7.399417347177968951e-01,1.105991490119830334e-01,1.430973679873857130e+01
7.467381504537137005e+01,7.399417347177968951e-01,1.105991490119830334e-01,1.430973679873857130e+01
7.467381504537137005e+01,7.399417347177968951e-01,1.105991490119830334e-01,1.430973679873857130e+01
7.467381504537137005e+01,7.399417347177968951e-01,1.105991490119830334e-01,1.430973679873857130e+01
7.467381504537137005e+01,7.399417347177968951e-01,1.105991490119830334e-01,1.430973679873857130e+01
7.467658523970769124e+01,7.400249902013592562e-01,1.096401918557577404e-01,1.442165637277234680e+01
7.467658523970769124e+01,7.400249902013592562e-01,1.096401918557577404e-01,1.442165637277234680e+01
7.467658523970769124e+01,7.400249902013592562e-01,1.096401918557577404e-01,1.442165637277234680e+01
7.467658523970769124e+01,7.400249902013592562e-01,1.096401918557577404e-01,1.442165637277234680e+01
7.467658523970769124e+01,7.400249902013592562e-01,1.096401918557577404e-01,1.442165637277234680e+01
7.467658523970769124e+01,7.400249902013592562e-01,1.096401918557577404e-01,1.442165637277234680e+01
7.467658523970769124e+01,7.400249902013592562e-01,1.096401918557577404e-01,1.442165637277234680e+01
7.442649589647416519e+01,7.388384807831790413e-01,1.109875878852243369e-01,1.349087280958831947e+01
7.442649589647416519e+01,7.388384807831790413e-01,1.109875878852243369e-01,1.349087280958831947e+01
7.442649589647416519e+01,7.388384807831790413e-01,1.109875878852243369e-01,1.349087280958831947e+01
7.441211345835482405e+01,7.387702455754554531e-01,1.110650755532932438e-01,1.343734419126772650e+01
7.441658167673479340e+01,7.388333856304044600e-01,1.104641199520472183e-01,1.351198737695196783e+01
7.441658167673479340e+01,7.388333856304044600e-01,1.104641199520472183e-01,1.351198737695196783e+01
7.441658167673479340e+01,7.388333856304044600e-01,1.104641199520472183e-01,1.351198737695196783e+01
7.441658167673479340e+01,7.388333856304044600e-01,1.104641199520472183e-01,1.351198737695196783e+01
7.441658167673479340e+01,7.388333856304044600e-01,1.104641199520472183e-01,1.351198737695196783e+01
7.452129008624608275e+01,7.395571270161526156e-01,1.088146275017338321e-01,1.400285186513758973e+01
7.452129008624608275e+01,7.395571270161526156e-01,1.088146275017338321e-01,1.400285186513758973e+01
7.452129008624608275e+01,7.395571270161526156e-01,1.088146275017338321e-01,1.400285186513758973e+01
7.452129008624608275e+01,7.395571270161526156e-01,1.088146275017338321e-01,1.400285186513758973e+01
7.434812738271553201e+01,7.389096651104831714e-01,1.041993701006686396e-01,1.409833173531456119e+01
7.434812738271553201e+01,7.389096651104831714e-01,1.041993701006686396e-01,1.409833173531456119e+01
7.434812738271553201e+01,7.389096651104831714e-01,1.041993701006686396e-01,1.409833173531456119e+01
7.434812738271553201e+01,7.389096651104831714e-01,1.041993701006686396e-01,1.409833173531456119e+01
7.434812738271553201e+01,7.389096651104831714e-01,1.041993701006686396e-01,1.409833173531456119e+01
7.434812738271553201e+01,7.389096651104831714e-01,1.041993701006686396e-01,1.409833173531456119e+01
7.439722938438539757e+01,7.386108434562211889e-01,1.076262203806024886e-01,1.397306661221757729e+01
7.445555204520688619e+01,7.385806240011701940e-01,1.103131433489946411e-01,1.405768960313724669e+01
7.445555204520688619e+01,7.385806240011701940e-01,1.103131433489946411e-01,1.405768960313724669e+01
7.453803558828498410e+01,7.402717333623943796e-01,1.074579956845340273e-01,1.396419269504205296e+01
7.453803558828498410e+01,7.402717333623943796e-01,1.074579956845340273e-01,1.396419269504205296e+01
7.453803558828498410e+01,7.402717333623943796e-01,1.074579956845340273e-01,1.396419269504205296e+01
7.453803558828498410e+01,7.402717333623943796e-01,1.074579956845340273e-01,1.396419269504205296e+01
7.453803558828498410e+01,7.402717333623943796e-01,1.074579956845340273e-01,1.396419269504205296e+01
7.453693623754591613e+01,7.402793742088178419e-01,1.070945471800211213e-01,1.398811919067310328e+01
7.452855171916617394e+01,7.401159265469334780e-01,1.063039672156033816e-01,1.436744720491879690e+01
7.468182502517113619e+01,7.411913764230637636e-01,1.067843417431849629e-01,1.486439986535426883e+01
7.312882629768560605e+01,7.207570112831596099e-01,4.522629063236959235e-01,6.295558663329454241e+00
7.312882629768560605e+01,7.207570112831596099e-01,4.522629063236959235e-01,6.295558663329454241e+00
7.312882629768560605e+01,7.207570112831596099e-01,4.522629063236959235e-01,6.295558663329454241e+00
7.312882629768560605e+01,7.207570112831596099e-01,4.522629063236959235e-01,6.295558663329454241e+00
7.312882629768560605e+01,7.207570112831596099e-01,4.522629063236959235e-01,6.295558663329454241e+00
7.312882629768560605e+01,7.207570112831596099e-01,4.522629063236959235e-01,6.295558663329454241e+00
7.312882629768560605e+01,7.207570112831596099e-01,4.522629063236959235e-01,6.295558663329454241e+00
7.312882629768560605e+01,7.207570112831596099e-01,4.522629063236959235e-01,6.295558663329454241e+00
7.312882629768560605e+01,7.207570112831596099e-01,4.522629063236959235e-01,6.295558663329454241e+00
7.312882629768560605e+01,7.207570112831596099e-01,4.522629063236959235e-01,6.295558663329454241e+00
7.312882629768560605e+01,7.207570112831596099e-01,4.522629063236959235e-01,6.295558663329454241e+00
7.312882629768560605e+01,7.207570112831596099e-01,4.522629063236959235e-01,6.295558663329454241e+00
7.312882629768560605e+01,7.207570112831596099e-01,4.522629063236959235e-01,6.295558663329454241e+00
7.312882629768560605e+01,7.207570112831596099e-01,4.522629063236959235e-01,6.295558663329454241e+00
7.312882629768560605e+01,7.207570112831596099e-01,4.522629063236959235e-01,6.295558663329454241e+00
7.312882629768560605e+01,7.207570112831596099e-01,4.522629063236959235e-01,6.295558663329454241e+00
7.331685018112331420e+01,7.203505891302766084e-01,4.497971767366568674e-01,6.617089739734208997e+00
7.331685018112331420e+01,7.203505891302766084e-01,4.497971767366568674e-01,6.617089739734208997e+00
7.331685018112331420e+01,7.203505891302766084e-01,4.497971767366568674e-01,6.617089739734208997e+00
7.331685018112331420e+01,7.203505891302766084e-01,4.497971767366568674e-01,6.617089739734208997e+00
7.341298501784096686e+01,7.211943308950822251e-01,4.439252034315204765e-01,6.688852237486529795e+00
7.341298501784096686e+01,7.211943308950822251e-01,4.439252034315204765e-01,6.688852237486529795e+00
7.341298501784096686e+01,7.211943308950822251e-01,4.439252034315204765e-01,6.688852237486529795e+00
7.341428613465767228e+01,7.212234944374235068e-01,4.435905387143339595e-01,6.686647647775989967e+00
7.341428613465767228e+01,7.212234944374235068e-01,4.435905387143339595e-01,6.686647647775989967e+00
7.341428613465767228e+01,7.212234944374235068e-01,4.435905387143339595e-01,6.686647647775989967e+00
7.341428613465767228e+01,7.212234944374235068e-01,4.435905387143339595e-01,6.686647647775989967e+00
7.361854797650005366e+01,7.238798505304716580e-01,4.200156217532224900e-01,6.629288257009020136e+00
7.361854797650005366e+01,7.238798505304716580e-01,4.200156217532224900e-01,6.629288257009020136e+00
7.364495270519964265e+01,7.249885187677608256e-01,4.260709223507169185e-01,6.549720327765196970e+00
7.355844878108750606e+01,7.240397578550533675e-01,4.789253533850851841e-01,6.619935557349958088e+00
7.355844878108750606e+01,7.240397578550533675e-01,4.789253533850851841e-01,6.619935557349958088e+00
7.355844878108750606e+01,7.240397578550533675e-01,4.789253533850851841e-01,6.619935557349958088e+00
7.351193262760860136e+01,7.236579748256252165e-01,4.666505116240833861e-01,6.606392683050825276e+00
7.355150737068700550e+01,7.245587866403027100e-01,4.916363467809276022e-01,6.548221142579889076e+00
7.353104340896419444e+01,7.237253074952573195e-01,5.059194053329572061e-01,6.646824925124295902e+00
7.353086746983541389e+01,7.237093892752005653e-01,5.060240877698131134e-01,6.649009279777864379e+00
7.353086746983541389e+01,7.237093892752005653e-01,5.060240877698131134e-01,6.649009279777864379e+00
7.327613445169724571e+01,7.221165075660244126e-01,5.164733723730293713e-01,6.462878796306197771e+00
7.347722364798443095e+01,7.239284821452540708e-01,5.342259534140040289e-01,6.579973806781898915e+00
7.347722364798443095e+01,7.239284821452540708e-01,5.342259534140040289e-01,6.579973806781898915e+00
7.347722364798443095e+01,7.239284821452540708e-01,5.342259534140040289e-01,6.579973806781898915e+00
7.331868459227069934e+01,7.214119255373084849e-01,5.739447337797134452e-01,6.693278447154740185e+00
7.331868459227069934e+01,7.214119255373084849e-01,5.739447337797134452e-01,6.693278447154740185e+00
7.331868459227069934e+01,7.214119255373084849e-01,5.739447337797134452e-01,6.693278447154740185e+00
7.296046192884115555e+01,7.188697555452155941e-01,6.268068692135118081e-01,6.544659374122607787e+00
7.296046192884115555e+01,7.188697555452155941e-01,6.268068692135118081e-01,6.544659374122607787e+00
7.296046192884115555e+01,7.188697555452155941e-01,6.268068692135118081e-01,6.544659374122607787e+00
7.296046192884115555e+01,7.188697555452155941e-01,6.268068692135118081e-01,6.544659374122607787e+00
7.296046192884115555e+01,7.188697555452155941e-01,6.268068692135118081e-01,6.544659374122607787e+00
7.296046192884115555e+01,7.188697555452155941e-01,6.268068692135118081e-01,6.544659374122607787e+00
7.296046192884115555e+01,7.188697555452155941e-01,6.268068692135118081e-01,6.544659374122607787e+00
7.296046192884115555e+01,7.188697555452155941e-01,6.268068692135118081e-01,6.544659374122607787e+00
7.296046192884115555e+01,7.188697555452155941e-01,6.268068692135118081e-01,6.544659374122607787e+00
7.296046192884115555e+01,7.188697555452155941e-01,6.268068692135118081e-01,6.544659374122607787e+00
7.296046192884115555e+01,7.188697555452155941e-01,6.268068692135118081e-01,6.544659374122607787e+00
7.296046192884115555e+01,7.188697555452155941e-01,6.268068692135118081e-01,6.544659374122607787e+00
7.296046192884115555e+01,7.188697555452155941e-01,6.268068692135118081e-01,6.544659374122607787e+00
7.296046192884115555e+01,7.188697555452155941e-01,6.268068692135118081e-01,6.544659374122607787e+00
7.296046192884115555e+01,7.188697555452155941e-01,6.268068692135118081e-01,6.544659374122607787e+00
7.328802295278492807e+01,7.214708210420875956e-01,5.786684019558467895e-01,6.644145491326351127e+00
7.328802295278492807e+01,7.214708210420875956e-01,5.786684019558467895e-01,6.644145491326351127e+00
7.328802295278492807e+01,7.214708210420875956e-01,5.786684019558467895e-01,6.644145491326351127e+00
7.328802295278492807e+01,7.214708210420875956e-01,5.786684019558467895e-01,6.644145491326351127e+00
7.329426820828213351e+01,7.215683111472019906e-01,5.755508837492820939e-01,6.699933469443905665e+00
7.329426820828213351e+01,7.215683111472019906e-01,5.755508837492820939e-01,6.699933469443905665e+00
7.329426820828213351e+01,7.215683111472019906e-01,5.755508837492820939e-01,6.699933469443905665e+00
7.329426820828213351e+01,7.215683111472019906e-01,5.755508837492820939e-01,6.699933469443905665e+00
7.329426820828213351e+01,7.215683111472019906e-01,5.755508837492820939e-01,6.699933469443905665e+00
7.329426820828213351e+01,7.215683111472019906e-01,5.755508837492820939e-01,6.699933469443905665e+00
7.339611607089868528e+01,7.229375005471743165e-01,5.629213395987374691e-01,6.675664876626506761e+00
7.339611607089868528e+01,7.229375005471743165e-01,5.629213395987374691e-01,6.675664876626506761e+00
7.339611607089868528e+01,7.229375005471743165e-01,5.629213395987374691e-01,6.675664876626506761e+00
7.306249450777181664e+01,7.207985093134252619e-01,6.038443310466113934e-01,6.530919179550854103e+00
7.306249450777181664e+01,7.207985093134252619e-01,6.038443310466113934e-01,6.530919179550854103e+00
7.330735780961467185e+01,7.229740743168474593e-01,5.826338929259916588e-01,6.548963987905061401e+00
7.330735780961467185e+01,7.229740743168474593e-01,5.826338929259916588e-01,6.548963987905061401e+00
7.330735780961467185e+01,7.229740743168474593e-01,5.826338929259916588e-01,6.548963987905061401e+00
7.330735780961467185e+01,7.229740743168474593e-01,5.826338929259916588e-01,6.548963987905061401e+00
7.334977707654022083e+01,7.230795954807555104e-01,5.864697970934311666e-01,6.601501943133123440e+00
7.333176449376379935e+01,7.230408630382930690e-01,5.864961287701804249e-01,6.579549414363161652e+00
7.320500900297034264e+01,7.206740237269181337e-01,5.748828637051371926e-01,6.713134259565050499e+00
7.332747963998377827e+01,7.215284640832170249e-01,5.611554281450246151e-01,6.747528988384694948e+00
7.332747963998377827e+01,7.215284640832170249e-01,5.611554281450246151e-01,6.747528988384694948e+00
7.342712686237982211e+01,7.230226054263743096e-01,5.606543349736529125e-01,6.708442392999831583e+00
7.342712686237982211e+01,7.230226054263743096e-01,5.606543349736529125e-01,6.708442392999831583e+00
7.342712686237982211e+01,7.230226054263743096e-01,5.606543349736529125e-01,6.708442392999831583e+00
7.342712686237982211e+01,7.230226054263743096e-01,5.606543349736529125e-01,6.708442392999831583e+00
7.349428453859525234e+01,7.240683720842794324e-01,5.466269245061733395e-01,6.649439006749108039e+00
7.349428453859525234e+01,7.240683720842794324e-01,5.466269245061733395e-01,6.649439006749108039e+00
7.349428453859525234e+01,7.240683720842794324e-01,5.466269245061733395e-01,6.649439006749108039e+00
7.349428453859525234e+01,7.240683720842794324e-01,5.466269245061733395e-01,6.649439006749108039e+00
7.349428453859525234e+01,7.240683720842794324e-01,5.466269245061733395e-01,6.649439006749108039e+00
7.349428453859525234e+01,7.240683720842794324e-01,5.466269245061733395e-01,6.649439006749108039e+00
7.349909667740712393e+01,7.238723186111059027e-01,5.516267613992464902e-01,6.687410594398414787e+00
7.340285404286723292e+01,7.223883386835615594e-01,5.226626358607613376e-01,6.694253357156453532e+00
7.340285404286723292e+01,7.223883386835615594e-01,5.226626358607613376e-01,6.694253357156453532e+00
7.340285404286723292e+01,7.223883386835615594e-01,5.226626358607613376e-01,6.694253357156453532e+00
7.340285404286723292e+01,7.223883386835615594e-01,5.226626358607613376e-01,6.694253357156453532e+00
7.340285404286723292e+01,7.223883386835615594e-01,5.226626358607613376e-01,6.694253357156453532e+00
7.340285404286723292e+01,7.223883386835615594e-01,5.226626358607613376e-01,6.694253357156453532e+00
7.340285404286723292e+01,7.223883386835615594e-01,5.226626358607613376e-01,6.694253357156453532e+00
7.340285404286723292e+01,7.223883386835615594e-01,5.226626358607613376e-01,6.694253357156453532e+00
7.340285404286723292e+01,7.223883386835615594e-01,5.226626358607613376e-01,6.694253357156453532e+00
7.340285404286723292e+01,7.223883386835615594e-01,5.226626358607613376e-01,6.694253357156453532e+00
7.340285404286723292e+01,7.223883386835615594e-01,5.226626358607613376e-01,6.694253357156453532e+00
7.340285404286723292e+01,7.223883386835615594e-01,5.226626358607613376e-01,6.694253357156453532e+00
7.340285404286723292e+01,7.223883386835615594e-01,5.226626358607613376e-01,6.694253357156453532e+00
7.335914840598630349e+01,7.217070407056596082e-01,5.319917895948650388e-01,6.688786957155709700e+00
7.334220758448381616e+01,7.215442656192360138e-01,5.301279458058605343e-01,6.679268360657006909e+00
7.334220758448381616e+01,7.215442656192360138e-01,5.301279458058605343e-01,6.679268360657006909e+00
7.335143353607531935e+01,7.207405596213311005e-01,5.371930680471116437e-01,6.768095494589050354e+00
7.341583033495879818e+01,7.223332329340069746e-01,5.259529652867259708e-01,6.650989644057450967e+00
7.341583033495879818e+01,7.223332329340069746e-01,5.259529652867259708e-01,6.650989644057450967e+00
7.341583033495879818e+01,7.223332329340069746e-01,5.259529652867259708e-01,6.650989644057450967e+00
7.338478925817555876e+01,7.226910070834597910e-01,5.320499139641259312e-01,6.585560046054180106e+00
7.338478925817555876e+01,7.226910070834597910e-01,5.320499139641259312e-01,6.585560046054180106e+00
7.338478925817555876e+01,7.226910070834597910e-01,5.320499139641259312e-01,6.585560046054180106e+00
7.338478925817555876e+01,7.226910070834597910e-01,5.320499139641259312e-01,6.585560046054180106e+00
7.338478925817555876e+01,7.226910070834597910e-01,5.320499139641259312e-01,6.585560046054180106e+00
7.333277119034029568e+01,7.219924800760564310e-01,5.255819068453583265e-01,6.534381045520017750e+00
7.333277119034029568e+01,7.219924800760564310e-01,5.255819068453583265e-01,6.534381045520017750e+00
7.333277119034029568e+01,7.219924800760564310e-01,5.255819068453583265e-01,6.534381045520017750e+00
7.333277119034029568e+01,7.219924800760564310e-01,5.255819068453583265e-01,6.534381045520017750e+00
7.333277119034029568e+01,7.219924800760564310e-01,5.255819068453583265e-01,6.534381045520017750e+00
7.334253351828608913e+01,7.220969905963771085e-01,5.254099151330324791e-01,6.539812138533497077e+00
7.334253351828608913e+01,7.220969905963771085e-01,5.254099151330324791e-01,6.539812138533497077e+00
7.334253351828608913e+01,7.220969905963771085e-01,5.254099151330324791e-01,6.539812138533497077e+00
7.334253351828608913e+01,7.220969905963771085e-01,5.254099151330324791e-01,6.539812138533497077e+00
7.334253351828608913e+01,7.220969905963771085e-01,5.254099151330324791e-01,6.539812138533497077e+00
7.334253351828608913e+01,7.220969905963771085e-01,5.254099151330324791e-01,6.539812138533497077e+00
7.333129014569441040e+01,7.202920059018840249e-01,5.573805389801353982e-01,6.743919501248748283e+00
7.333511972005429413e+01,7.203753113203666958e-01,5.566590019891132224e-01,6.741300958222413264e+00
7.333511972005429413e+01,7.203753113203666958e-01,5.566590019891132224e-01,6.741300958222413264e+00
7.357474929805840702e+01,7.248688702275011275e-01,5.078190754527783790e-01,6.546388420075627046e+00
7.357474929805840702e+01,7.248688702275011275e-01,5.078190754527783790e-01,6.546388420075627046e+00
7.358398812433155456e+01,7.250210118097949463e-01,5.032660634326416860e-01,6.576604228246836215e+00
7.357160252519702226e+01,7.248477103572205094e-01,5.084941407846501615e-01,6.508799661857847418e+00
7.357160252519702226e+01,7.248477103572205094e-01,5.084941407846501615e-01,6.508799661857847418e+00
7.354635195225036171e+01,7.248775303543263382e-01,5.191766026914251819e-01,6.450292452496374729e+00
7.354635195225036171e+01,7.248775303543263382e-01,5.191766026914251819e-01,6.450292452496374729e+00
7.348674722466410003e+01,7.244440058720553743e-01,4.643340917052212746e-01,6.415979876230867518e+00
7.351705698146840007e+01,7.235969951382513754e-01,4.689056001207131397e-01,6.538228042598849932e+00
7.349757076523727051e+01,7.232337361326051095e-01,4.638076357846943054e-01,6.545588852569142801e+00
7.349757076523727051e+01,7.232337361326051095e-01,4.638076357846943054e-01,6.545588852569142801e+00
7.353936394270176891e+01,7.244862610111025836e-01,4.652531082041587163e-01,6.495106895703744776e+00
7.353936394270176891e+01,7.244862610111025836e-01,4.652531082041587163e-01,6.495106895703744776e+00
7.353936394270176891e+01,7.244862610111025836e-01,4.652531082041587163e-01,6.495106895703744776e+00
7.353936394270176891e+01,7.244862610111025836e-01,4.652531082041587163e-01,6.495106895703744776e+00
7.353936394270176891e+01,7.244862610111025836e-01,4.652531082041587163e-01,6.495106895703744776e+00
7.353936394270176891e+01,7.244862610111025836e-01,4.652531082041587163e-01,6.495106895703744776e+00
7.353936394270176891e+01,7.244862610111025836e-01,4.652531082041587163e-01,6.495106895703744776e+00
7.353936394270176891e+01,7.244862610111025836e-01,4.652531082041587163e-01,6.495106895703744776e+00
7.353936394270176891e+01,7.244862610111025836e-01,4.652531082041587163e-01,6.495106895703744776e+00
7.353936394270176891e+01,7.244862610111025836e-01,4.652531082041587163e-01,6.495106895703744776e+00
7.350320565518798333e+01,7.235391056489156592e-01,4.946922329608348656e-01,6.608984567761465811e+00
7.348818263662840877e+01,7.234353119927993125e-01,5.001398381995338926e-01,6.591022065402992958e+00
7.348818263662840877e+01,7.234353119927993125e-01,5.001398381995338926e-01,6.591022065402992958e+00
7.348818263662840877e+01,7.234353119927993125e-01,5.001398381995338926e-01,6.591022065402992958e+00
7.348818263662840877e+01,7.234353119927993125e-01,5.001398381995338926e-01,6.591022065402992958e+00
7.351459635248390612e+01,7.237488563672359598e-01,4.842145192086227956e-01,6.571445359661338692e+00
7.351459635248390612e+01,7.237488563672359598e-01,4.842145192086227956e-01,6.571445359661338692e+00
7.351459635248390612e+01,7.237488563672359598e-01,4.842145192086227956e-01,6.571445359661338692e+00
7.351459635248390612e+01,7.237488563672359598e-01,4.842145192086227956e-01,6.571445359661338692e+00
7.351459635248390612e+01,7.237488563672359598e-01,4.842145192086227956e-01,6.571445359661338692e+00
7.351459635248390612e+01,7.237488563672359598e-01,4.842145192086227956e-01,6.571445359661338692e+00
7.351459635248390612e+01,7.237488563672359598e-01,4.842145192086227956e-01,6.571445359661338692e+00
7.351459635248390612e+01,7.237488563672359598e-01,4.842145192086227956e-01,6.571445359661338692e+00
7.351459635248390612e+01,7.237488563672359598e-01,4.842145192086227956e-01,6.571445359661338692e+00
7.351459635248390612e+01,7.237488563672359598e-01,4.842145192086227956e-01,6.571445359661338692e+00
7.347830759249198707e+01,7.245354364637894840e-01,4.835099458903935332e-01,6.424140108429829965e+00
7.347830759249198707e+01,7.245354364637894840e-01,4.835099458903935332e-01,6.424140108429829965e+00
7.347830759249198707e+01,7.245354364637894840e-01,4.835099458903935332e-01,6.424140108429829965e+00
7.347688148788020612e+01,7.245357833399040937e-01,4.844243242442661801e-01,6.423548717251755136e+00
7.349302059597614800e+01,7.246343661629800481e-01,5.207022466976172215e-01,6.462691756470141158e+00
7.374113758550009834e+01,7.261421794003016794e-01,5.736545303843616495e-01,6.744512249564295736e+00
7.374113758550009834e+01,7.261421794003016794e-01,5.736545303843616495e-01,6.744512249564295736e+00
7.374113758550009834e+01,7.261421794003016794e-01,5.736545303843616495e-01,6.744512249564295736e+00
7.374113758550009834e+01,7.261421794003016794e-01,5.736545303843616495e-01,6.744512249564295736e+00
7.374113758550009834e+01,7.261421794003016794e-01,5.736545303843616495e-01,6.744512249564295736e+00
7.374113758550009834e+01,7.261421794003016794e-01,5.736545303843616495e-01,6.744512249564295736e+00
7.374113758550009834e+01,7.261421794003016794e-01,5.736545303843616495e-01,6.744512249564295736e+00
7.374113758550009834e+01,7.261421794003016794e-01,5.736545303843616495e-01,6.744512249564295736e+00
7.374113758550009834e+01,7.261421794003016794e-01,5.736545303843616495e-01,6.744512249564295736e+00
7.374113758550009834e+01,7.261421794003016794e-01,5.736545303843616495e-01,6.744512249564295736e+00
7.374113758550009834e+01,7.261421794003016794e-01,5.736545303843616495e-01,6.744512249564295736e+00
7.374113758550009834e+01,7.261421794003016794e-01,5.736545303843616495e-01,6.744512249564295736e+00
7.374113758550009834e+01,7.261421794003016794e-01,5.736545303843616495e-01,6.744512249564295736e+00
7.374113758550009834e+01,7.261421794003016794e-01,5.736545303843616495e-01,6.744512249564295736e+00
7.374122418305393012e+01,7.261445969742789108e-01,5.733858519437406986e-01,6.744061402077291767e+00
7.374122418305393012e+01,7.261445969742789108e-01,5.733858519437406986e-01,6.744061402077291767e+00
7.374122418305393012e+01,7.261445969742789108e-01,5.733858519437406986e-01,6.744061402077291767e+00
7.374122418305393012e+01,7.261445969742789108e-01,5.733858519437406986e-01,6.744061402077291767e+00
7.374122418305393012e+01,7.261445969742789108e-01,5.733858519437406986e-01,6.744061402077291767e+00
7.374122418305393012e+01,7.261445969742789108e-01,5.733858519437406986e-01,6.744061402077291767e+00
7.374122418305393012e+01,7.261445969742789108e-01,5.733858519437406986e-01,6.744061402077291767e+00
7.374122418305393012e+01,7.261445969742789108e-01,5.733858519437406986e-01,6.744061402077291767e+00
7.374122418305393012e+01,7.261445969742789108e-01,5.733858519437406986e-01,6.744061402077291767e+00
7.374122418305393012e+01,7.261445969742789108e-01,5.733858519437406986e-01,6.744061402077291767e+00
7.374122418305393012e+01,7.261445969742789108e-01,5.733858519437406986e-01,6.744061402077291767e+00
7.374122418305393012e+01,7.261445969742789108e-01,5.733858519437406986e-01,6.744061402077291767e+00
7.373309364540126865e+01,7.258804171691404239e-01,5.683662846769371724e-01,6.755943268821269498e+00
7.373309364540126865e+01,7.258804171691404239e-01,5.683662846769371724e-01,6.755943268821269498e+00
7.374913798250047137e+01,7.258018553817191520e-01,5.461059144710068702e-01,6.786446463914768579e+00
7.374913798250047137e+01,7.258018553817191520e-01,5.461059144710068702e-01,6.786446463914768579e+00
7.374913798250047137e+01,7.258018553817191520e-01,5.461059144710068702e-01,6.786446463914768579e+00
7.374913798250047137e+01,7.258018553817191520e-01,5.461059144710068702e-01,6.786446463914768579e+00
7.374913798250047137e+01,7.258018553817191520e-01,5.461059144710068702e-01,6.786446463914768579e+00
7.378925860538282677e+01,7.267401668159185757e-01,5.617730617177295604e-01,6.761672959595506960e+00
7.378925860538282677e+01,7.267401668159185757e-01,5.617730617177295604e-01,6.761672959595506960e+00
7.378925860538282677e+01,7.267401668159185757e-01,5.617730617177295604e-01,6.761672959595506960e+00
7.378925860538282677e+01,7.267401668159185757e-01,5.617730617177295604e-01,6.761672959595506960e+00
7.378925860538282677e+01,7.267401668159185757e-01,5.617730617177295604e-01,6.761672959595506960e+00
7.378925860538282677e+01,7.267401668159185757e-01,5.617730617177295604e-01,6.761672959595506960e+00
7.378925860538282677e+01,7.267401668159185757e-01,5.617730617177295604e-01,6.761672959595506960e+00
7.378925860538282677e+01,7.267401668159185757e-01,5.617730617177295604e-01,6.761672959595506960e+00
7.378925860538282677e+01,7.267401668159185757e-01,5.617730617177295604e-01,6.761672959595506960e+00
7.378925860538282677e+01,7.267401668159185757e-01,5.617730617177295604e-01,6.761672959595506960e+00
7.378925860538282677e+01,7.267401668159185757e-01,5.617730617177295604e-01,6.761672959595506960e+00
7.380877550109350693e+01,7.266105519447583205e-01,5.195757226503178172e-01,6.762612149981563014e+00
7.380877550109350693e+01,7.266105519447583205e-01,5.195757226503178172e-01,6.762612149981563014e+00
7.380877550109350693e+01,7.266105519447583205e-01,5.195757226503178172e-01,6.762612149981563014e+00
7.380877550109350693e+01,7.266105519447583205e-01,5.195757226503178172e-01,6.762612149981563014e+00
7.380877550109350693e+01,7.266105519447583205e-01,5.195757226503178172e-01,6.762612149981563014e+00
7.380877550109350693e+01,7.266105519447583205e-01,5.195757226503178172e-01,6.762612149981563014e+00
7.380877550109350693e+01,7.266105519447583205e-01,5.195757226503178172e-01,6.762612149981563014e+00
7.380877550109350693e+01,7.266105519447583205e-01,5.195757226503178172e-01,6.762612149981563014e+00
7.384541733179845835e+01,7.268512461713000361e-01,5.178499547224848509e-01,6.817057514176659616e+00
7.384541733179845835e+01,7.268512461713000361e-01,5.178499547224848509e-01,6.817057514176659616e+00
7.384541733179845835e+01,7.268512461713000361e-01,5.178499547224848509e-01,6.817057514176659616e+00
7.384541733179845835e+01,7.268512461713000361e-01,5.178499547224848509e-01,6.817057514176659616e+00
7.402156819508120122e+01,7.284399663026982497e-01,4.961620205236757508e-01,6.871278514881087318e+00
7.402156819508120122e+01,7.284399663026982497e-01,4.961620205236757508e-01,6.871278514881087318e+00
7.402156819508120122e+01,7.284399663026982497e-01,4.961620205236757508e-01,6.871278514881087318e+00
7.385769069501453998e+01,7.268193217731315769e-01,5.173069488638485369e-01,6.794010497714907615e+00
7.385769069501453998e+01,7.268193217731315769e-01,5.173069488638485369e-01,6.794010497714907615e+00
7.385769069501453998e+01,7.268193217731315769e-01,5.173069488638485369e-01,6.794010497714907615e+00
7.385769069501453998e+01,7.268193217731315769e-01,5.173069488638485369e-01,6.794010497714907615e+00
7.385769069501453998e+01,7.268193217731315769e-01,5.173069488638485369e-01,6.794010497714907615e+00
7.385769069501453998e+01,7.268193217731315769e-01,5.173069488638485369e-01,6.794010497714907615e+00
7.385769069501453998e+01,7.268193217731315769e-01,5.173069488638485369e-01,6.794010497714907615e+00
7.381549712097920235e+01,7.254158199604313628e-01,5.258434095041040202e-01,6.889561084941996150e+00
7.381549712097920235e+01,7.254158199604313628e-01,5.258434095041040202e-01,6.889561084941996150e+00
7.381549712097920235e+01,7.254158199604313628e-01,5.258434095041040202e-01,6.889561084941996150e+00
7.381549712097920235e+01,7.254158199604313628e-01,5.258434095041040202e-01,6.889561084941996150e+00
7.375162924480115123e+01,7.253814818420536437e-01,5.148139070320619792e-01,6.794694170658305055e+00
7.375299529238809271e+01,7.239945138955367065e-01,4.889540334052659976e-01,6.846816414529865114e+00
7.375299529238809271e+01,7.239945138955367065e-01,4.889540334052659976e-01,6.846816414529865114e+00
7.375299529238809271e+01,7.239945138955367065e-01,4.889540334052659976e-01,6.846816414529865114e+00
7.375299529238809271e+01,7.239945138955367065e-01,4.889540334052659976e-01,6.846816414529865114e+00
7.375299529238809271e+01,7.239945138955367065e-01,4.889540334052659976e-01,6.846816414529865114e+00
7.375299529238809271e+01,7.239945138955367065e-01,4.889540334052659976e-01,6.846816414529865114e+00
7.371108286488583872e+01,7.246685526512556264e-01,5.244251150202088319e-01,6.803962995151020543e+00
7.371108286488583872e+01,7.246685526512556264e-01,5.244251150202088319e-01,6.803962995151020543e+00
7.371108286488583872e+01,7.246685526512556264e-01,5.244251150202088319e-01,6.803962995151020543e+00
7.362886864020055100e+01,7.241987357050513330e-01,5.467440274031817316e-01,6.789604640899007393e+00
7.344903075763538425e+01,7.235755094415602384e-01,5.573713057946589888e-01,6.632086875781767255e+00
7.344903075763538425e+01,7.235755094415602384e-01,5.573713057946589888e-01,6.632086875781767255e+00
7.344903075763538425e+01,7.235755094415602384e-01,5.573713057946589888e-01,6.632086875781767255e+00
7.349627934875081792e+01,7.249796712319386272e-01,5.462642844083257510e-01,6.568699698841307999e+00
7.349627934875081792e+01,7.249796712319386272e-01,5.462642844083257510e-01,6.568699698841307999e+00
7.348253462206236009e+01,7.247800574172641452e-01,5.525026722088396403e-01,6.462750037296123296e+00
7.348253462206236009e+01,7.247800574172641452e-01,5.525026722088396403e-01,6.462750037296123296e+00
7.348253462206236009e+01,7.247800574172641452e-01,5.525026722088396403e-01,6.462750037296123296e+00
7.348253462206236009e+01,7.247800574172641452e-01,5.525026722088396403e-01,6.462750037296123296e+00
7.348253462206236009e+01,7.247800574172641452e-01,5.525026722088396403e-01,6.462750037296123296e+00
7.348253462206236009e+01,7.247800574172641452e-01,5.525026722088396403e-01,6.462750037296123296e+00
7.348370694586458285e+01,7.247946285095545615e-01,5.519994841536967067e-01,6.466105798326382548e+00
7.355499119485192239e+01,7.255491727244868239e-01,5.146200039561252826e-01,6.448782147559819933e+00
7.355499119485192239e+01,7.255491727244868239e-01,5.146200039561252826e-01,6.448782147559819933e+00
7.354315999293646655e+01,7.251452179169730616e-01,5.174967877015503870e-01,6.477852102421871372e+00
7.354315999293646655e+01,7.251452179169730616e-01,5.174967877015503870e-01,6.477852102421871372e+00
7.354315999293646655e+01,7.251452179169730616e-01,5.174967877015503870e-01,6.477852102421871372e+00
7.357641913694673974e+01,7.253099572508208137e-01,5.619278757554064807e-01,6.606248407850497273e+00
7.348282576616220751e+01,7.234314562091127554e-01,5.687421768120060062e-01,6.667957237118082858e+00
7.352803384297308753e+01,7.244214663585616387e-01,5.465544226816119178e-01,6.629546729541824668e+00
7.352803384297308753e+01,7.244214663585616387e-01,5.465544226816119178e-01,6.629546729541824668e+00
7.352803384297308753e+01,7.244214663585616387e-01,5.465544226816119178e-01,6.629546729541824668e+00
7.352803384297308753e+01,7.244214663585616387e-01,5.465544226816119178e-01,6.629546729541824668e+00
7.352803384297308753e+01,7.244214663585616387e-01,5.465544226816119178e-01,6.629546729541824668e+00
7.352803384297308753e+01,7.244214663585616387e-01,5.465544226816119178e-01,6.629546729541824668e+00
7.352803384297308753e+01,7.244214663585616387e-01,5.465544226816119178e-01,6.629546729541824668e+00
7.352803384297308753e+01,7.244214663585616387e-01,5.465544226816119178e-01,6.629546729541824668e+00
7.356386717537913000e+01,7.245413372224762671e-01,5.372257495698801177e-01,6.660913306522072475e+00
7.356386717537913000e+01,7.245413372224762671e-01,5.372257495698801177e-01,6.660913306522072475e+00
7.356386717537913000e+01,7.245413372224762671e-01,5.372257495698801177e-01,6.660913306522072475e+00
7.356386717537913000e+01,7.245413372224762671e-01,5.372257495698801177e-01,6.660913306522072475e+00
7.356386717537913000e+01,7.245413372224762671e-01,5.372257495698801177e-01,6.660913306522072475e+00
7.366816456874744290e+01,7.249904244422733512e-01,5.078255714680597332e-01,6.746261072495762789e+00
7.366816456874744290e+01,7.249904244422733512e-01,5.078255714680597332e-01,6.746261072495762789e+00
7.366816456874744290e+01,7.249904244422733512e-01,5.078255714680597332e-01,6.746261072495762789e+00
7.366816456874744290e+01,7.249904244422733512e-01,5.078255714680597332e-01,6.746261072495762789e+00
7.361016284867982051e+01,7.235276626896869345e-01,5.154950285827157863e-01,6.881784764212056871e+00
7.361016284867982051e+01,7.235276626896869345e-01,5.154950285827157863e-01,6.881784764212056871e+00
7.361016284867982051e+01,7.235276626896869345e-01,5.154950285827157863e-01,6.881784764212056871e+00
7.361016284867982051e+01,7.235276626896869345e-01,5.154950285827157863e-01,6.881784764212056871e+00
7.361016284867982051e+01,7.235276626896869345e-01,5.154950285827157863e-01,6.881784764212056871e+00
7.361016284867982051e+01,7.235276626896869345e-01,5.154950285827157863e-01,6.881784764212056871e+00
7.361016284867982051e+01,7.235276626896869345e-01,5.154950285827157863e-01,6.881784764212056871e+00
7.361016284867982051e+01,7.235276626896869345e-01,5.154950285827157863e-01,6.881784764212056871e+00
7.361016284867982051e+01,7.235276626896869345e-01,5.154950285827157863e-01,6.881784764212056871e+00
7.361016284867982051e+01,7.235276626896869345e-01,5.154950285827157863e-01,6.881784764212056871e+00
7.362068509790857718e+01,7.235305158534385273e-01,5.140140410214847355e-01,6.896821606805297655e+00
7.362068509790857718e+01,7.235305158534385273e-01,5.140140410214847355e-01,6.896821606805297655e+00
7.367516591071071730e+01,7.247587867476695811e-01,4.629327358619598209e-01,6.764690919273277814e+00
7.367516591071071730e+01,7.247587867476695811e-01,4.629327358619598209e-01,6.764690919273277814e+00
7.368040376747126174e+01,7.247505981119620744e-01,4.617925926087238508e-01,6.771132184150494560e+00
7.369588042775963288e+01,7.247009427293111816e-01,4.559173551891839704e-01,6.796759593681827916e+00
7.369588042775963288e+01,7.247009427293111816e-01,4.559173551891839704e-01,6.796759593681827916e+00
7.369588042775963288e+01,7.247009427293111816e-01,4.559173551891839704e-01,6.796759593681827916e+00
7.369588042775963288e+01,7.247009427293111816e-01,4.559173551891839704e-01,6.796759593681827916e+00
7.369588042775963288e+01,7.247009427293111816e-01,4.559173551891839704e-01,6.796759593681827916e+00
7.369588042775963288e+01,7.247009427293111816e-01,4.559173551891839704e-01,6.796759593681827916e+00
7.369588042775963288e+01,7.247009427293111816e-01,4.559173551891839704e-01,6.796759593681827916e+00
7.369588042775963288e+01,7.247009427293111816e-01,4.559173551891839704e-01,6.796759593681827916e+00
7.369588042775963288e+01,7.247009427293111816e-01,4.559173551891839704e-01,6.796759593681827916e+00
7.369588042775963288e+01,7.247009427293111816e-01,4.559173551891839704e-01,6.796759593681827916e+00
7.369588042775963288e+01,7.247009427293111816e-01,4.559173551891839704e-01,6.796759593681827916e+00
7.381008985368893605e+01,7.266174245489214201e-01,4.449006998742110475e-01,6.688009261662529070e+00
7.381008985368893605e+01,7.266174245489214201e-01,4.449006998742110475e-01,6.688009261662529070e+00
7.381008985368893605e+01,7.266174245489214201e-01,4.449006998742110475e-01,6.688009261662529070e+00
7.381008985368893605e+01,7.266174245489214201e-01,4.449006998742110475e-01,6.688009261662529070e+00
7.381008985368893605e+01,7.266174245489214201e-01,4.449006998742110475e-01,6.688009261662529070e+00
7.381008985368893605e+01,7.266174245489214201e-01,4.449006998742110475e-01,6.688009261662529070e+00
7.381008985368893605e+01,7.266174245489214201e-01,4.449006998742110475e-01,6.688009261662529070e+00
7.381008985368893605e+01,7.266174245489214201e-01,4.449006998742110475e-01,6.688009261662529070e+00
7.398627140495629817e+01,7.266663248772802230e-01,4.405918656166101233e-01,6.940638734650583785e+00
7.398627140495629817e+01,7.266663248772802230e-01,4.405918656166101233e-01,6.940638734650583785e+00
7.398627140495629817e+01,7.266663248772802230e-01,4.405918656166101233e-01,6.940638734650583785e+00
7.398627140495629817e+01,7.266663248772802230e-01,4.405918656166101233e-01,6.940638734650583785e+00
7.398627140495629817e+01,7.266663248772802230e-01,4.405918656166101233e-01,6.940638734650583785e+00
7.398627140495629817e+01,7.266663248772802230e-01,4.405918656166101233e-01,6.940638734650583785e+00
7.398627140495629817e+01,7.266663248772802230e-01,4.405918656166101233e-01,6.940638734650583785e+00
7.398627140495629817e+01,7.266663248772802230e-01,4.405918656166101233e-01,6.940638734650583785e+00
7.398627140495629817e+01,7.266663248772802230e-01,4.405918656166101233e-01,6.940638734650583785e+00
7.398627140495629817e+01,7.266663248772802230e-01,4.405918656166101233e-01,6.940638734650583785e+00
7.398627140495629817e+01,7.266663248772802230e-01,4.405918656166101233e-01,6.940638734650583785e+00
7.398627140495629817e+01,7.266663248772802230e-01,4.405918656166101233e-01,6.940638734650583785e+00
7.398627140495629817e+01,7.266663248772802230e-01,4.405918656166101233e-01,6.940638734650583785e+00
7.398627140495629817e+01,7.266663248772802230e-01,4.405918656166101233e-01,6.940638734650583785e+00
7.398627140495629817e+01,7.266663248772802230e-01,4.405918656166101233e-01,6.940638734650583785e+00
7.398276879060115618e+01,7.265647898011794448e-01,4.447839282627266133e-01,6.845455429017330395e+00
7.398276879060115618e+01,7.265647898011794448e-01,4.447839282627266133e-01,6.845455429017330395e+00
7.398276879060115618e+01,7.265647898011794448e-01,4.447839282627266133e-01,6.845455429017330395e+00
7.398276879060115618e+01,7.265647898011794448e-01,4.447839282627266133e-01,6.845455429017330395e+00
7.389326562289259925e+01,7.265205309274852530e-01,4.544803589620013407e-01,6.743012802813574957e+00
7.389326562289259925e+01,7.265205309274852530e-01,4.544803589620013407e-01,6.743012802813574957e+00
7.389326562289259925e+01,7.265205309274852530e-01,4.544803589620013407e-01,6.743012802813574957e+00
7.389326562289259925e+01,7.265205309274852530e-01,4.544803589620013407e-01,6.743012802813574957e+00
7.389326562289259925e+01,7.265205309274852530e-01,4.544803589620013407e-01,6.743012802813574957e+00
7.386918270080850846e+01,7.260236936124189189e-01,4.859496450363216535e-01,6.904643474013353099e+00
7.386918270080850846e+01,7.260236936124189189e-01,4.859496450363216535e-01,6.904643474013353099e+00
7.386918270080850846e+01,7.260236936124189189e-01,4.859496450363216535e-01,6.904643474013353099e+00
7.386918270080850846e+01,7.260236936124189189e-01,4.859496450363216535e-01,6.904643474013353099e+00
7.383198849178242540e+01,7.260581110531039162e-01,5.114259299409558146e-01,6.858128976217669148e+00
7.383198849178242540e+01,7.260581110531039162e-01,5.114259299409558146e-01,6.858128976217669148e+00
7.389545212681051112e+01,7.259993853548990517e-01,4.679563229942052538e-01,6.937495608521897950e+00
7.389545212681051112e+01,7.259993853548990517e-01,4.679563229942052538e-01,6.937495608521897950e+00
7.389545212681051112e+01,7.259993853548990517e-01,4.679563229942052538e-01,6.937495608521897950e+00
7.384944001519649248e+01,7.259233505635487305e-01,4.942880619844742252e-01,6.844809044481915628e+00
7.384944001519649248e+01,7.259233505635487305e-01,4.942880619844742252e-01,6.844809044481915628e+00
7.384944001519649248e+01,7.259233505635487305e-01,4.942880619844742252e-01,6.844809044481915628e+00
7.378268057194311780e+01,7.253472856148686088e-01,5.001072362303458085e-01,6.833377344134484055e+00
7.378268057194311780e+01,7.253472856148686088e-01,5.001072362303458085e-01,6.833377344134484055e+00
7.378882101749121603e+01,7.253589927689726435e-01,4.991386958474579583e-01,6.840425590186940852e+00
7.378882101749121603e+01,7.253589927689726435e-01,4.991386958474579583e-01,6.840425590186940852e+00
7.378882101749121603e+01,7.253589927689726435e-01,4.991386958474579583e-01,6.840425590186940852e+00
7.364338181903227110e+01,7.250817035892571649e-01,5.220790078914253618e-01,6.673484730866317882e+00
7.364338181903227110e+01,7.250817035892571649e-01,5.220790078914253618e-01,6.673484730866317882e+00
7.364338181903227110e+01,7.250817035892571649e-01,5.220790078914253618e-01,6.673484730866317882e+00
7.367022214693552939e+01,7.246843634093080855e-01,4.825107417446502511e-01,6.703896833093202723e+00
7.367022214693552939e+01,7.246843634093080855e-01,4.825107417446502511e-01,6.703896833093202723e+00
7.367820985749710871e+01,7.252294851816466492e-01,4.639571834769845582e-01,6.623021580419282017e+00
7.367820985749710871e+01,7.252294851816466492e-01,4.639571834769845582e-01,6.623021580419282017e+00
7.367820985749710871e+01,7.252294851816466492e-01,4.639571834769845582e-01,6.623021580419282017e+00
7.367820985749710871e+01,7.252294851816466492e-01,4.639571834769845582e-01,6.623021580419282017e+00
7.367820985749710871e+01,7.252294851816466492e-01,4.639571834769845582e-01,6.623021580419282017e+00
7.349767464152188268e+01,7.234283120710149895e-01,5.332181166852463239e-01,6.683709571473475997e+00
7.349767464152188268e+01,7.234283120710149895e-01,5.332181166852463239e-01,6.683709571473475997e+00
7.346901716314319231e+01,7.230588864745163269e-01,5.335686234036975950e-01,6.692527195828179565e+00
7.346901716314319231e+01,7.230588864745163269e-01,5.335686234036975950e-01,6.692527195828179565e+00
7.346901716314319231e+01,7.230588864745163269e-01,5.335686234036975950e-01,6.692527195828179565e+00
7.341453873565923516e+01,7.252279092467600607e-01,5.998582559176593998e-01,6.484870269565830903e+00
7.341453873565923516e+01,7.252279092467600607e-01,5.998582559176593998e-01,6.484870269565830903e+00
7.338177760342694000e+01,7.250118856339087259e-01,6.064081805680362480e-01,6.496003094501759279e+00
7.338177760342694000e+01,7.250118856339087259e-01,6.064081805680362480e-01,6.496003094501759279e+00
7.342554017376856734e+01,7.237206122680239773e-01,5.630420489782482774e-01,6.622459593227607577e+00
7.343563303660022257e+01,7.237773616871848725e-01,5.608183460450141267e-01,6.620651299847487792e+00
7.343563303660022257e+01,7.237773616871848725e-01,5.608183460450141267e-01,6.620651299847487792e+00
7.359513767073640622e+01,7.245941908639524920e-01,5.371962063534025944e-01,6.721660200117015371e+00
7.359513767073640622e+01,7.245941908639524920e-01,5.371962063534025944e-01,6.721660200117015371e+00
7.359161262832122929e+01,7.250917457184344883e-01,5.471294788418575861e-01,6.650268104679463832e+00
7.359161262832122929e+01,7.250917457184344883e-01,5.471294788418575861e-01,6.650268104679463832e+00
7.358824728899993772e+01,7.250580547363213446e-01,5.487193666619186727e-01,6.637058857618533203e+00
7.358824728899993772e+01,7.250580547363213446e-01,5.487193666619186727e-01,6.637058857618533203e+00
7.358824728899993772e+01,7.250580547363213446e-01,5.487193666619186727e-01,6.637058857618533203e+00
7.358824728899993772e+01,7.250580547363213446e-01,5.487193666619186727e-01,6.637058857618533203e+00
7.355973728220574515e+01,7.248670061763379246e-01,5.613653337212298755e-01,6.643357390433630272e+00
7.350706957802279362e+01,7.241316708049219120e-01,5.739669738668453647e-01,6.710117314528794452e+00
7.350706957802279362e+01,7.241316708049219120e-01,5.739669738668453647e-01,6.710117314528794452e+00
7.350706957802279362e+01,7.241316708049219120e-01,5.739669738668453647e-01,6.710117314528794452e+00
7.350706957802279362e+01,7.241316708049219120e-01,5.739669738668453647e-01,6.710117314528794452e+00
7.350706957802279362e+01,7.241316708049219120e-01,5.739669738668453647e-01,6.710117314528794452e+00
7.343957711576531722e+01,7.235358680986239133e-01,5.838925762862717805e-01,6.715499407473184412e+00
7.343957711576531722e+01,7.235358680986239133e-01,5.838925762862717805e-01,6.715499407473184412e+00
7.343957711576531722e+01,7.235358680986239133e-01,5.838925762862717805e-01,6.715499407473184412e+00
7.343957711576531722e+01,7.235358680986239133e-01,5.838925762862717805e-01,6.715499407473184412e+00
7.343957711576531722e+01,7.235358680986239133e-01,5.838925762862717805e-01,6.715499407473184412e+00
7.343957711576531722e+01,7.235358680986239133e-01,5.838925762862717805e-01,6.715499407473184412e+00
7.343957711576531722e+01,7.235358680986239133e-01,5.838925762862717805e-01,6.715499407473184412e+00
7.343957711576531722e+01,7.235358680986239133e-01,5.838925762862717805e-01,6.715499407473184412e+00
7.343957711576531722e+01,7.235358680986239133e-01,5.838925762862717805e-01,6.715499407473184412e+00
7.334531975274296656e+01,7.229292307977162046e-01,6.047674828517621837e-01,6.689745400213620741e+00
7.334531975274296656e+01,7.229292307977162046e-01,6.047674828517621837e-01,6.689745400213620741e+00
7.331743726960587537e+01,7.229060510786622373e-01,5.932419700075802771e-01,6.624587146884733713e+00
7.331743726960587537e+01,7.229060510786622373e-01,5.932419700075802771e-01,6.624587146884733713e+00
7.331743726960587537e+01,7.229060510786622373e-01,5.932419700075802771e-01,6.624587146884733713e+00
7.331743726960587537e+01,7.229060510786622373e-01,5.932419700075802771e-01,6.624587146884733713e+00
7.331743726960587537e+01,7.229060510786622373e-01,5.932419700075802771e-01,6.624587146884733713e+00
7.331743726960587537e+01,7.229060510786622373e-01,5.932419700075802771e-01,6.624587146884733713e+00
7.331743726960587537e+01,7.229060510786622373e-01,5.932419700075802771e-01,6.624587146884733713e+00
7.331743726960587537e+01,7.229060510786622373e-01,5.932419700075802771e-01,6.624587146884733713e+00
7.331743726960587537e+01,7.229060510786622373e-01,5.932419700075802771e-01,6.624587146884733713e+00
7.336731301678817374e+01,7.233303097698402517e-01,5.982214609879240585e-01,6.616204609927589964e+00
7.336731301678817374e+01,7.233303097698402517e-01,5.982214609879240585e-01,6.616204609927589964e+00
7.336731301678817374e+01,7.233303097698402517e-01,5.982214609879240585e-01,6.616204609927589964e+00
7.336731301678817374e+01,7.233303097698402517e-01,5.982214609879240585e-01,6.616204609927589964e+00
7.336731301678817374e+01,7.233303097698402517e-01,5.982214609879240585e-01,6.616204609927589964e+00
7.336731301678817374e+01,7.233303097698402517e-01,5.982214609879240585e-01,6.616204609927589964e+00
7.336731301678817374e+01,7.233303097698402517e-01,5.982214609879240585e-01,6.616204609927589964e+00
7.336731301678817374e+01,7.233303097698402517e-01,5.982214609879240585e-01,6.616204609927589964e+00
7.343248253141027249e+01,7.235704724942605415e-01,6.079459457370812725e-01,6.694275365967600422e+00
7.322539258210427704e+01,7.227579662244334457e-01,6.594354991359738793e-01,6.596161479915762627e+00
7.322539258210427704e+01,7.227579662244334457e-01,6.594354991359738793e-01,6.596161479915762627e+00
7.322539258210427704e+01,7.227579662244334457e-01,6.594354991359738793e-01,6.596161479915762627e+00
7.322539258210427704e+01,7.227579662244334457e-01,6.594354991359738793e-01,6.596161479915762627e+00
7.322539258210427704e+01,7.227579662244334457e-01,6.594354991359738793e-01,6.596161479915762627e+00
7.322539258210427704e+01,7.227579662244334457e-01,6.594354991359738793e-01,6.596161479915762627e+00
7.322539258210427704e+01,7.227579662244334457e-01,6.594354991359738793e-01,6.596161479915762627e+00
7.341102959102629200e+01,7.243609329794064022e-01,6.114335146500161633e-01,6.597473438839752902e+00
7.341135879161267042e+01,7.243645148035949832e-01,6.113606448353763323e-01,6.597434557780105457e+00
7.341135879161267042e+01,7.243645148035949832e-01,6.113606448353763323e-01,6.597434557780105457e+00
7.341135879161267042e+01,7.243645148035949832e-01,6.113606448353763323e-01,6.597434557780105457e+00
7.341135879161267042e+01,7.243645148035949832e-01,6.113606448353763323e-01,6.597434557780105457e+00
7.340442869928992309e+01,7.243680326692245597e-01,6.068215603030863159e-01,6.587143144648140769e+00
7.340442869928992309e+01,7.243680326692245597e-01,6.068215603030863159e-01,6.587143144648140769e+00
7.340442869928992309e+01,7.243680326692245597e-01,6.068215603030863159e-01,6.587143144648140769e+00
7.340442869928992309e+01,7.243680326692245597e-01,6.068215603030863159e-01,6.587143144648140769e+00
7.346516668493214297e+01,7.249279815059661569e-01,5.659254879610560174e-01,6.479515335065115345e+00
7.338259319084171750e+01,7.241667291945382834e-01,6.215238347311927702e-01,6.625835701218159457e+00
7.337435077451119980e+01,7.227969308288495487e-01,6.021826372998025922e-01,6.678711155960803225e+00
7.336055637079770975e+01,7.229946725381812822e-01,6.406670310698683313e-01,6.671189373012578194e+00
7.346968334557037394e+01,7.250056191410689799e-01,5.761701190382263471e-01,6.486212957396349843e+00
7.334372026728279081e+01,7.238481437544489472e-01,5.896429945807888373e-01,6.455231438558477919e+00
7.334372026728279081e+01,7.238481437544489472e-01,5.896429945807888373e-01,6.455231438558477919e+00
7.337264440516567277e+01,7.239016524059513902e-01,5.870077429002142910e-01,6.493527151243205786e+00
7.337264440516567277e+01,7.239016524059513902e-01,5.870077429002142910e-01,6.493527151243205786e+00
7.337264440516567277e+01,7.239016524059513902e-01,5.870077429002142910e-01,6.493527151243205786e+00
7.340787781483885510e+01,7.238696729940561347e-01,5.811972701780471207e-01,6.533265404615629102e+00
7.340787781483885510e+01,7.238696729940561347e-01,5.811972701780471207e-01,6.533265404615629102e+00
7.340787781483885510e+01,7.238696729940561347e-01,5.811972701780471207e-01,6.533265404615629102e+00
7.340787781483885510e+01,7.238696729940561347e-01,5.811972701780471207e-01,6.533265404615629102e+00
7.340787781483885510e+01,7.238696729940561347e-01,5.811972701780471207e-01,6.533265404615629102e+00
7.340787781483885510e+01,7.238696729940561347e-01,5.811972701780471207e-01,6.533265404615629102e+00
7.340787781483885510e+01,7.238696729940561347e-01,5.811972701780471207e-01,6.533265404615629102e+00
7.337759870381793803e+01,7.235551337736865207e-01,5.899694978113273480e-01,6.540216483884432108e+00
7.337759870381793803e+01,7.235551337736865207e-01,5.899694978113273480e-01,6.540216483884432108e+00
7.337759870381793803e+01,7.235551337736865207e-01,5.899694978113273480e-01,6.540216483884432108e+00
7.337759870381793803e+01,7.235551337736865207e-01,5.899694978113273480e-01,6.540216483884432108e+00
7.343396494195232549e+01,7.216265002367331372e-01,5.672013092535505008e-01,6.856725645015806059e+00
7.344127021925899612e+01,7.217438658454211620e-01,5.658057930673835445e-01,6.850365129014688748e+00
7.344127021925899612e+01,7.217438658454211620e-01,5.658057930673835445e-01,6.850365129014688748e+00
7.344127021925899612e+01,7.217438658454211620e-01,5.658057930673835445e-01,6.850365129014688748e+00
7.344127021925899612e+01,7.217438658454211620e-01,5.658057930673835445e-01,6.850365129014688748e+00
7.344127021925899612e+01,7.217438658454211620e-01,5.658057930673835445e-01,6.850365129014688748e+00
7.352772261545779031e+01,7.214346750321123380e-01,6.011758267991872406e-01,7.122280737995467348e+00
7.352772261545779031e+01,7.214346750321123380e-01,6.011758267991872406e-01,7.122280737995467348e+00
7.352772261545779031e+01,7.214346750321123380e-01,6.011758267991872406e-01,7.122280737995467348e+00
7.352772261545779031e+01,7.214346750321123380e-01,6.011758267991872406e-01,7.122280737995467348e+00
7.352772261545779031e+01,7.214346750321123380e-01,6.011758267991872406e-01,7.122280737995467348e+00
7.352772261545779031e+01,7.214346750321123380e-01,6.011758267991872406e-01,7.122280737995467348e+00
7.352772261545779031e+01,7.214346750321123380e-01,6.011758267991872406e-01,7.122280737995467348e+00
7.352595108396457135e+01,7.214718779597122378e-01,6.000770366776553288e-01,7.113228321237512475e+00
7.352595108396457135e+01,7.214718779597122378e-01,6.000770366776553288e-01,7.113228321237512475e+00
7.352595108396457135e+01,7.214718779597122378e-01,6.000770366776553288e-01,7.113228321237512475e+00
7.352595108396457135e+01,7.214718779597122378e-01,6.000770366776553288e-01,7.113228321237512475e+00
7.354968446137172577e+01,7.229238297963038740e-01,5.764437981828234303e-01,6.900492049152838980e+00
7.354968446137172577e+01,7.229238297963038740e-01,5.764437981828234303e-01,6.900492049152838980e+00
7.354968446137172577e+01,7.229238297963038740e-01,5.764437981828234303e-01,6.900492049152838980e+00
7.354968446137172577e+01,7.229238297963038740e-01,5.764437981828234303e-01,6.900492049152838980e+00
7.354968446137172577e+01,7.229238297963038740e-01,5.764437981828234303e-01,6.900492049152838980e+00
7.354968446137172577e+01,7.229238297963038740e-01,5.764437981828234303e-01,6.900492049152838980e+00
7.354968446137172577e+01,7.229238297963038740e-01,5.764437981828234303e-01,6.900492049152838980e+00
7.354968446137172577e+01,7.229238297963038740e-01,5.764437981828234303e-01,6.900492049152838980e+00
7.354968446137172577e+01,7.229238297963038740e-01,5.764437981828234303e-01,6.900492049152838980e+00
7.362143509487549409e+01,7.241101122248434496e-01,5.245059152666950997e-01,6.820031843688655115e+00
7.360623633064744809e+01,7.239063443201741999e-01,5.305617904627646375e-01,6.767025898749532864e+00
7.360623633064744809e+01,7.239063443201741999e-01,5.305617904627646375e-01,6.767025898749532864e+00
7.360623633064744809e+01,7.239063443201741999e-01,5.305617904627646375e-01,6.767025898749532864e+00
7.358680618713884769e+01,7.234709411568351900e-01,6.016070044582955134e-01,6.774252056461341986e+00
7.358680618713884769e+01,7.234709411568351900e-01,6.016070044582955134e-01,6.774252056461341986e+00
7.358680618713884769e+01,7.234709411568351900e-01,6.016070044582955134e-01,6.774252056461341986e+00
7.354082654202538549e+01,7.236633027900739590e-01,6.013940914861742870e-01,6.702660366546155934e+00
7.354082654202538549e+01,7.236633027900739590e-01,6.013940914861742870e-01,6.702660366546155934e+00
7.354082654202538549e+01,7.236633027900739590e-01,6.013940914861742870e-01,6.702660366546155934e+00
7.354082654202538549e+01,7.236633027900739590e-01,6.013940914861742870e-01,6.702660366546155934e+00
7.354082654202538549e+01,7.236633027900739590e-01,6.013940914861742870e-01,6.702660366546155934e+00
7.354082654202538549e+01,7.236633027900739590e-01,6.013940914861742870e-01,6.702660366546155934e+00
7.354082654202538549e+01,7.236633027900739590e-01,6.013940914861742870e-01,6.702660366546155934e+00
7.354082654202538549e+01,7.236633027900739590e-01,6.013940914861742870e-01,6.702660366546155934e+00
7.354082654202538549e+01,7.236633027900739590e-01,6.013940914861742870e-01,6.702660366546155934e+00
7.363310126899249042e+01,7.237824930529722645e-01,5.894861371125720284e-01,6.792592558982695650e+00
7.363310126899249042e+01,7.237824930529722645e-01,5.894861371125720284e-01,6.792592558982695650e+00
7.363310126899249042e+01,7.237824930529722645e-01,5.894861371125720284e-01,6.792592558982695650e+00
7.363310126899249042e+01,7.237824930529722645e-01,5.894861371125720284e-01,6.792592558982695650e+00
7.363310126899249042e+01,7.237824930529722645e-01,5.894861371125720284e-01,6.792592558982695650e+00
7.363310126899249042e+01,7.237824930529722645e-01,5.894861371125720284e-01,6.792592558982695650e+00
7.363310126899249042e+01,7.237824930529722645e-01,5.894861371125720284e-01,6.792592558982695650e+00
7.363310126899249042e+01,7.237824930529722645e-01,5.894861371125720284e-01,6.792592558982695650e+00
7.363310126899249042e+01,7.237824930529722645e-01,5.894861371125720284e-01,6.792592558982695650e+00
7.363310126899249042e+01,7.237824930529722645e-01,5.894861371125720284e-01,6.792592558982695650e+00
7.365725304986574429e+01,7.240366727273841452e-01,5.769531750767071809e-01,6.787989932263104542e+00
7.365725304986574429e+01,7.240366727273841452e-01,5.769531750767071809e-01,6.787989932263104542e+00
7.365725304986574429e+01,7.240366727273841452e-01,5.769531750767071809e-01,6.787989932263104542e+00
7.365725304986574429e+01,7.240366727273841452e-01,5.769531750767071809e-01,6.787989932263104542e+00
7.354043841763758849e+01,7.298133300368281340e-01,1.153983207132249084e-01,1.235948635871573664e+01
7.354043841763758849e+01,7.298133300368281340e-01,1.153983207132249084e-01,1.235948635871573664e+01
7.354043841763758849e+01,7.298133300368281340e-01,1.153983207132249084e-01,1.235948635871573664e+01
7.354043841763758849e+01,7.298133300368281340e-01,1.153983207132249084e-01,1.235948635871573664e+01
7.354043841763758849e+01,7.298133300368281340e-01,1.153983207132249084e-01,1.235948635871573664e+01
7.354043841763758849e+01,7.298133300368281340e-01,1.153983207132249084e-01,1.235948635871573664e+01
7.354043841763758849e+01,7.298133300368281340e-01,1.153983207132249084e-01,1.235948635871573664e+01
7.354043841763758849e+01,7.298133300368281340e-01,1.153983207132249084e-01,1.235948635871573664e+01
7.354043841763758849e+01,7.298133300368281340e-01,1.153983207132249084e-01,1.235948635871573664e+01
7.347460969180698953e+01,7.294606680956809974e-01,1.055486666798050727e-01,1.296169866845976948e+01
7.347460969180698953e+01,7.294606680956809974e-01,1.055486666798050727e-01,1.296169866845976948e+01
7.427304455632491909e+01,7.377893173310448027e-01,1.066803234638175751e-01,1.431005656036837692e+01
7.427304455632491909e+01,7.377893173310448027e-01,1.066803234638175751e-01,1.431005656036837692e+01
7.427304455632491909e+01,7.377893173310448027e-01,1.066803234638175751e-01,1.431005656036837692e+01
7.427304455632491909e+01,7.377893173310448027e-01,1.066803234638175751e-01,1.431005656036837692e+01
7.427304455632491909e+01,7.377893173310448027e-01,1.066803234638175751e-01,1.431005656036837692e+01
7.427304455632491909e+01,7.377893173310448027e-01,1.066803234638175751e-01,1.431005656036837692e+01
7.427304455632491909e+01,7.377893173310448027e-01,1.066803234638175751e-01,1.431005656036837692e+01
7.427304455632491909e+01,7.377893173310448027e-01,1.066803234638175751e-01,1.431005656036837692e+01
7.427304455632491909e+01,7.377893173310448027e-01,1.066803234638175751e-01,1.431005656036837692e+01
7.427304455632491909e+01,7.377893173310448027e-01,1.066803234638175751e-01,1.431005656036837692e+01
7.431445507397769745e+01,7.373840219494829373e-01,1.099621498891571181e-01,1.432470335191479549e+01
7.431445507397769745e+01,7.373840219494829373e-01,1.099621498891571181e-01,1.432470335191479549e+01
7.431445507397769745e+01,7.373840219494829373e-01,1.099621498891571181e-01,1.432470335191479549e+01
7.431445507397769745e+01,7.373840219494829373e-01,1.099621498891571181e-01,1.432470335191479549e+01
7.431631037608694612e+01,7.373116344742123296e-01,1.109812702304286275e-01,1.427753786877599040e+01
7.431631037608694612e+01,7.373116344742123296e-01,1.109812702304286275e-01,1.427753786877599040e+01
7.431631037608694612e+01,7.373116344742123296e-01,1.109812702304286275e-01,1.427753786877599040e+01
7.431631037608694612e+01,7.373116344742123296e-01,1.109812702304286275e-01,1.427753786877599040e+01
7.433881714824217113e+01,7.370483820784542450e-01,1.127667569762543232e-01,1.424297207729259895e+01
7.433881714824217113e+01,7.370483820784542450e-01,1.127667569762543232e-01,1.424297207729259895e+01
7.434628135856929987e+01,7.373203138877321150e-01,1.061092766816509880e-01,1.479869674264353208e+01
7.434628135856929987e+01,7.373203138877321150e-01,1.061092766816509880e-01,1.479869674264353208e+01
7.434628135856929987e+01,7.373203138877321150e-01,1.061092766816509880e-01,1.479869674264353208e+01
7.434628135856929987e+01,7.373203138877321150e-01,1.061092766816509880e-01,1.479869674264353208e+01
7.434628135856929987e+01,7.373203138877321150e-01,1.061092766816509880e-01,1.479869674264353208e+01
7.434628135856929987e+01,7.373203138877321150e-01,1.061092766816509880e-01,1.479869674264353208e+01
7.434628135856929987e+01,7.373203138877321150e-01,1.061092766816509880e-01,1.479869674264353208e+01
7.434628135856929987e+01,7.373203138877321150e-01,1.061092766816509880e-01,1.479869674264353208e+01
7.434628135856929987e+01,7.373203138877321150e-01,1.061092766816509880e-01,1.479869674264353208e+01
7.434628135856929987e+01,7.373203138877321150e-01,1.061092766816509880e-01,1.479869674264353208e+01
7.436182234411634795e+01,7.370698462231783932e-01,1.084917160062246339e-01,1.475920815229025251e+01
7.436182234411634795e+01,7.370698462231783932e-01,1.084917160062246339e-01,1.475920815229025251e+01
7.436182234411634795e+01,7.370698462231783932e-01,1.084917160062246339e-01,1.475920815229025251e+01
7.442805612574102270e+01,7.378114795275798610e-01,1.108869000302236119e-01,1.437636525712815683e+01
7.442805612574102270e+01,7.378114795275798610e-01,1.108869000302236119e-01,1.437636525712815683e+01
7.441042215338913479e+01,7.377187475582580589e-01,1.107988347759066156e-01,1.433341104932090637e+01
7.441042215338913479e+01,7.377187475582580589e-01,1.107988347759066156e-01,1.433341104932090637e+01
7.441042215338913479e+01,7.377187475582580589e-01,1.107988347759066156e-01,1.433341104932090637e+01
7.441042215338913479e+01,7.377187475582580589e-01,1.107988347759066156e-01,1.433341104932090637e+01
7.441042215338913479e+01,7.377187475582580589e-01,1.107988347759066156e-01,1.433341104932090637e+01
7.441042215338913479e+01,7.377187475582580589e-01,1.107988347759066156e-01,1.433341104932090637e+01
7.441042215338913479e+01,7.377187475582580589e-01,1.107988347759066156e-01,1.433341104932090637e+01
7.441042215338913479e+01,7.377187475582580589e-01,1.107988347759066156e-01,1.433341104932090637e+01
7.441042215338913479e+01,7.377187475582580589e-01,1.107988347759066156e-01,1.433341104932090637e+01
7.441042215338913479e+01,7.377187475582580589e-01,1.107988347759066156e-01,1.433341104932090637e+01
7.441042215338913479e+01,7.377187475582580589e-01,1.107988347759066156e-01,1.433341104932090637e+01
7.441042215338913479e+01,7.377187475582580589e-01,1.107988347759066156e-01,1.433341104932090637e+01
7.441042215338913479e+01,7.377187475582580589e-01,1.107988347759066156e-01,1.433341104932090637e+01
7.407985159258328167e+01,7.377068630114006487e-01,9.984475628369707256e-02,1.287390229431854394e+01
7.407985159258328167e+01,7.377068630114006487e-01,9.984475628369707256e-02,1.287390229431854394e+01
7.407985159258328167e+01,7.377068630114006487e-01,9.984475628369707256e-02,1.287390229431854394e+01
7.407985159258328167e+01,7.377068630114006487e-01,9.984475628369707256e-02,1.287390229431854394e+01
7.409980438800229763e+01,7.380596530030210101e-01,9.844131126463558090e-02,1.293486710294653719e+01
7.409980438800229763e+01,7.380596530030210101e-01,9.844131126463558090e-02,1.293486710294653719e+01
7.409980438800229763e+01,7.380596530030210101e-01,9.844131126463558090e-02,1.293486710294653719e+01
7.409980438800229763e+01,7.380596530030210101e-01,9.844131126463558090e-02,1.293486710294653719e+01
7.409980438800229763e+01,7.380596530030210101e-01,9.844131126463558090e-02,1.293486710294653719e+01
7.409836057402880272e+01,7.380775928675362696e-01,9.843333159697478796e-02,1.288425343957030833e+01
7.409836057402880272e+01,7.380775928675362696e-01,9.843333159697478796e-02,1.288425343957030833e+01
7.409836057402880272e+01,7.380775928675362696e-01,9.843333159697478796e-02,1.288425343957030833e+01
7.409836057402880272e+01,7.380775928675362696e-01,9.843333159697478796e-02,1.288425343957030833e+01
7.411556034835541595e+01,7.380831979152326916e-01,1.016503346793112272e-01,1.264143124122819728e+01
7.411556034835541595e+01,7.380831979152326916e-01,1.016503346793112272e-01,1.264143124122819728e+01
7.411556034835541595e+01,7.380831979152326916e-01,1.016503346793112272e-01,1.264143124122819728e+01
7.412728691648868562e+01,7.379518067275708804e-01,1.047945638611124941e-01,1.243380846650220839e+01
7.408001004204211881e+01,7.376900544289787254e-01,1.035459434786936694e-01,1.226736826381627132e+01
7.408001004204211881e+01,7.376900544289787254e-01,1.035459434786936694e-01,1.226736826381627132e+01
7.408001004204211881e+01,7.376900544289787254e-01,1.035459434786936694e-01,1.226736826381627132e+01
7.408001004204211881e+01,7.376900544289787254e-01,1.035459434786936694e-01,1.226736826381627132e+01
7.408001004204211881e+01,7.376900544289787254e-01,1.035459434786936694e-01,1.226736826381627132e+01
7.408001004204211881e+01,7.376900544289787254e-01,1.035459434786936694e-01,1.226736826381627132e+01
7.408001004204211881e+01,7.376900544289787254e-01,1.035459434786936694e-01,1.226736826381627132e+01
7.408001004204211881e+01,7.376900544289787254e-01,1.035459434786936694e-01,1.226736826381627132e+01
7.408001004204211881e+01,7.376900544289787254e-01,1.035459434786936694e-01,1.226736826381627132e+01
7.410546504102042320e+01,7.377769595793085555e-01,1.044808096136586317e-01,1.227898464524187716e+01
7.410546504102042320e+01,7.377769595793085555e-01,1.044808096136586317e-01,1.227898464524187716e+01
7.410546504102042320e+01,7.377769595793085555e-01,1.044808096136586317e-01,1.227898464524187716e+01
7.410546504102042320e+01,7.377769595793085555e-01,1.044808096136586317e-01,1.227898464524187716e+01
7.410546504102042320e+01,7.377769595793085555e-01,1.044808096136586317e-01,1.227898464524187716e+01
7.410546504102042320e+01,7.377769595793085555e-01,1.044808096136586317e-01,1.227898464524187716e+01
7.410546504102042320e+01,7.377769595793085555e-01,1.044808096136586317e-01,1.227898464524187716e+01
7.410546504102042320e+01,7.377769595793085555e-01,1.044808096136586317e-01,1.227898464524187716e+01
7.410546504102042320e+01,7.377769595793085555e-01,1.044808096136586317e-01,1.227898464524187716e+01
7.410546504102042320e+01,7.377769595793085555e-01,1.044808096136586317e-01,1.227898464524187716e+01
7.410546504102042320e+01,7.377769595793085555e-01,1.044808096136586317e-01,1.227898464524187716e+01
7.410546504102042320e+01,7.377769595793085555e-01,1.044808096136586317e-01,1.227898464524187716e+01
7.410546504102042320e+01,7.377769595793085555e-01,1.044808096136586317e-01,1.227898464524187716e+01
7.410546504102042320e+01,7.377769595793085555e-01,1.044808096136586317e-01,1.227898464524187716e+01
7.423461946807886136e+01,7.379154460461838649e-01,1.152115736938739698e-01,1.186011767974232001e+01
7.424458027989903997e+01,7.378638880393293409e-01,1.153980965416465249e-01,1.194128859977294432e+01
7.424458027989903997e+01,7.378638880393293409e-01,1.153980965416465249e-01,1.194128859977294432e+01
7.424458027989903997e+01,7.378638880393293409e-01,1.153980965416465249e-01,1.194128859977294432e+01
7.424458027989903997e+01,7.378638880393293409e-01,1.153980965416465249e-01,1.194128859977294432e+01
7.424458027989903997e+01,7.378638880393293409e-01,1.153980965416465249e-01,1.194128859977294432e+01
7.424458027989903997e+01,7.378638880393293409e-01,1.153980965416465249e-01,1.194128859977294432e+01
7.423272132624236974e+01,7.385358363476511867e-01,1.051846696959577998e-01,1.255707340592290677e+01
7.423272132624236974e+01,7.385358363476511867e-01,1.051846696959577998e-01,1.255707340592290677e+01
7.423272132624236974e+01,7.385358363476511867e-01,1.051846696959577998e-01,1.255707340592290677e+01
7.436764797223939638e+01,7.396359991524934507e-01,1.046756812707658468e-01,1.337981343672528034e+01
7.454655855651773777e+01,7.415595434964309396e-01,9.994245737200044277e-02,1.418566442404451244e+01
7.454655855651773777e+01,7.415595434964309396e-01,9.994245737200044277e-02,1.418566442404451244e+01
7.454655855651773777e+01,7.415595434964309396e-01,9.994245737200044277e-02,1.418566442404451244e+01
7.454655855651773777e+01,7.415595434964309396e-01,9.994245737200044277e-02,1.418566442404451244e+01
7.454655855651773777e+01,7.415595434964309396e-01,9.994245737200044277e-02,1.418566442404451244e+01
7.463225136040807683e+01,7.402688941011391632e-01,1.084524083046875531e-01,1.440131704377751554e+01
7.463225136040807683e+01,7.402688941011391632e-01,1.084524083046875531e-01,1.440131704377751554e+01
7.463225136040807683e+01,7.402688941011391632e-01,1.084524083046875531e-01,1.440131704377751554e+01
7.463225136040807683e+01,7.402688941011391632e-01,1.084524083046875531e-01,1.440131704377751554e+01
7.463225136040807683e+01,7.402688941011391632e-01,1.084524083046875531e-01,1.440131704377751554e+01
7.465275686383301945e+01,7.405110345116147075e-01,1.080744772203448556e-01,1.449083920831594341e+01
7.461122532852228062e+01,7.400524882280665739e-01,1.147252508682986977e-01,1.375225800248163388e+01
7.461122532852228062e+01,7.400524882280665739e-01,1.147252508682986977e-01,1.375225800248163388e+01
7.461264684408021708e+01,7.400556740615122919e-01,1.147339750093263194e-01,1.376456274454834983e+01
7.461780699809379769e+01,7.401381984865996744e-01,1.122141381644667368e-01,1.380820642383822161e+01
7.461780699809379769e+01,7.401381984865996744e-01,1.122141381644667368e-01,1.380820642383822161e+01
7.461780699809379769e+01,7.401381984865996744e-01,1.122141381644667368e-01,1.380820642383822161e+01
7.461780699809379769e+01,7.401381984865996744e-01,1.122141381644667368e-01,1.380820642383822161e+01
7.461861488312018764e+01,7.402174786821199559e-01,1.116991972151641227e-01,1.385722542136165814e+01
7.461861488312018764e+01,7.402174786821199559e-01,1.116991972151641227e-01,1.385722542136165814e+01
7.461861488312018764e+01,7.402174786821199559e-01,1.116991972151641227e-01,1.385722542136165814e+01
7.461861488312018764e+01,7.402174786821199559e-01,1.116991972151641227e-01,1.385722542136165814e+01
7.461861488312018764e+01,7.402174786821199559e-01,1.116991972151641227e-01,1.385722542136165814e+01
7.461861488312018764e+01,7.402174786821199559e-01,1.116991972151641227e-01,1.385722542136165814e+01
7.461861488312018764e+01,7.402174786821199559e-01,1.116991972151641227e-01,1.385722542136165814e+01
7.459017303649740427e+01,7.396939696138222775e-01,1.158281675214647422e-01,1.341955558804178317e+01
7.459017303649740427e+01,7.396939696138222775e-01,1.158281675214647422e-01,1.341955558804178317e+01
7.453508546134327162e+01,7.391012252470964272e-01,1.159563732993555141e-01,1.331916030627693814e+01
7.448523122941728047e+01,7.384739708401449887e-01,1.196420774758943095e-01,1.264508363275011860e+01
7.448523122941728047e+01,7.384739708401449887e-01,1.196420774758943095e-01,1.264508363275011860e+01
7.448523122941728047e+01,7.384739708401449887e-01,1.196420774758943095e-01,1.264508363275011860e+01
7.448523122941728047e+01,7.384739708401449887e-01,1.196420774758943095e-01,1.264508363275011860e+01
7.447362976410830981e+01,7.383522022206270297e-01,1.195486650353285302e-01,1.264361353007606503e+01
7.447362976410830981e+01,7.383522022206270297e-01,1.195486650353285302e-01,1.264361353007606503e+01
7.441971921245769295e+01,7.376059347874113215e-01,1.198200041460898702e-01,1.251026089994727997e+01
7.442075918527919498e+01,7.376088382780833230e-01,1.198661755465972312e-01,1.250907174142433043e+01
7.442075918527919498e+01,7.376088382780833230e-01,1.198661755465972312e-01,1.250907174142433043e+01
7.443042190234552891e+01,7.375481207395001571e-01,1.205274159589418276e-01,1.251989774430653846e+01
7.443042190234552891e+01,7.375481207395001571e-01,1.205274159589418276e-01,1.251989774430653846e+01
7.443042190234552891e+01,7.375481207395001571e-01,1.205274159589418276e-01,1.251989774430653846e+01
7.443042190234552891e+01,7.375481207395001571e-01,1.205274159589418276e-01,1.251989774430653846e+01
7.443042190234552891e+01,7.375481207395001571e-01,1.205274159589418276e-01,1.251989774430653846e+01
7.443042190234552891e+01,7.375481207395001571e-01,1.205274159589418276e-01,1.251989774430653846e+01
7.442841199388307416e+01,7.375228417032272388e-01,1.215470879962749495e-01,1.250368847126378924e+01
7.442841199388307416e+01,7.375228417032272388e-01,1.215470879962749495e-01,1.250368847126378924e+01
7.442841199388307416e+01,7.375228417032272388e-01,1.215470879962749495e-01,1.250368847126378924e+01
7.440516025341788975e+01,7.375396358421404397e-01,1.209602522802200320e-01,1.241251032826546563e+01
7.440516025341788975e+01,7.375396358421404397e-01,1.209602522802200320e-01,1.241251032826546563e+01
7.440516025341788975e+01,7.375396358421404397e-01,1.209602522802200320e-01,1.241251032826546563e+01
7.437713227342648281e+01,7.375855920041638480e-01,1.192526141594225514e-01,1.252907741486641413e+01
7.435664056485367723e+01,7.374835710403723210e-01,1.191463125237423454e-01,1.246679595107478988e+01
7.435664056485367723e+01,7.374835710403723210e-01,1.191463125237423454e-01,1.246679595107478988e+01
7.449058724863365910e+01,7.371406542039813381e-01,1.302404634181410503e-01,1.169836769211406136e+01
7.449058724863365910e+01,7.371406542039813381e-01,1.302404634181410503e-01,1.169836769211406136e+01
7.449058724863365910e+01,7.371406542039813381e-01,1.302404634181410503e-01,1.169836769211406136e+01
7.449058724863365910e+01,7.371406542039813381e-01,1.302404634181410503e-01,1.169836769211406136e+01
7.449138772010665832e+01,7.371408239348976599e-01,1.302849127352921077e-01,1.169887104062377148e+01
7.455186947289415400e+01,7.370667118704784526e-01,1.351483583187366999e-01,1.139478992192122320e+01
7.455186947289415400e+01,7.370667118704784526e-01,1.351483583187366999e-01,1.139478992192122320e+01
7.455186947289415400e+01,7.370667118704784526e-01,1.351483583187366999e-01,1.139478992192122320e+01
7.478258118249452480e+01,7.374111537719240106e-01,1.350763623519749546e-01,1.239302897083140564e+01
7.478258118249452480e+01,7.374111537719240106e-01,1.350763623519749546e-01,1.239302897083140564e+01
7.452005577739367936e+01,7.367280765732172609e-01,1.305728320382535945e-01,1.177214870312060313e+01
7.452005577739367936e+01,7.367280765732172609e-01,1.305728320382535945e-01,1.177214870312060313e+01
7.452005577739367936e+01,7.367280765732172609e-01,1.305728320382535945e-01,1.177214870312060313e+01
7.471267402139093861e+01,7.275830605132677098e-01,2.190383750511442629e-01,1.163448231665004329e+01
7.448245882148560781e+01,7.270692311322637380e-01,2.271829748863327947e-01,1.051246371672087676e+01
7.460616705428969908e+01,7.291300799415860734e-01,2.069590378205456993e-01,1.039357704792053383e+01
7.460616705428969908e+01,7.291300799415860734e-01,2.069590378205456993e-01,1.039357704792053383e+01
7.460616705428969908e+01,7.291300799415860734e-01,2.069590378205456993e-01,1.039357704792053383e+01
7.460616705428969908e+01,7.291300799415860734e-01,2.069590378205456993e-01,1.039357704792053383e+01
7.460848893687678185e+01,7.297227994146574526e-01,1.964849090412584542e-01,1.048440177966711850e+01
7.460848893687678185e+01,7.297227994146574526e-01,1.964849090412584542e-01,1.048440177966711850e+01
7.460848893687678185e+01,7.297227994146574526e-01,1.964849090412584542e-01,1.048440177966711850e+01
7.460848893687678185e+01,7.297227994146574526e-01,1.964849090412584542e-01,1.048440177966711850e+01
7.460848893687678185e+01,7.297227994146574526e-01,1.964849090412584542e-01,1.048440177966711850e+01
7.460848893687678185e+01,7.297227994146574526e-01,1.964849090412584542e-01,1.048440177966711850e+01
7.460848893687678185e+01,7.297227994146574526e-01,1.964849090412584542e-01,1.048440177966711850e+01
7.462526988885471724e+01,7.305201817255845276e-01,1.879278790455297665e-01,1.082135422459281315e+01
7.462526988885471724e+01,7.305201817255845276e-01,1.879278790455297665e-01,1.082135422459281315e+01
7.469119216926711147e+01,7.307202861023801566e-01,1.949552090470823007e-01,1.057381006687884906e+01
7.469119216926711147e+01,7.307202861023801566e-01,1.949552090470823007e-01,1.057381006687884906e+01
7.469119216926711147e+01,7.307202861023801566e-01,1.949552090470823007e-01,1.057381006687884906e+01
7.469119216926711147e+01,7.307202861023801566e-01,1.949552090470823007e-01,1.057381006687884906e+01
7.469119216926711147e+01,7.307202861023801566e-01,1.949552090470823007e-01,1.057381006687884906e+01
7.470377954699500833e+01,7.307809154375333183e-01,1.899408827591608784e-01,1.062455545382493227e+01
7.470377954699500833e+01,7.307809154375333183e-01,1.899408827591608784e-01,1.062455545382493227e+01
7.470377954699500833e+01,7.307809154375333183e-01,1.899408827591608784e-01,1.062455545382493227e+01
7.470377954699500833e+01,7.307809154375333183e-01,1.899408827591608784e-01,1.062455545382493227e+01
7.470377954699500833e+01,7.307809154375333183e-01,1.899408827591608784e-01,1.062455545382493227e+01
7.470377954699500833e+01,7.307809154375333183e-01,1.899408827591608784e-01,1.062455545382493227e+01
7.470377954699500833e+01,7.307809154375333183e-01,1.899408827591608784e-01,1.062455545382493227e+01
7.468090295201778872e+01,7.338775703948762219e-01,1.808438989489541404e-01,9.929759352471441147e+00
7.468090295201778872e+01,7.338775703948762219e-01,1.808438989489541404e-01,9.929759352471441147e+00
7.468090295201778872e+01,7.338775703948762219e-01,1.808438989489541404e-01,9.929759352471441147e+00
7.464176479179468515e+01,7.340552119607756110e-01,1.756493729652342517e-01,1.007471400550111085e+01
7.465021759805229351e+01,7.341246839707961103e-01,1.763858931685403919e-01,1.005551723403593201e+01
7.465021759805229351e+01,7.341246839707961103e-01,1.763858931685403919e-01,1.005551723403593201e+01
7.465021759805229351e+01,7.341246839707961103e-01,1.763858931685403919e-01,1.005551723403593201e+01
7.465021759805229351e+01,7.341246839707961103e-01,1.763858931685403919e-01,1.005551723403593201e+01
7.465021759805229351e+01,7.341246839707961103e-01,1.763858931685403919e-01,1.005551723403593201e+01
7.465021759805229351e+01,7.341246839707961103e-01,1.763858931685403919e-01,1.005551723403593201e+01
7.422238176917463193e+01,7.316816844311710977e-01,1.811016132162295289e-01,9.064734662926726472e+00
7.432291203729961637e+01,7.344151767931477170e-01,1.591778970980531893e-01,1.007244757096779431e+01
7.432291203729961637e+01,7.344151767931477170e-01,1.591778970980531893e-01,1.007244757096779431e+01
7.432291203729961637e+01,7.344151767931477170e-01,1.591778970980531893e-01,1.007244757096779431e+01
7.432291203729961637e+01,7.344151767931477170e-01,1.591778970980531893e-01,1.007244757096779431e+01
7.432291203729961637e+01,7.344151767931477170e-01,1.591778970980531893e-01,1.007244757096779431e+01
7.432291203729961637e+01,7.344151767931477170e-01,1.591778970980531893e-01,1.007244757096779431e+01
7.432291203729961637e+01,7.344151767931477170e-01,1.591778970980531893e-01,1.007244757096779431e+01
7.428658819277838177e+01,7.332418652518023494e-01,1.758608575504086446e-01,8.585584741286449884e+00
7.428658819277838177e+01,7.332418652518023494e-01,1.758608575504086446e-01,8.585584741286449884e+00
7.433222552684124196e+01,7.340244650561522644e-01,1.717808862894568134e-01,8.824977985741488951e+00
7.433222552684124196e+01,7.340244650561522644e-01,1.717808862894568134e-01,8.824977985741488951e+00
7.433222552684124196e+01,7.340244650561522644e-01,1.717808862894568134e-01,8.824977985741488951e+00
7.433222552684124196e+01,7.340244650561522644e-01,1.717808862894568134e-01,8.824977985741488951e+00
7.433800683841045043e+01,7.342975944622687212e-01,1.672722999796212029e-01,9.232232994103771517e+00
7.433800683841045043e+01,7.342975944622687212e-01,1.672722999796212029e-01,9.232232994103771517e+00
7.433800683841045043e+01,7.342975944622687212e-01,1.672722999796212029e-01,9.232232994103771517e+00
7.433800683841045043e+01,7.342975944622687212e-01,1.672722999796212029e-01,9.232232994103771517e+00
7.416215039167192913e+01,7.350254562316431706e-01,1.658212120540692447e-01,8.317440198253567729e+00
7.416215039167192913e+01,7.350254562316431706e-01,1.658212120540692447e-01,8.317440198253567729e+00
7.416215039167192913e+01,7.350254562316431706e-01,1.658212120540692447e-01,8.317440198253567729e+00
7.442156995774041661e+01,7.382422226459107728e-01,1.553322207161862978e-01,8.665791868949728638e+00
7.442156995774041661e+01,7.382422226459107728e-01,1.553322207161862978e-01,8.665791868949728638e+00
7.442156995774041661e+01,7.382422226459107728e-01,1.553322207161862978e-01,8.665791868949728638e+00
7.442156995774041661e+01,7.382422226459107728e-01,1.553322207161862978e-01,8.665791868949728638e+00
7.442156995774041661e+01,7.382422226459107728e-01,1.553322207161862978e-01,8.665791868949728638e+00
7.442156995774041661e+01,7.382422226459107728e-01,1.553322207161862978e-01,8.665791868949728638e+00
7.442156995774041661e+01,7.382422226459107728e-01,1.553322207161862978e-01,8.665791868949728638e+00
7.442156995774041661e+01,7.382422226459107728e-01,1.553322207161862978e-01,8.665791868949728638e+00
7.442156995774041661e+01,7.382422226459107728e-01,1.553322207161862978e-01,8.665791868949728638e+00
7.442156995774041661e+01,7.382422226459107728e-01,1.553322207161862978e-01,8.665791868949728638e+00
7.442156995774041661e+01,7.382422226459107728e-01,1.553322207161862978e-01,8.665791868949728638e+00
7.442156995774041661e+01,7.382422226459107728e-01,1.553322207161862978e-01,8.665791868949728638e+00
7.442156995774041661e+01,7.382422226459107728e-01,1.553322207161862978e-01,8.665791868949728638e+00
7.441076600626237791e+01,7.381793992816817473e-01,1.568648679269984969e-01,8.473790116713161069e+00
7.441467440772041186e+01,7.376325587376946213e-01,1.531709244262836611e-01,9.196031736878637730e+00
7.441467440772041186e+01,7.376325587376946213e-01,1.531709244262836611e-01,9.196031736878637730e+00
7.441467440772041186e+01,7.376325587376946213e-01,1.531709244262836611e-01,9.196031736878637730e+00
7.441467440772041186e+01,7.376325587376946213e-01,1.531709244262836611e-01,9.196031736878637730e+00
7.441467440772041186e+01,7.376325587376946213e-01,1.531709244262836611e-01,9.196031736878637730e+00
7.441467440772041186e+01,7.376325587376946213e-01,1.531709244262836611e-01,9.196031736878637730e+00
7.441467440772041186e+01,7.376325587376946213e-01,1.531709244262836611e-01,9.196031736878637730e+00
7.438158099476009966e+01,7.391368232684456530e-01,1.393994166187460249e-01,9.439996957288098400e+00
7.446093573937527310e+01,7.395175229702516395e-01,1.488338239413119490e-01,8.696008433394617043e+00
7.440034790681286836e+01,7.383995217499228492e-01,1.396531582457419263e-01,9.757771768048481675e+00
7.440034790681286836e+01,7.383995217499228492e-01,1.396531582457419263e-01,9.757771768048481675e+00
7.440034790681286836e+01,7.383995217499228492e-01,1.396531582457419263e-01,9.757771768048481675e+00
7.440034790681286836e+01,7.383995217499228492e-01,1.396531582457419263e-01,9.757771768048481675e+00
7.440034790681286836e+01,7.383995217499228492e-01,1.396531582457419263e-01,9.757771768048481675e+00
7.440034790681286836e+01,7.383995217499228492e-01,1.396531582457419263e-01,9.757771768048481675e+00
7.440034790681286836e+01,7.383995217499228492e-01,1.396531582457419263e-01,9.757771768048481675e+00
7.440034790681286836e+01,7.383995217499228492e-01,1.396531582457419263e-01,9.757771768048481675e+00
7.440034790681286836e+01,7.383995217499228492e-01,1.396531582457419263e-01,9.757771768048481675e+00
7.440034790681286836e+01,7.383995217499228492e-01,1.396531582457419263e-01,9.757771768048481675e+00
7.440034790681286836e+01,7.383995217499228492e-01,1.396531582457419263e-01,9.757771768048481675e+00
7.441471767475742638e+01,7.384839542342158669e-01,1.372159222059631811e-01,1.018864018243145431e+01
7.441471767475742638e+01,7.384839542342158669e-01,1.372159222059631811e-01,1.018864018243145431e+01
7.441471767475742638e+01,7.384839542342158669e-01,1.372159222059631811e-01,1.018864018243145431e+01
7.441471767475742638e+01,7.384839542342158669e-01,1.372159222059631811e-01,1.018864018243145431e+01
7.441471767475742638e+01,7.384839542342158669e-01,1.372159222059631811e-01,1.018864018243145431e+01
7.442429149607691841e+01,7.386473537405391365e-01,1.309779323461296996e-01,1.026700115718978523e+01
7.442429149607691841e+01,7.386473537405391365e-01,1.309779323461296996e-01,1.026700115718978523e+01
7.442429149607691841e+01,7.386473537405391365e-01,1.309779323461296996e-01,1.026700115718978523e+01
7.442429149607691841e+01,7.386473537405391365e-01,1.309779323461296996e-01,1.026700115718978523e+01
7.441768460639721638e+01,7.382191671166327129e-01,1.275584426440751484e-01,1.106006692065730768e+01
7.439371022998992089e+01,7.379903476901009673e-01,1.251240105893445809e-01,1.142605232521906444e+01
7.439371022998992089e+01,7.379903476901009673e-01,1.251240105893445809e-01,1.142605232521906444e+01
7.440679883751451484e+01,7.382354847107238660e-01,1.266716923003908535e-01,1.119595898973614823e+01
7.440679883751451484e+01,7.382354847107238660e-01,1.266716923003908535e-01,1.119595898973614823e+01
7.440679883751451484e+01,7.382354847107238660e-01,1.266716923003908535e-01,1.119595898973614823e+01
7.440958582728227100e+01,7.382504214441683033e-01,1.269274869607761314e-01,1.116561239187748278e+01
7.433618754642988335e+01,7.374770009375963831e-01,1.233960988211159904e-01,1.167962682024866616e+01
7.445017212985297306e+01,7.389548374386718521e-01,1.176483089332523990e-01,1.209974320881340226e+01
7.445017212985297306e+01,7.389548374386718521e-01,1.176483089332523990e-01,1.209974320881340226e+01
7.445017212985297306e+01,7.389548374386718521e-01,1.176483089332523990e-01,1.209974320881340226e+01
7.445017212985297306e+01,7.389548374386718521e-01,1.176483089332523990e-01,1.209974320881340226e+01
7.445017212985297306e+01,7.389548374386718521e-01,1.176483089332523990e-01,1.209974320881340226e+01
7.445017212985297306e+01,7.389548374386718521e-01,1.176483089332523990e-01,1.209974320881340226e+01
7.445017212985297306e+01,7.389548374386718521e-01,1.176483089332523990e-01,1.209974320881340226e+01
7.445017212985297306e+01,7.389548374386718521e-01,1.176483089332523990e-01,1.209974320881340226e+01
7.445017212985297306e+01,7.389548374386718521e-01,1.176483089332523990e-01,1.209974320881340226e+01
7.444088345061726386e+01,7.388942112152149244e-01,1.179274012523728599e-01,1.198057504961490416e+01
7.444088345061726386e+01,7.388942112152149244e-01,1.179274012523728599e-01,1.198057504961490416e+01
7.451309000043154640e+01,7.398325519715183152e-01,1.141229736457413518e-01,1.290279146442863833e+01
7.451309000043154640e+01,7.398325519715183152e-01,1.141229736457413518e-01,1.290279146442863833e+01
7.451309000043154640e+01,7.398325519715183152e-01,1.141229736457413518e-01,1.290279146442863833e+01
7.431849878181505176e+01,7.376138863579482230e-01,1.141180862412330826e-01,1.267740756446397654e+01
7.440653033518724158e+01,7.373792775410188405e-01,1.253424475578295838e-01,1.201710542898886835e+01
7.440653033518724158e+01,7.373792775410188405e-01,1.253424475578295838e-01,1.201710542898886835e+01
7.466067817327784439e+01,7.380705034591675817e-01,1.363931637647474715e-01,1.146598684469781126e+01
7.466067817327784439e+01,7.380705034591675817e-01,1.363931637647474715e-01,1.146598684469781126e+01
7.446635768393379351e+01,7.377442264487117374e-01,1.278623748276500882e-01,1.161026125129337672e+01
7.446635768393379351e+01,7.377442264487117374e-01,1.278623748276500882e-01,1.161026125129337672e+01
7.446635768393379351e+01,7.377442264487117374e-01,1.278623748276500882e-01,1.161026125129337672e+01
7.443830670974161023e+01,7.379486368702944388e-01,1.225916683664355356e-01,1.184363723064050689e+01
7.443830670974161023e+01,7.379486368702944388e-01,1.225916683664355356e-01,1.184363723064050689e+01
7.443830670974161023e+01,7.379486368702944388e-01,1.225916683664355356e-01,1.184363723064050689e+01
7.443830670974161023e+01,7.379486368702944388e-01,1.225916683664355356e-01,1.184363723064050689e+01
7.443830670974161023e+01,7.379486368702944388e-01,1.225916683664355356e-01,1.184363723064050689e+01
7.443830670974161023e+01,7.379486368702944388e-01,1.225916683664355356e-01,1.184363723064050689e+01
7.443830670974161023e+01,7.379486368702944388e-01,1.225916683664355356e-01,1.184363723064050689e+01
7.443830670974161023e+01,7.379486368702944388e-01,1.225916683664355356e-01,1.184363723064050689e+01
7.439150509496408858e+01,7.374625796150973134e-01,1.216905031579733343e-01,1.196306031026406913e+01
7.439150509496408858e+01,7.374625796150973134e-01,1.216905031579733343e-01,1.196306031026406913e+01
7.439150509496408858e+01,7.374625796150973134e-01,1.216905031579733343e-01,1.196306031026406913e+01
7.436965728024541988e+01,7.372356795625095716e-01,1.212698234314514845e-01,1.201880909861572810e+01
7.436965728024541988e+01,7.372356795625095716e-01,1.212698234314514845e-01,1.201880909861572810e+01
7.436965728024541988e+01,7.372356795625095716e-01,1.212698234314514845e-01,1.201880909861572810e+01
7.436965728024541988e+01,7.372356795625095716e-01,1.212698234314514845e-01,1.201880909861572810e+01
7.427498745747597297e+01,7.372804599140430071e-01,1.163467302990467689e-01,1.197291677244031050e+01
7.426247703726430416e+01,7.372994547592458536e-01,1.150730146650617292e-01,1.205100400593606125e+01
7.426247703726430416e+01,7.372994547592458536e-01,1.150730146650617292e-01,1.205100400593606125e+01
7.426247703726430416e+01,7.372994547592458536e-01,1.150730146650617292e-01,1.205100400593606125e+01
7.426247703726430416e+01,7.372994547592458536e-01,1.150730146650617292e-01,1.205100400593606125e+01
7.426247703726430416e+01,7.372994547592458536e-01,1.150730146650617292e-01,1.205100400593606125e+01
7.426247703726430416e+01,7.372994547592458536e-01,1.150730146650617292e-01,1.205100400593606125e+01
7.426247703726430416e+01,7.372994547592458536e-01,1.150730146650617292e-01,1.205100400593606125e+01
7.426247703726430416e+01,7.372994547592458536e-01,1.150730146650617292e-01,1.205100400593606125e+01
7.426247703726430416e+01,7.372994547592458536e-01,1.150730146650617292e-01,1.205100400593606125e+01
7.428376444981205395e+01,7.373950134071658447e-01,1.155207082812983038e-01,1.215767503913313163e+01
7.428376444981205395e+01,7.373950134071658447e-01,1.155207082812983038e-01,1.215767503913313163e+01
7.428376444981205395e+01,7.373950134071658447e-01,1.155207082812983038e-01,1.215767503913313163e+01
7.428376444981205395e+01,7.373950134071658447e-01,1.155207082812983038e-01,1.215767503913313163e+01
7.428376444981205395e+01,7.373950134071658447e-01,1.155207082812983038e-01,1.215767503913313163e+01
7.428376444981205395e+01,7.373950134071658447e-01,1.155207082812983038e-01,1.215767503913313163e+01
7.428376444981205395e+01,7.373950134071658447e-01,1.155207082812983038e-01,1.215767503913313163e+01
7.428376444981205395e+01,7.373950134071658447e-01,1.155207082812983038e-01,1.215767503913313163e+01
7.402291027787110522e+01,7.358430621453656562e-01,1.135903707392247886e-01,1.132321504965419834e+01
7.402291027787110522e+01,7.358430621453656562e-01,1.135903707392247886e-01,1.132321504965419834e+01
7.402291027787110522e+01,7.358430621453656562e-01,1.135903707392247886e-01,1.132321504965419834e+01
7.397328224720389755e+01,7.357282568321105165e-01,1.115677563697503871e-01,1.131649974913708689e+01
7.397328224720389755e+01,7.357282568321105165e-01,1.115677563697503871e-01,1.131649974913708689e+01
7.397328224720389755e+01,7.357282568321105165e-01,1.115677563697503871e-01,1.131649974913708689e+01
7.401921695364919174e+01,7.358595377091907697e-01,1.134018073089644446e-01,1.134823235488336657e+01
7.401921695364919174e+01,7.358595377091907697e-01,1.134018073089644446e-01,1.134823235488336657e+01
7.401921695364919174e+01,7.358595377091907697e-01,1.134018073089644446e-01,1.134823235488336657e+01
7.401921695364919174e+01,7.358595377091907697e-01,1.134018073089644446e-01,1.134823235488336657e+01
7.401921695364919174e+01,7.358595377091907697e-01,1.134018073089644446e-01,1.134823235488336657e+01
7.521395923674020878e+01,7.289061324898842287e-01,1.743289569972333586e-01,1.545610501601622211e+01
7.521395923674020878e+01,7.289061324898842287e-01,1.743289569972333586e-01,1.545610501601622211e+01
7.521395923674020878e+01,7.289061324898842287e-01,1.743289569972333586e-01,1.545610501601622211e+01
7.521395923674020878e+01,7.289061324898842287e-01,1.743289569972333586e-01,1.545610501601622211e+01
7.521395923674020878e+01,7.289061324898842287e-01,1.743289569972333586e-01,1.545610501601622211e+01
7.521395923674020878e+01,7.289061324898842287e-01,1.743289569972333586e-01,1.545610501601622211e+01
7.521395923674020878e+01,7.289061324898842287e-01,1.743289569972333586e-01,1.545610501601622211e+01
7.521395923674020878e+01,7.289061324898842287e-01,1.743289569972333586e-01,1.545610501601622211e+01
7.521395923674020878e+01,7.289061324898842287e-01,1.743289569972333586e-01,1.545610501601622211e+01
7.521395923674020878e+01,7.289061324898842287e-01,1.743289569972333586e-01,1.545610501601622211e+01
7.521395923674020878e+01,7.289061324898842287e-01,1.743289569972333586e-01,1.545610501601622211e+01
7.519468286347694175e+01,7.288931774239127970e-01,1.737634801212287750e-01,1.540741347944174322e+01
7.519468286347694175e+01,7.288931774239127970e-01,1.737634801212287750e-01,1.540741347944174322e+01
7.519468286347694175e+01,7.288931774239127970e-01,1.737634801212287750e-01,1.540741347944174322e+01
7.519468286347694175e+01,7.288931774239127970e-01,1.737634801212287750e-01,1.540741347944174322e+01
7.519468286347694175e+01,7.288931774239127970e-01,1.737634801212287750e-01,1.540741347944174322e+01
7.519468286347694175e+01,7.288931774239127970e-01,1.737634801212287750e-01,1.540741347944174322e+01
7.486036715243442075e+01,7.288580995383667771e-01,1.624508298394460037e-01,1.476339537194352936e+01
7.490172625212950663e+01,7.314301035798754791e-01,1.546995477465126778e-01,1.490979326843180530e+01
7.490172625212950663e+01,7.314301035798754791e-01,1.546995477465126778e-01,1.490979326843180530e+01
7.487566714013934188e+01,7.318912951886302753e-01,1.544387875489968975e-01,1.452320258863840152e+01
7.485700866241002416e+01,7.321653583199010384e-01,1.531280447798614441e-01,1.449870046039253779e+01
7.470790593575614480e+01,7.344813074388616414e-01,1.445949784509480418e-01,1.334785069417085168e+01
7.470790593575614480e+01,7.344813074388616414e-01,1.445949784509480418e-01,1.334785069417085168e+01
7.470790593575614480e+01,7.344813074388616414e-01,1.445949784509480418e-01,1.334785069417085168e+01
7.473394947897743634e+01,7.356002215220676099e-01,1.520944819202579845e-01,1.154319188518400807e+01
7.473394947897743634e+01,7.356002215220676099e-01,1.520944819202579845e-01,1.154319188518400807e+01
7.473040959262404215e+01,7.355756794256224085e-01,1.525647866940128550e-01,1.144525777952511980e+01
7.460809685470692898e+01,7.360884295261168608e-01,1.402822380975307370e-01,1.228183007531777982e+01
7.461009021352167281e+01,7.361153406422622503e-01,1.398618369305340281e-01,1.229489102411364598e+01
7.461009021352167281e+01,7.361153406422622503e-01,1.398618369305340281e-01,1.229489102411364598e+01
7.461009021352167281e+01,7.361153406422622503e-01,1.398618369305340281e-01,1.229489102411364598e+01
7.467791472226127780e+01,7.365449011448040872e-01,1.289109043218949757e-01,1.345018067140840401e+01
7.467791472226127780e+01,7.365449011448040872e-01,1.289109043218949757e-01,1.345018067140840401e+01
7.467791472226127780e+01,7.365449011448040872e-01,1.289109043218949757e-01,1.345018067140840401e+01
7.467791472226127780e+01,7.365449011448040872e-01,1.289109043218949757e-01,1.345018067140840401e+01
7.467791472226127780e+01,7.365449011448040872e-01,1.289109043218949757e-01,1.345018067140840401e+01
7.467791472226127780e+01,7.365449011448040872e-01,1.289109043218949757e-01,1.345018067140840401e+01
7.467791472226127780e+01,7.365449011448040872e-01,1.289109043218949757e-01,1.345018067140840401e+01
7.482577914825711218e+01,7.405510289016662417e-01,1.166846358470124551e-01,1.369275140734392338e+01
7.482577914825711218e+01,7.405510289016662417e-01,1.166846358470124551e-01,1.369275140734392338e+01
7.471230051004471306e+01,7.400251356357702148e-01,1.186208690843490871e-01,1.303761036761776460e+01
7.448182577626620571e+01,7.385544791377524065e-01,1.151979533225493402e-01,1.320699836316551767e+01
7.448182577626620571e+01,7.385544791377524065e-01,1.151979533225493402e-01,1.320699836316551767e+01
7.448182577626620571e+01,7.385544791377524065e-01,1.151979533225493402e-01,1.320699836316551767e+01
7.448182577626620571e+01,7.385544791377524065e-01,1.151979533225493402e-01,1.320699836316551767e+01
7.448182577626620571e+01,7.385544791377524065e-01,1.151979533225493402e-01,1.320699836316551767e+01
7.438000606671309356e+01,7.386191911023016754e-01,1.037040746551241427e-01,1.422471952740486856e+01
7.437961389585669281e+01,7.386139823726356468e-01,1.039372171047671101e-01,1.422096447379555428e+01
7.438071570269293886e+01,7.386222684073560085e-01,1.040923357791873616e-01,1.419502047608674289e+01
7.438071570269293886e+01,7.386222684073560085e-01,1.040923357791873616e-01,1.419502047608674289e+01
7.445521094979028476e+01,7.396500128895282522e-01,1.009940378142392403e-01,1.450226945919334476e+01
7.445521094979028476e+01,7.396500128895282522e-01,1.009940378142392403e-01,1.450226945919334476e+01
7.445521094979028476e+01,7.396500128895282522e-01,1.009940378142392403e-01,1.450226945919334476e+01
7.452914097997633291e+01,7.393727141031537498e-01,1.051424794218796116e-01,1.484058098738025322e+01
7.452914097997633291e+01,7.393727141031537498e-01,1.051424794218796116e-01,1.484058098738025322e+01
7.452914097997633291e+01,7.393727141031537498e-01,1.051424794218796116e-01,1.484058098738025322e+01
7.452914097997633291e+01,7.393727141031537498e-01,1.051424794218796116e-01,1.484058098738025322e+01
7.452914097997633291e+01,7.393727141031537498e-01,1.051424794218796116e-01,1.484058098738025322e+01
7.452914097997633291e+01,7.393727141031537498e-01,1.051424794218796116e-01,1.484058098738025322e+01
7.454059514330931790e+01,7.395618696290625627e-01,1.046327564498127222e-01,1.488466269729646463e+01
7.450987521817357617e+01,7.385713658872389287e-01,1.086683934606894469e-01,1.467620750282438813e+01
7.450987521817357617e+01,7.385713658872389287e-01,1.086683934606894469e-01,1.467620750282438813e+01
7.450987521817357617e+01,7.385713658872389287e-01,1.086683934606894469e-01,1.467620750282438813e+01
7.451490060227374101e+01,7.386539229481330349e-01,1.116052974892900590e-01,1.421307928507308560e+01
7.451490060227374101e+01,7.386539229481330349e-01,1.116052974892900590e-01,1.421307928507308560e+01
7.451490060227374101e+01,7.386539229481330349e-01,1.116052974892900590e-01,1.421307928507308560e+01
7.451490060227374101e+01,7.386539229481330349e-01,1.116052974892900590e-01,1.421307928507308560e+01
7.444808046029049819e+01,7.382107904803546505e-01,1.140158459869280716e-01,1.340429761296849343e+01
7.444808046029049819e+01,7.382107904803546505e-01,1.140158459869280716e-01,1.340429761296849343e+01
7.444808046029049819e+01,7.382107904803546505e-01,1.140158459869280716e-01,1.340429761296849343e+01
7.444808046029049819e+01,7.382107904803546505e-01,1.140158459869280716e-01,1.340429761296849343e+01
7.444808046029049819e+01,7.382107904803546505e-01,1.140158459869280716e-01,1.340429761296849343e+01
7.444808046029049819e+01,7.382107904803546505e-01,1.140158459869280716e-01,1.340429761296849343e+01
7.444808046029049819e+01,7.382107904803546505e-01,1.140158459869280716e-01,1.340429761296849343e+01
7.458178807323439230e+01,7.396797263081077434e-01,1.032122139239107506e-01,1.532633292511224354e+01
7.458178807323439230e+01,7.396797263081077434e-01,1.032122139239107506e-01,1.532633292511224354e+01
7.458178807323439230e+01,7.396797263081077434e-01,1.032122139239107506e-01,1.532633292511224354e+01
7.458178807323439230e+01,7.396797263081077434e-01,1.032122139239107506e-01,1.532633292511224354e+01
7.457465712795138302e+01,7.393844532168188932e-01,1.099183625055976943e-01,1.465676150289465340e+01
7.457465712795138302e+01,7.393844532168188932e-01,1.099183625055976943e-01,1.465676150289465340e+01
7.457465712795138302e+01,7.393844532168188932e-01,1.099183625055976943e-01,1.465676150289465340e+01
7.469928606346763900e+01,7.398113659052467650e-01,1.115239270032166580e-01,1.525878169951359098e+01
7.466441341134380139e+01,7.399733377385011579e-01,1.096725284312783932e-01,1.520198726840394521e+01
7.466459313580779167e+01,7.399769393360634551e-01,1.096050344787227737e-01,1.520940371522796575e+01
7.466459313580779167e+01,7.399769393360634551e-01,1.096050344787227737e-01,1.520940371522796575e+01
7.466459313580779167e+01,7.399769393360634551e-01,1.096050344787227737e-01,1.520940371522796575e+01
7.466459313580779167e+01,7.399769393360634551e-01,1.096050344787227737e-01,1.520940371522796575e+01
7.466459313580779167e+01,7.399769393360634551e-01,1.096050344787227737e-01,1.520940371522796575e+01
7.466459313580779167e+01,7.399769393360634551e-01,1.096050344787227737e-01,1.520940371522796575e+01
7.458680471336080586e+01,7.395136714206891337e-01,1.085770070108054569e-01,1.526204290448322709e+01
7.458299859792079189e+01,7.394727229086043296e-01,1.086740325718834471e-01,1.523443735981362934e+01
7.459080142217786147e+01,7.407548113315364224e-01,9.957053744918456517e-02,1.635145313392254351e+01
7.459080142217786147e+01,7.407548113315364224e-01,9.957053744918456517e-02,1.635145313392254351e+01
7.459080142217786147e+01,7.407548113315364224e-01,9.957053744918456517e-02,1.635145313392254351e+01
7.459080142217786147e+01,7.407548113315364224e-01,9.957053744918456517e-02,1.635145313392254351e+01
7.459080142217786147e+01,7.407548113315364224e-01,9.957053744918456517e-02,1.635145313392254351e+01
7.458725589978085679e+01,7.407114406447383725e-01,9.964151873156799899e-02,1.633119911015912606e+01
7.458725589978085679e+01,7.407114406447383725e-01,9.964151873156799899e-02,1.633119911015912606e+01
7.458725589978085679e+01,7.407114406447383725e-01,9.964151873156799899e-02,1.633119911015912606e+01
7.458725589978085679e+01,7.407114406447383725e-01,9.964151873156799899e-02,1.633119911015912606e+01
7.458270813261282228e+01,7.406525582404637209e-01,1.011881688027341797e-01,1.629399124883269323e+01
7.457487192134843212e+01,7.404975020955080200e-01,1.017413133460434438e-01,1.620172275058935440e+01
7.457487192134843212e+01,7.404975020955080200e-01,1.017413133460434438e-01,1.620172275058935440e+01
7.456724083552202842e+01,7.400081613980166173e-01,1.070383933652405417e-01,1.514715628420771765e+01
7.456724083552202842e+01,7.400081613980166173e-01,1.070383933652405417e-01,1.514715628420771765e+01
7.456348490506357507e+01,7.397673136769865598e-01,1.096455536878488957e-01,1.462811110483731980e+01
7.471744014050956650e+01,7.424881291384743953e-01,1.033561482492732775e-01,1.551273549352473324e+01
7.471744014050956650e+01,7.424881291384743953e-01,1.033561482492732775e-01,1.551273549352473324e+01
7.471744014050956650e+01,7.424881291384743953e-01,1.033561482492732775e-01,1.551273549352473324e+01
7.471744014050956650e+01,7.424881291384743953e-01,1.033561482492732775e-01,1.551273549352473324e+01
7.471744014050956650e+01,7.424881291384743953e-01,1.033561482492732775e-01,1.551273549352473324e+01
7.471744014050956650e+01,7.424881291384743953e-01,1.033561482492732775e-01,1.551273549352473324e+01
7.471744014050956650e+01,7.424881291384743953e-01,1.033561482492732775e-01,1.551273549352473324e+01
7.471744014050956650e+01,7.424881291384743953e-01,1.033561482492732775e-01,1.551273549352473324e+01
7.471744014050956650e+01,7.424881291384743953e-01,1.033561482492732775e-01,1.551273549352473324e+01
7.471744014050956650e+01,7.424881291384743953e-01,1.033561482492732775e-01,1.551273549352473324e+01
7.471744014050956650e+01,7.424881291384743953e-01,1.033561482492732775e-01,1.551273549352473324e+01
7.471744014050956650e+01,7.424881291384743953e-01,1.033561482492732775e-01,1.551273549352473324e+01
7.471744014050956650e+01,7.424881291384743953e-01,1.033561482492732775e-01,1.551273549352473324e+01
7.471744014050956650e+01,7.424881291384743953e-01,1.033561482492732775e-01,1.551273549352473324e+01
7.471744014050956650e+01,7.424881291384743953e-01,1.033561482492732775e-01,1.551273549352473324e+01
7.471744014050956650e+01,7.424881291384743953e-01,1.033561482492732775e-01,1.551273549352473324e+01
7.471678351117500938e+01,7.426324410597122672e-01,1.027706384066956607e-01,1.554551228088769577e+01
7.471678351117500938e+01,7.426324410597122672e-01,1.027706384066956607e-01,1.554551228088769577e+01
7.469741864657440544e+01,7.429577370449417240e-01,9.647393739966947379e-02,1.605458280329982301e+01
7.469741864657440544e+01,7.429577370449417240e-01,9.647393739966947379e-02,1.605458280329982301e+01
7.469741864657440544e+01,7.429577370449417240e-01,9.647393739966947379e-02,1.605458280329982301e+01
7.469741864657440544e+01,7.429577370449417240e-01,9.647393739966947379e-02,1.605458280329982301e+01
7.469741864657440544e+01,7.429577370449417240e-01,9.647393739966947379e-02,1.605458280329982301e+01
7.469741864657440544e+01,7.429577370449417240e-01,9.647393739966947379e-02,1.605458280329982301e+01
7.469741864657440544e+01,7.429577370449417240e-01,9.647393739966947379e-02,1.605458280329982301e+01
7.469741864657440544e+01,7.429577370449417240e-01,9.647393739966947379e-02,1.605458280329982301e+01
7.469741864657440544e+01,7.429577370449417240e-01,9.647393739966947379e-02,1.605458280329982301e+01
7.469741864657440544e+01,7.429577370449417240e-01,9.647393739966947379e-02,1.605458280329982301e+01
7.469741864657440544e+01,7.429577370449417240e-01,9.647393739966947379e-02,1.605458280329982301e+01
7.469741864657440544e+01,7.429577370449417240e-01,9.647393739966947379e-02,1.605458280329982301e+01
7.469741864657440544e+01,7.429577370449417240e-01,9.647393739966947379e-02,1.605458280329982301e+01
7.469741864657440544e+01,7.429577370449417240e-01,9.647393739966947379e-02,1.605458280329982301e+01
7.469741864657440544e+01,7.429577370449417240e-01,9.647393739966947379e-02,1.605458280329982301e+01
7.469057969293690746e+01,7.421363477431458522e-01,1.022825639185541424e-01,1.544204921311399303e+01
7.469057969293690746e+01,7.421363477431458522e-01,1.022825639185541424e-01,1.544204921311399303e+01
7.469057969293690746e+01,7.421363477431458522e-01,1.022825639185541424e-01,1.544204921311399303e+01
7.469057969293690746e+01,7.421363477431458522e-01,1.022825639185541424e-01,1.544204921311399303e+01
7.468071259980361276e+01,7.415935505120191396e-01,1.072956230769303576e-01,1.493380782044399879e+01
7.462663840663469728e+01,7.408963217423067960e-01,1.092662114332602352e-01,1.451106113672345188e+01
7.462663840663469728e+01,7.408963217423067960e-01,1.092662114332602352e-01,1.451106113672345188e+01
7.462663840663469728e+01,7.408963217423067960e-01,1.092662114332602352e-01,1.451106113672345188e+01
7.462663840663469728e+01,7.408963217423067960e-01,1.092662114332602352e-01,1.451106113672345188e+01
7.469159378247498182e+01,7.421293741647332354e-01,1.116170582937413835e-01,1.346363026382175754e+01
7.469159378247498182e+01,7.421293741647332354e-01,1.116170582937413835e-01,1.346363026382175754e+01
7.469159378247498182e+01,7.421293741647332354e-01,1.116170582937413835e-01,1.346363026382175754e+01
7.469159378247498182e+01,7.421293741647332354e-01,1.116170582937413835e-01,1.346363026382175754e+01
7.469159378247498182e+01,7.421293741647332354e-01,1.116170582937413835e-01,1.346363026382175754e+01
7.456654676498597212e+01,7.399406469417763033e-01,1.163351681771135765e-01,1.300752781553057069e+01
7.456643823980716945e+01,7.399941453669169888e-01,1.148966128107852119e-01,1.308036720071621595e+01
7.456643823980716945e+01,7.399941453669169888e-01,1.148966128107852119e-01,1.308036720071621595e+01
7.442290491199004521e+01,7.387624450798137010e-01,1.146529919299794226e-01,1.291697226899565543e+01
7.442290491199004521e+01,7.387624450798137010e-01,1.146529919299794226e-01,1.291697226899565543e+01
7.435123148464376186e+01,7.395640368636118289e-01,1.152086825412181603e-01,1.205358545476108745e+01
7.435123148464376186e+01,7.395640368636118289e-01,1.152086825412181603e-01,1.205358545476108745e+01
7.432212659684763878e+01,7.396345016892863500e-01,1.104609640982332219e-01,1.227083101580178415e+01
7.432212659684763878e+01,7.396345016892863500e-01,1.104609640982332219e-01,1.227083101580178415e+01
7.432212659684763878e+01,7.396345016892863500e-01,1.104609640982332219e-01,1.227083101580178415e+01
7.432212659684763878e+01,7.396345016892863500e-01,1.104609640982332219e-01,1.227083101580178415e+01
7.432212659684763878e+01,7.396345016892863500e-01,1.104609640982332219e-01,1.227083101580178415e+01
7.432212659684763878e+01,7.396345016892863500e-01,1.104609640982332219e-01,1.227083101580178415e+01
7.432212659684763878e+01,7.396345016892863500e-01,1.104609640982332219e-01,1.227083101580178415e+01
7.432212659684763878e+01,7.396345016892863500e-01,1.104609640982332219e-01,1.227083101580178415e+01
7.432212659684763878e+01,7.396345016892863500e-01,1.104609640982332219e-01,1.227083101580178415e+01
7.432212659684763878e+01,7.396345016892863500e-01,1.104609640982332219e-01,1.227083101580178415e+01
7.432212659684763878e+01,7.396345016892863500e-01,1.104609640982332219e-01,1.227083101580178415e+01
7.432212659684763878e+01,7.396345016892863500e-01,1.104609640982332219e-01,1.227083101580178415e+01
7.432212659684763878e+01,7.396345016892863500e-01,1.104609640982332219e-01,1.227083101580178415e+01
7.422161939981427281e+01,7.400235680432968310e-01,1.066917800770261771e-01,1.184810409257133657e+01
7.419311004999872239e+01,7.368525075787460965e-01,1.567082593093473974e-01,7.883957860436009213e+00
7.419311004999872239e+01,7.368525075787460965e-01,1.567082593093473974e-01,7.883957860436009213e+00
7.420588095366542802e+01,7.358553212657866771e-01,1.610869417973029294e-01,7.976307161339668106e+00
7.420588095366542802e+01,7.358553212657866771e-01,1.610869417973029294e-01,7.976307161339668106e+00
7.420588095366542802e+01,7.358553212657866771e-01,1.610869417973029294e-01,7.976307161339668106e+00
7.420588095366542802e+01,7.358553212657866771e-01,1.610869417973029294e-01,7.976307161339668106e+00
7.421315703339534764e+01,7.351494882500134720e-01,1.597235182665114051e-01,8.457947532990331752e+00
7.421315703339534764e+01,7.351494882500134720e-01,1.597235182665114051e-01,8.457947532990331752e+00
7.421315703339534764e+01,7.351494882500134720e-01,1.597235182665114051e-01,8.457947532990331752e+00
7.437868004157647306e+01,7.360097080323729779e-01,1.547026504607169339e-01,9.576239958900263360e+00
7.414312080026427054e+01,7.368250450864574086e-01,1.516728362530746221e-01,8.262941367520786784e+00
7.414312080026427054e+01,7.368250450864574086e-01,1.516728362530746221e-01,8.262941367520786784e+00
7.414312080026427054e+01,7.368250450864574086e-01,1.516728362530746221e-01,8.262941367520786784e+00
7.414312080026427054e+01,7.368250450864574086e-01,1.516728362530746221e-01,8.262941367520786784e+00
7.414312080026427054e+01,7.368250450864574086e-01,1.516728362530746221e-01,8.262941367520786784e+00
7.414312080026427054e+01,7.368250450864574086e-01,1.516728362530746221e-01,8.262941367520786784e+00
7.414312080026427054e+01,7.368250450864574086e-01,1.516728362530746221e-01,8.262941367520786784e+00
7.414312080026427054e+01,7.368250450864574086e-01,1.516728362530746221e-01,8.262941367520786784e+00
7.414312080026427054e+01,7.368250450864574086e-01,1.516728362530746221e-01,8.262941367520786784e+00
7.414312080026427054e+01,7.368250450864574086e-01,1.516728362530746221e-01,8.262941367520786784e+00
7.414312080026427054e+01,7.368250450864574086e-01,1.516728362530746221e-01,8.262941367520786784e+00
7.418872934485490589e+01,7.358742308983416969e-01,1.506750426559775868e-01,8.988344237036644202e+00
7.418872934485490589e+01,7.358742308983416969e-01,1.506750426559775868e-01,8.988344237036644202e+00
7.418872934485490589e+01,7.358742308983416969e-01,1.506750426559775868e-01,8.988344237036644202e+00
7.418872934485490589e+01,7.358742308983416969e-01,1.506750426559775868e-01,8.988344237036644202e+00
7.418872934485490589e+01,7.358742308983416969e-01,1.506750426559775868e-01,8.988344237036644202e+00
7.418872934485490589e+01,7.358742308983416969e-01,1.506750426559775868e-01,8.988344237036644202e+00
7.419189367858521678e+01,7.358446422768254447e-01,1.512874228388872422e-01,8.974016185719364103e+00
7.419189367858521678e+01,7.358446422768254447e-01,1.512874228388872422e-01,8.974016185719364103e+00
7.419189367858521678e+01,7.358446422768254447e-01,1.512874228388872422e-01,8.974016185719364103e+00
7.419189367858521678e+01,7.358446422768254447e-01,1.512874228388872422e-01,8.974016185719364103e+00
7.415753593499897534e+01,7.361200425416409843e-01,1.505408537732562946e-01,8.762068954037740554e+00
7.415753593499897534e+01,7.361200425416409843e-01,1.505408537732562946e-01,8.762068954037740554e+00
7.415753593499897534e+01,7.361200425416409843e-01,1.505408537732562946e-01,8.762068954037740554e+00
7.415753593499897534e+01,7.361200425416409843e-01,1.505408537732562946e-01,8.762068954037740554e+00
7.415753593499897534e+01,7.361200425416409843e-01,1.505408537732562946e-01,8.762068954037740554e+00
7.412596320921899462e+01,7.368991777729757553e-01,1.371470939868153771e-01,9.014707816348021652e+00
7.412596320921899462e+01,7.368991777729757553e-01,1.371470939868153771e-01,9.014707816348021652e+00
7.434930436096065876e+01,7.373673186869245111e-01,1.524075900098107450e-01,8.849569262687573712e+00
7.434930436096065876e+01,7.373673186869245111e-01,1.524075900098107450e-01,8.849569262687573712e+00
7.434930436096065876e+01,7.373673186869245111e-01,1.524075900098107450e-01,8.849569262687573712e+00
7.434930436096065876e+01,7.373673186869245111e-01,1.524075900098107450e-01,8.849569262687573712e+00
7.434930436096065876e+01,7.373673186869245111e-01,1.524075900098107450e-01,8.849569262687573712e+00
7.434874740777294733e+01,7.389717971124538654e-01,1.559600427120101662e-01,8.278023426357744796e+00
7.434874740777294733e+01,7.389717971124538654e-01,1.559600427120101662e-01,8.278023426357744796e+00
7.434874740777294733e+01,7.389717971124538654e-01,1.559600427120101662e-01,8.278023426357744796e+00
7.434874740777294733e+01,7.389717971124538654e-01,1.559600427120101662e-01,8.278023426357744796e+00
7.434874740777294733e+01,7.389717971124538654e-01,1.559600427120101662e-01,8.278023426357744796e+00
7.434874740777294733e+01,7.389717971124538654e-01,1.559600427120101662e-01,8.278023426357744796e+00
7.434874740777294733e+01,7.389717971124538654e-01,1.559600427120101662e-01,8.278023426357744796e+00
7.434626677555230856e+01,7.395418599775142043e-01,1.592836717935984248e-01,7.648864180297923809e+00
7.434626677555230856e+01,7.395418599775142043e-01,1.592836717935984248e-01,7.648864180297923809e+00
7.434626677555230856e+01,7.395418599775142043e-01,1.592836717935984248e-01,7.648864180297923809e+00
7.434626677555230856e+01,7.395418599775142043e-01,1.592836717935984248e-01,7.648864180297923809e+00
7.434626677555230856e+01,7.395418599775142043e-01,1.592836717935984248e-01,7.648864180297923809e+00
7.434626677555230856e+01,7.395418599775142043e-01,1.592836717935984248e-01,7.648864180297923809e+00
7.434626677555230856e+01,7.395418599775142043e-01,1.592836717935984248e-01,7.648864180297923809e+00
7.434626677555230856e+01,7.395418599775142043e-01,1.592836717935984248e-01,7.648864180297923809e+00
7.408832288240220976e+01,7.355555952751425819e-01,1.693931534607046319e-01,7.625533384880503363e+00
7.408832288240220976e+01,7.355555952751425819e-01,1.693931534607046319e-01,7.625533384880503363e+00
7.408832288240220976e+01,7.355555952751425819e-01,1.693931534607046319e-01,7.625533384880503363e+00
7.408832288240220976e+01,7.355555952751425819e-01,1.693931534607046319e-01,7.625533384880503363e+00
7.408832288240220976e+01,7.355555952751425819e-01,1.693931534607046319e-01,7.625533384880503363e+00
7.408832288240220976e+01,7.355555952751425819e-01,1.693931534607046319e-01,7.625533384880503363e+00
7.408832288240220976e+01,7.355555952751425819e-01,1.693931534607046319e-01,7.625533384880503363e+00
7.408832288240220976e+01,7.355555952751425819e-01,1.693931534607046319e-01,7.625533384880503363e+00
7.410691326535304313e+01,7.356793965921328837e-01,1.652813082362949437e-01,8.071898042799148243e+00
7.410940445491493733e+01,7.356912316664027118e-01,1.642214029981222956e-01,8.148581996164878660e+00
7.411234770924154702e+01,7.357551011303968824e-01,1.620310593960194168e-01,8.157925440693739816e+00
7.411234770924154702e+01,7.357551011303968824e-01,1.620310593960194168e-01,8.157925440693739816e+00
7.411234770924154702e+01,7.357551011303968824e-01,1.620310593960194168e-01,8.157925440693739816e+00
7.411234770924154702e+01,7.357551011303968824e-01,1.620310593960194168e-01,8.157925440693739816e+00
7.411234770924154702e+01,7.357551011303968824e-01,1.620310593960194168e-01,8.157925440693739816e+00
7.411234770924154702e+01,7.357551011303968824e-01,1.620310593960194168e-01,8.157925440693739816e+00
7.411277100490816849e+01,7.357739778159672062e-01,1.606881614940723901e-01,8.164659313999891310e+00
7.411559010989378748e+01,7.358134431731060410e-01,1.593364237813164608e-01,8.171240632681900706e+00
7.409303231685991875e+01,7.358221028907802053e-01,1.610723337998365978e-01,7.890677452087118127e+00
7.409303231685991875e+01,7.358221028907802053e-01,1.610723337998365978e-01,7.890677452087118127e+00
7.409303231685991875e+01,7.358221028907802053e-01,1.610723337998365978e-01,7.890677452087118127e+00
7.409303231685991875e+01,7.358221028907802053e-01,1.610723337998365978e-01,7.890677452087118127e+00
7.408109410481496582e+01,7.358764247806389713e-01,1.660600690619849495e-01,7.248064928897377968e+00
7.408109410481496582e+01,7.358764247806389713e-01,1.660600690619849495e-01,7.248064928897377968e+00
7.408109410481496582e+01,7.358764247806389713e-01,1.660600690619849495e-01,7.248064928897377968e+00
7.408109410481496582e+01,7.358764247806389713e-01,1.660600690619849495e-01,7.248064928897377968e+00
7.408109410481496582e+01,7.358764247806389713e-01,1.660600690619849495e-01,7.248064928897377968e+00
7.408109410481496582e+01,7.358764247806389713e-01,1.660600690619849495e-01,7.248064928897377968e+00
7.408109410481496582e+01,7.358764247806389713e-01,1.660600690619849495e-01,7.248064928897377968e+00
7.408109410481496582e+01,7.358764247806389713e-01,1.660600690619849495e-01,7.248064928897377968e+00
7.408109410481496582e+01,7.358764247806389713e-01,1.660600690619849495e-01,7.248064928897377968e+00
7.408109410481496582e+01,7.358764247806389713e-01,1.660600690619849495e-01,7.248064928897377968e+00
7.408109410481496582e+01,7.358764247806389713e-01,1.660600690619849495e-01,7.248064928897377968e+00
7.408109410481496582e+01,7.358764247806389713e-01,1.660600690619849495e-01,7.248064928897377968e+00
7.408109410481496582e+01,7.358764247806389713e-01,1.660600690619849495e-01,7.248064928897377968e+00
7.410253132862661118e+01,7.359928241463370435e-01,1.606103621577987806e-01,7.917757159999382566e+00
7.427434868297486048e+01,7.365561312144902617e-01,1.607484690437087638e-01,8.491049876816578745e+00
7.427434868297486048e+01,7.365561312144902617e-01,1.607484690437087638e-01,8.491049876816578745e+00
7.427434868297486048e+01,7.365561312144902617e-01,1.607484690437087638e-01,8.491049876816578745e+00
7.427434868297486048e+01,7.365561312144902617e-01,1.607484690437087638e-01,8.491049876816578745e+00
7.427434868297486048e+01,7.365561312144902617e-01,1.607484690437087638e-01,8.491049876816578745e+00
7.427434868297486048e+01,7.365561312144902617e-01,1.607484690437087638e-01,8.491049876816578745e+00
7.427434868297486048e+01,7.365561312144902617e-01,1.607484690437087638e-01,8.491049876816578745e+00
7.427434868297486048e+01,7.365561312144902617e-01,1.607484690437087638e-01,8.491049876816578745e+00
7.427434868297486048e+01,7.365561312144902617e-01,1.607484690437087638e-01,8.491049876816578745e+00
7.427434868297486048e+01,7.365561312144902617e-01,1.607484690437087638e-01,8.491049876816578745e+00
7.427434868297486048e+01,7.365561312144902617e-01,1.607484690437087638e-01,8.491049876816578745e+00
7.427434868297486048e+01,7.365561312144902617e-01,1.607484690437087638e-01,8.491049876816578745e+00
7.428983206567862396e+01,7.364753511299041433e-01,1.688904160959482925e-01,7.766908839536379006e+00
7.428983206567862396e+01,7.364753511299041433e-01,1.688904160959482925e-01,7.766908839536379006e+00
7.428983206567862396e+01,7.364753511299041433e-01,1.688904160959482925e-01,7.766908839536379006e+00
7.428947232414101620e+01,7.365000396302577856e-01,1.662501075026132369e-01,8.030323569316868415e+00
7.428947232414101620e+01,7.365000396302577856e-01,1.662501075026132369e-01,8.030323569316868415e+00
7.428947232414101620e+01,7.365000396302577856e-01,1.662501075026132369e-01,8.030323569316868415e+00
7.428947232414101620e+01,7.365000396302577856e-01,1.662501075026132369e-01,8.030323569316868415e+00
7.428947232414101620e+01,7.365000396302577856e-01,1.662501075026132369e-01,8.030323569316868415e+00
7.428947232414101620e+01,7.365000396302577856e-01,1.662501075026132369e-01,8.030323569316868415e+00
7.428947232414101620e+01,7.365000396302577856e-01,1.662501075026132369e-01,8.030323569316868415e+00
7.428947232414101620e+01,7.365000396302577856e-01,1.662501075026132369e-01,8.030323569316868415e+00
7.428947232414101620e+01,7.365000396302577856e-01,1.662501075026132369e-01,8.030323569316868415e+00
7.428947232414101620e+01,7.365000396302577856e-01,1.662501075026132369e-01,8.030323569316868415e+00
7.428947232414101620e+01,7.365000396302577856e-01,1.662501075026132369e-01,8.030323569316868415e+00
7.428947232414101620e+01,7.365000396302577856e-01,1.662501075026132369e-01,8.030323569316868415e+00
7.428947232414101620e+01,7.365000396302577856e-01,1.662501075026132369e-01,8.030323569316868415e+00
7.428947232414101620e+01,7.365000396302577856e-01,1.662501075026132369e-01,8.030323569316868415e+00
7.428947232414101620e+01,7.365000396302577856e-01,1.662501075026132369e-01,8.030323569316868415e+00
7.428947232414101620e+01,7.365000396302577856e-01,1.662501075026132369e-01,8.030323569316868415e+00
7.428947232414101620e+01,7.365000396302577856e-01,1.662501075026132369e-01,8.030323569316868415e+00
7.428947232414101620e+01,7.365000396302577856e-01,1.662501075026132369e-01,8.030323569316868415e+00
7.428947232414101620e+01,7.365000396302577856e-01,1.662501075026132369e-01,8.030323569316868415e+00
7.428947232414101620e+01,7.365000396302577856e-01,1.662501075026132369e-01,8.030323569316868415e+00
7.428947232414101620e+01,7.365000396302577856e-01,1.662501075026132369e-01,8.030323569316868415e+00
7.428947232414101620e+01,7.365000396302577856e-01,1.662501075026132369e-01,8.030323569316868415e+00
7.422052561240906243e+01,7.363616040026741416e-01,1.619186331077790975e-01,8.005308005166099861e+00
7.422052561240906243e+01,7.363616040026741416e-01,1.619186331077790975e-01,8.005308005166099861e+00
7.422052561240906243e+01,7.363616040026741416e-01,1.619186331077790975e-01,8.005308005166099861e+00
7.423410674864335590e+01,7.361106642622793350e-01,1.648080342983180846e-01,8.041147140056867926e+00
7.423410674864335590e+01,7.361106642622793350e-01,1.648080342983180846e-01,8.041147140056867926e+00
7.423410674864335590e+01,7.361106642622793350e-01,1.648080342983180846e-01,8.041147140056867926e+00
7.423410674864335590e+01,7.361106642622793350e-01,1.648080342983180846e-01,8.041147140056867926e+00
7.423410674864335590e+01,7.361106642622793350e-01,1.648080342983180846e-01,8.041147140056867926e+00
7.423410674864335590e+01,7.361106642622793350e-01,1.648080342983180846e-01,8.041147140056867926e+00
7.423410674864335590e+01,7.361106642622793350e-01,1.648080342983180846e-01,8.041147140056867926e+00
7.427604948687991282e+01,7.363984873451249191e-01,1.588243300041269901e-01,8.690085372054220159e+00
7.427435669286046505e+01,7.363831605676695036e-01,1.590321981265636342e-01,8.665861893766615864e+00
7.427366093027531235e+01,7.363764891496130671e-01,1.591078710146731356e-01,8.658367353505095565e+00
7.427366093027531235e+01,7.363764891496130671e-01,1.591078710146731356e-01,8.658367353505095565e+00
7.427366093027531235e+01,7.363764891496130671e-01,1.591078710146731356e-01,8.658367353505095565e+00
7.427366093027531235e+01,7.363764891496130671e-01,1.591078710146731356e-01,8.658367353505095565e+00
7.427366093027531235e+01,7.363764891496130671e-01,1.591078710146731356e-01,8.658367353505095565e+00
7.427366093027531235e+01,7.363764891496130671e-01,1.591078710146731356e-01,8.658367353505095565e+00
7.427366093027531235e+01,7.363764891496130671e-01,1.591078710146731356e-01,8.658367353505095565e+00
7.427366093027531235e+01,7.363764891496130671e-01,1.591078710146731356e-01,8.658367353505095565e+00
7.427366093027531235e+01,7.363764891496130671e-01,1.591078710146731356e-01,8.658367353505095565e+00
7.427366093027531235e+01,7.363764891496130671e-01,1.591078710146731356e-01,8.658367353505095565e+00
7.427366093027531235e+01,7.363764891496130671e-01,1.591078710146731356e-01,8.658367353505095565e+00
7.427366093027531235e+01,7.363764891496130671e-01,1.591078710146731356e-01,8.658367353505095565e+00
7.427366093027531235e+01,7.363764891496130671e-01,1.591078710146731356e-01,8.658367353505095565e+00
7.427366093027531235e+01,7.363764891496130671e-01,1.591078710146731356e-01,8.658367353505095565e+00
7.427366093027531235e+01,7.363764891496130671e-01,1.591078710146731356e-01,8.658367353505095565e+00
7.427366093027531235e+01,7.363764891496130671e-01,1.591078710146731356e-01,8.658367353505095565e+00
7.427366093027531235e+01,7.363764891496130671e-01,1.591078710146731356e-01,8.658367353505095565e+00
7.427366093027531235e+01,7.363764891496130671e-01,1.591078710146731356e-01,8.658367353505095565e+00
7.427366093027531235e+01,7.363764891496130671e-01,1.591078710146731356e-01,8.658367353505095565e+00
7.427366093027531235e+01,7.363764891496130671e-01,1.591078710146731356e-01,8.658367353505095565e+00
7.427366093027531235e+01,7.363764891496130671e-01,1.591078710146731356e-01,8.658367353505095565e+00
7.427366093027531235e+01,7.363764891496130671e-01,1.591078710146731356e-01,8.658367353505095565e+00
7.427366093027531235e+01,7.363764891496130671e-01,1.591078710146731356e-01,8.658367353505095565e+00
7.427366093027531235e+01,7.363764891496130671e-01,1.591078710146731356e-01,8.658367353505095565e+00
7.427366093027531235e+01,7.363764891496130671e-01,1.591078710146731356e-01,8.658367353505095565e+00
7.427366093027531235e+01,7.363764891496130671e-01,1.591078710146731356e-01,8.658367353505095565e+00
7.424353891796529581e+01,7.363915182853675301e-01,1.539062323985211367e-01,8.862595176227136662e+00
7.422505504277833666e+01,7.356287663969810486e-01,1.641245888654266072e-01,8.060975803287831809e+00
7.422505504277833666e+01,7.356287663969810486e-01,1.641245888654266072e-01,8.060975803287831809e+00
7.422505504277833666e+01,7.356287663969810486e-01,1.641245888654266072e-01,8.060975803287831809e+00
7.422869147431926251e+01,7.356913583426885062e-01,1.622785473647976873e-01,8.070893702589113872e+00
7.422869147431926251e+01,7.356913583426885062e-01,1.622785473647976873e-01,8.070893702589113872e+00
7.377251827031990672e+01,7.261689368585506621e-01,6.064778737126613750e-01,6.643272341491829991e+00
7.377251827031990672e+01,7.261689368585506621e-01,6.064778737126613750e-01,6.643272341491829991e+00
7.377251827031990672e+01,7.261689368585506621e-01,6.064778737126613750e-01,6.643272341491829991e+00
7.377251827031990672e+01,7.261689368585506621e-01,6.064778737126613750e-01,6.643272341491829991e+00
7.377251827031990672e+01,7.261689368585506621e-01,6.064778737126613750e-01,6.643272341491829991e+00
7.377251827031990672e+01,7.261689368585506621e-01,6.064778737126613750e-01,6.643272341491829991e+00
7.377251827031990672e+01,7.261689368585506621e-01,6.064778737126613750e-01,6.643272341491829991e+00
7.376988362195017146e+01,7.261210820363591667e-01,6.085589263007303851e-01,6.645029136417031523e+00
7.376988362195017146e+01,7.261210820363591667e-01,6.085589263007303851e-01,6.645029136417031523e+00
7.376988362195017146e+01,7.261210820363591667e-01,6.085589263007303851e-01,6.645029136417031523e+00
7.376988362195017146e+01,7.261210820363591667e-01,6.085589263007303851e-01,6.645029136417031523e+00
7.376988362195017146e+01,7.261210820363591667e-01,6.085589263007303851e-01,6.645029136417031523e+00
7.376988362195017146e+01,7.261210820363591667e-01,6.085589263007303851e-01,6.645029136417031523e+00
7.376988362195017146e+01,7.261210820363591667e-01,6.085589263007303851e-01,6.645029136417031523e+00
7.376988362195017146e+01,7.261210820363591667e-01,6.085589263007303851e-01,6.645029136417031523e+00
7.376988362195017146e+01,7.261210820363591667e-01,6.085589263007303851e-01,6.645029136417031523e+00
7.372768898119468872e+01,7.255836297133919643e-01,5.937721702141577351e-01,6.642426916139859472e+00
7.372768898119468872e+01,7.255836297133919643e-01,5.937721702141577351e-01,6.642426916139859472e+00
7.368549360455116926e+01,7.264410871668955938e-01,4.715598784410561795e-01,6.480581654434217853e+00
7.368549360455116926e+01,7.264410871668955938e-01,4.715598784410561795e-01,6.480581654434217853e+00
7.368330713187827996e+01,7.265895506264425929e-01,4.721827697450089456e-01,6.459144494565239647e+00
7.368330713187827996e+01,7.265895506264425929e-01,4.721827697450089456e-01,6.459144494565239647e+00
7.368330713187827996e+01,7.265895506264425929e-01,4.721827697450089456e-01,6.459144494565239647e+00
7.368330713187827996e+01,7.265895506264425929e-01,4.721827697450089456e-01,6.459144494565239647e+00
7.366078484758850209e+01,7.257388550713405051e-01,5.381023172175440905e-01,6.611057086691197071e+00
7.366078484758850209e+01,7.257388550713405051e-01,5.381023172175440905e-01,6.611057086691197071e+00
7.366078484758850209e+01,7.257388550713405051e-01,5.381023172175440905e-01,6.611057086691197071e+00
7.367839053812110706e+01,7.257579335755918182e-01,5.310077988389957371e-01,6.628105066775670018e+00
7.367839053812110706e+01,7.257579335755918182e-01,5.310077988389957371e-01,6.628105066775670018e+00
7.367839053812110706e+01,7.257579335755918182e-01,5.310077988389957371e-01,6.628105066775670018e+00
7.367839053812110706e+01,7.257579335755918182e-01,5.310077988389957371e-01,6.628105066775670018e+00
7.358794827781993320e+01,7.257911710273047268e-01,5.788504691161366900e-01,6.477089829093501727e+00
7.357298054237254803e+01,7.255640070007512987e-01,6.208512497318743328e-01,6.508655666865259093e+00
7.357298054237254803e+01,7.255640070007512987e-01,6.208512497318743328e-01,6.508655666865259093e+00
7.357445082999177544e+01,7.257281525863104044e-01,6.423592024334319195e-01,6.484584836068489899e+00
7.357915294804341499e+01,7.257637416194449020e-01,6.425867933784997765e-01,6.487648167338244676e+00
7.357915294804341499e+01,7.257637416194449020e-01,6.425867933784997765e-01,6.487648167338244676e+00
7.357915294804341499e+01,7.257637416194449020e-01,6.425867933784997765e-01,6.487648167338244676e+00
7.355001951400683424e+01,7.254130816630641743e-01,6.304617347556987772e-01,6.485266738990500102e+00
7.355001951400683424e+01,7.254130816630641743e-01,6.304617347556987772e-01,6.485266738990500102e+00
7.355001951400683424e+01,7.254130816630641743e-01,6.304617347556987772e-01,6.485266738990500102e+00
7.355001951400683424e+01,7.254130816630641743e-01,6.304617347556987772e-01,6.485266738990500102e+00
7.355001951400683424e+01,7.254130816630641743e-01,6.304617347556987772e-01,6.485266738990500102e+00
7.355001951400683424e+01,7.254130816630641743e-01,6.304617347556987772e-01,6.485266738990500102e+00
7.355001951400683424e+01,7.254130816630641743e-01,6.304617347556987772e-01,6.485266738990500102e+00
7.355019665813087215e+01,7.254114364997251707e-01,6.300829478606858602e-01,6.485970130226200503e+00
7.355019665813087215e+01,7.254114364997251707e-01,6.300829478606858602e-01,6.485970130226200503e+00
7.355019665813087215e+01,7.254114364997251707e-01,6.300829478606858602e-01,6.485970130226200503e+00
7.355019665813087215e+01,7.254114364997251707e-01,6.300829478606858602e-01,6.485970130226200503e+00
7.355019665813087215e+01,7.254114364997251707e-01,6.300829478606858602e-01,6.485970130226200503e+00
7.355019665813087215e+01,7.254114364997251707e-01,6.300829478606858602e-01,6.485970130226200503e+00
7.356607801070535402e+01,7.257774804800438684e-01,6.528737359441408872e-01,6.484837366745591858e+00
7.357558759419748640e+01,7.257970436288109228e-01,6.494033819371380911e-01,6.495120070360166586e+00
7.357558759419748640e+01,7.257970436288109228e-01,6.494033819371380911e-01,6.495120070360166586e+00
7.357558759419748640e+01,7.257970436288109228e-01,6.494033819371380911e-01,6.495120070360166586e+00
7.357558759419748640e+01,7.257970436288109228e-01,6.494033819371380911e-01,6.495120070360166586e+00
7.357558759419748640e+01,7.257970436288109228e-01,6.494033819371380911e-01,6.495120070360166586e+00
7.357558759419748640e+01,7.257970436288109228e-01,6.494033819371380911e-01,6.495120070360166586e+00
7.351564669801743435e+01,7.248005256453278200e-01,6.205322504959814855e-01,6.592242991464416058e+00
7.355420048704245062e+01,7.249498654076783621e-01,6.235427602590732921e-01,6.648155875550024518e+00
7.355420048704245062e+01,7.249498654076783621e-01,6.235427602590732921e-01,6.648155875550024518e+00
7.355420048704245062e+01,7.249498654076783621e-01,6.235427602590732921e-01,6.648155875550024518e+00
7.355420048704245062e+01,7.249498654076783621e-01,6.235427602590732921e-01,6.648155875550024518e+00
7.358566731556570062e+01,7.252877710746366002e-01,6.103467063037171236e-01,6.722575971583752974e+00
7.358566731556570062e+01,7.252877710746366002e-01,6.103467063037171236e-01,6.722575971583752974e+00
7.356774598309272051e+01,7.250737651097365344e-01,6.205372347394386701e-01,6.578635809568883275e+00
7.356774598309272051e+01,7.250737651097365344e-01,6.205372347394386701e-01,6.578635809568883275e+00
7.356774598309272051e+01,7.250737651097365344e-01,6.205372347394386701e-01,6.578635809568883275e+00
7.356774598309272051e+01,7.250737651097365344e-01,6.205372347394386701e-01,6.578635809568883275e+00
7.356774598309272051e+01,7.250737651097365344e-01,6.205372347394386701e-01,6.578635809568883275e+00
7.356774598309272051e+01,7.250737651097365344e-01,6.205372347394386701e-01,6.578635809568883275e+00
7.355797341603576456e+01,7.249521267052057016e-01,6.172565991461941293e-01,6.584160621952535486e+00
7.355797341603576456e+01,7.249521267052057016e-01,6.172565991461941293e-01,6.584160621952535486e+00
7.358410274707605936e+01,7.252454757055141199e-01,6.011279964786140351e-01,6.581968823309546579e+00
7.380496393542510702e+01,7.271284257969756748e-01,5.999778365780692457e-01,6.603584442342672389e+00
7.380496393542510702e+01,7.271284257969756748e-01,5.999778365780692457e-01,6.603584442342672389e+00
7.380496393542510702e+01,7.271284257969756748e-01,5.999778365780692457e-01,6.603584442342672389e+00
7.380496393542510702e+01,7.271284257969756748e-01,5.999778365780692457e-01,6.603584442342672389e+00
7.380496393542510702e+01,7.271284257969756748e-01,5.999778365780692457e-01,6.603584442342672389e+00
7.380496393542510702e+01,7.271284257969756748e-01,5.999778365780692457e-01,6.603584442342672389e+00
7.380496393542510702e+01,7.271284257969756748e-01,5.999778365780692457e-01,6.603584442342672389e+00
7.380496393542510702e+01,7.271284257969756748e-01,5.999778365780692457e-01,6.603584442342672389e+00
7.364328226851048953e+01,7.270198387878489266e-01,5.572677147828590805e-01,6.417280877225358005e+00
7.364328226851048953e+01,7.270198387878489266e-01,5.572677147828590805e-01,6.417280877225358005e+00
7.364328226851048953e+01,7.270198387878489266e-01,5.572677147828590805e-01,6.417280877225358005e+00
7.364328226851048953e+01,7.270198387878489266e-01,5.572677147828590805e-01,6.417280877225358005e+00
7.364328226851048953e+01,7.270198387878489266e-01,5.572677147828590805e-01,6.417280877225358005e+00
7.364761044327468653e+01,7.270384335571722367e-01,5.559792589165071242e-01,6.422537281759390204e+00
7.364761044327468653e+01,7.270384335571722367e-01,5.559792589165071242e-01,6.422537281759390204e+00
7.361992680234851605e+01,7.263531948221948475e-01,5.650248417648005006e-01,6.473998502677035027e+00
7.361992680234851605e+01,7.263531948221948475e-01,5.650248417648005006e-01,6.473998502677035027e+00
7.361992680234851605e+01,7.263531948221948475e-01,5.650248417648005006e-01,6.473998502677035027e+00
7.361992680234851605e+01,7.263531948221948475e-01,5.650248417648005006e-01,6.473998502677035027e+00
7.361992680234851605e+01,7.263531948221948475e-01,5.650248417648005006e-01,6.473998502677035027e+00
7.361992680234851605e+01,7.263531948221948475e-01,5.650248417648005006e-01,6.473998502677035027e+00
7.361992680234851605e+01,7.263531948221948475e-01,5.650248417648005006e-01,6.473998502677035027e+00
7.361992680234851605e+01,7.263531948221948475e-01,5.650248417648005006e-01,6.473998502677035027e+00
7.357720285422261952e+01,7.266458410157852210e-01,5.361520054444700589e-01,6.379207524268418084e+00
7.357937159351108392e+01,7.267733992749216831e-01,5.418622091515886696e-01,6.390788183608822060e+00
7.357937159351108392e+01,7.267733992749216831e-01,5.418622091515886696e-01,6.390788183608822060e+00
7.357937159351108392e+01,7.267733992749216831e-01,5.418622091515886696e-01,6.390788183608822060e+00
7.357937159351108392e+01,7.267733992749216831e-01,5.418622091515886696e-01,6.390788183608822060e+00
7.357872969610747305e+01,7.267652941752433815e-01,5.421422725866886783e-01,6.386359407693031010e+00
7.360303527907720422e+01,7.267441882632332817e-01,5.296583817389743931e-01,6.460021530770204912e+00
7.360303527907720422e+01,7.267441882632332817e-01,5.296583817389743931e-01,6.460021530770204912e+00
7.368823596013558586e+01,7.277953843755683438e-01,5.084500563125221584e-01,6.447630841698556381e+00
7.368271215476593738e+01,7.276764812237956903e-01,5.085101704803711709e-01,6.447313079574425565e+00
7.368209654784538998e+01,7.276778982516816097e-01,5.082831081235762438e-01,6.445039019941425806e+00
7.368209654784538998e+01,7.276778982516816097e-01,5.082831081235762438e-01,6.445039019941425806e+00
7.368209654784538998e+01,7.276778982516816097e-01,5.082831081235762438e-01,6.445039019941425806e+00
7.366270033918718241e+01,7.274225624524741640e-01,5.121508195882149561e-01,6.457273305496451954e+00
7.366270033918718241e+01,7.274225624524741640e-01,5.121508195882149561e-01,6.457273305496451954e+00
7.366270033918718241e+01,7.274225624524741640e-01,5.121508195882149561e-01,6.457273305496451954e+00
7.366270033918718241e+01,7.274225624524741640e-01,5.121508195882149561e-01,6.457273305496451954e+00
7.366270033918718241e+01,7.274225624524741640e-01,5.121508195882149561e-01,6.457273305496451954e+00
7.366270033918718241e+01,7.274225624524741640e-01,5.121508195882149561e-01,6.457273305496451954e+00
7.366270033918718241e+01,7.274225624524741640e-01,5.121508195882149561e-01,6.457273305496451954e+00
7.375493390822401807e+01,7.275162455395770555e-01,5.174312292039813244e-01,6.548759999644856222e+00
7.375493390822401807e+01,7.275162455395770555e-01,5.174312292039813244e-01,6.548759999644856222e+00
7.375490483352199078e+01,7.275523604133070643e-01,5.197360575110174796e-01,6.549399876431809098e+00
7.375490483352199078e+01,7.275523604133070643e-01,5.197360575110174796e-01,6.549399876431809098e+00
7.366194032452301599e+01,7.272130684028772496e-01,5.414740001834879024e-01,6.461542382409740881e+00
7.364326018007500352e+01,7.273271609633916723e-01,5.429645736110337850e-01,6.428962277199601338e+00
7.364326018007500352e+01,7.273271609633916723e-01,5.429645736110337850e-01,6.428962277199601338e+00
7.364326018007500352e+01,7.273271609633916723e-01,5.429645736110337850e-01,6.428962277199601338e+00
7.381783751225489709e+01,7.280692395040969656e-01,5.004866541630917931e-01,6.585356834131633086e+00
7.385313942316687985e+01,7.282203270327183287e-01,4.979181508564160530e-01,6.630882186594740269e+00
7.385313942316687985e+01,7.282203270327183287e-01,4.979181508564160530e-01,6.630882186594740269e+00
7.385313942316687985e+01,7.282203270327183287e-01,4.979181508564160530e-01,6.630882186594740269e+00
7.385313942316687985e+01,7.282203270327183287e-01,4.979181508564160530e-01,6.630882186594740269e+00
7.392822470209601704e+01,7.291207718178349673e-01,4.938754502741620200e-01,6.644274158554729581e+00
7.395404427795082825e+01,7.292781448483932616e-01,4.940005420176478146e-01,6.659219798423207770e+00
7.395404427795082825e+01,7.292781448483932616e-01,4.940005420176478146e-01,6.659219798423207770e+00
7.427455889807785638e+01,7.320672547581594802e-01,4.815103425812340410e-01,6.748834145388087791e+00
7.408372032435910626e+01,7.293662321958671590e-01,5.117359137886480225e-01,6.841727197637203162e+00
7.408372032435910626e+01,7.293662321958671590e-01,5.117359137886480225e-01,6.841727197637203162e+00
7.408372032435910626e+01,7.293662321958671590e-01,5.117359137886480225e-01,6.841727197637203162e+00
7.413386456495538823e+01,7.295812075063691227e-01,5.029571346248924435e-01,6.891046168335174471e+00
7.413386456495538823e+01,7.295812075063691227e-01,5.029571346248924435e-01,6.891046168335174471e+00
7.413386456495538823e+01,7.295812075063691227e-01,5.029571346248924435e-01,6.891046168335174471e+00
7.413386456495538823e+01,7.295812075063691227e-01,5.029571346248924435e-01,6.891046168335174471e+00
7.413386456495538823e+01,7.295812075063691227e-01,5.029571346248924435e-01,6.891046168335174471e+00
7.413386456495538823e+01,7.295812075063691227e-01,5.029571346248924435e-01,6.891046168335174471e+00
7.413386456495538823e+01,7.295812075063691227e-01,5.029571346248924435e-01,6.891046168335174471e+00
7.413386456495538823e+01,7.295812075063691227e-01,5.029571346248924435e-01,6.891046168335174471e+00
7.413386456495538823e+01,7.295812075063691227e-01,5.029571346248924435e-01,6.891046168335174471e+00
7.413386456495538823e+01,7.295812075063691227e-01,5.029571346248924435e-01,6.891046168335174471e+00
7.413386456495538823e+01,7.295812075063691227e-01,5.029571346248924435e-01,6.891046168335174471e+00
7.413386456495538823e+01,7.295812075063691227e-01,5.029571346248924435e-01,6.891046168335174471e+00
7.413386456495538823e+01,7.295812075063691227e-01,5.029571346248924435e-01,6.891046168335174471e+00
7.412308966113285180e+01,7.295581443435568136e-01,5.024456968759288822e-01,6.876254579824155222e+00
7.412308966113285180e+01,7.295581443435568136e-01,5.024456968759288822e-01,6.876254579824155222e+00
7.412308966113285180e+01,7.295581443435568136e-01,5.024456968759288822e-01,6.876254579824155222e+00
7.412308966113285180e+01,7.295581443435568136e-01,5.024456968759288822e-01,6.876254579824155222e+00
7.412308966113285180e+01,7.295581443435568136e-01,5.024456968759288822e-01,6.876254579824155222e+00
7.412308966113285180e+01,7.295581443435568136e-01,5.024456968759288822e-01,6.876254579824155222e+00
7.412308966113285180e+01,7.295581443435568136e-01,5.024456968759288822e-01,6.876254579824155222e+00
7.412308966113285180e+01,7.295581443435568136e-01,5.024456968759288822e-01,6.876254579824155222e+00
7.402660417376964119e+01,7.292298796955539730e-01,5.028886893832642535e-01,6.777450071300799905e+00
7.402660417376964119e+01,7.292298796955539730e-01,5.028886893832642535e-01,6.777450071300799905e+00
7.401436171391999608e+01,7.284517477235012972e-01,4.839793413230547015e-01,6.826983756137122938e+00
7.401436171391999608e+01,7.284517477235012972e-01,4.839793413230547015e-01,6.826983756137122938e+00
7.401436171391999608e+01,7.284517477235012972e-01,4.839793413230547015e-01,6.826983756137122938e+00
7.401436171391999608e+01,7.284517477235012972e-01,4.839793413230547015e-01,6.826983756137122938e+00
7.401436171391999608e+01,7.284517477235012972e-01,4.839793413230547015e-01,6.826983756137122938e+00
7.394531738593629200e+01,7.283554065156055968e-01,4.870347704749177220e-01,6.747844951992387763e+00
7.394531738593629200e+01,7.283554065156055968e-01,4.870347704749177220e-01,6.747844951992387763e+00
7.394531738593629200e+01,7.283554065156055968e-01,4.870347704749177220e-01,6.747844951992387763e+00
7.394531738593629200e+01,7.283554065156055968e-01,4.870347704749177220e-01,6.747844951992387763e+00
7.385737665639257443e+01,7.280036920174702830e-01,4.946377603618448138e-01,6.645155944052511643e+00
7.385737665639257443e+01,7.280036920174702830e-01,4.946377603618448138e-01,6.645155944052511643e+00
7.385737665639257443e+01,7.280036920174702830e-01,4.946377603618448138e-01,6.645155944052511643e+00
7.385737665639257443e+01,7.280036920174702830e-01,4.946377603618448138e-01,6.645155944052511643e+00
7.404500958320008408e+01,7.297138158479959946e-01,4.996742945154722393e-01,6.754436733947664528e+00
7.404500958320008408e+01,7.297138158479959946e-01,4.996742945154722393e-01,6.754436733947664528e+00
7.356118202661902217e+01,7.247597452241805183e-01,1.175559935564866598e-01,1.316509965484485889e+01
7.355397377980619922e+01,7.265158276229437551e-01,1.168062186060676022e-01,1.288515514377197668e+01
7.355397377980619922e+01,7.265158276229437551e-01,1.168062186060676022e-01,1.288515514377197668e+01
7.355397377980619922e+01,7.265158276229437551e-01,1.168062186060676022e-01,1.288515514377197668e+01
7.320066922952013044e+01,7.257322661440643863e-01,1.117307257388300140e-01,1.177800685946764503e+01
7.320066922952013044e+01,7.257322661440643863e-01,1.117307257388300140e-01,1.177800685946764503e+01
7.320066922952013044e+01,7.257322661440643863e-01,1.117307257388300140e-01,1.177800685946764503e+01
7.320066922952013044e+01,7.257322661440643863e-01,1.117307257388300140e-01,1.177800685946764503e+01
7.320066922952013044e+01,7.257322661440643863e-01,1.117307257388300140e-01,1.177800685946764503e+01
7.320066922952013044e+01,7.257322661440643863e-01,1.117307257388300140e-01,1.177800685946764503e+01
7.342550415350581261e+01,7.281779470301715795e-01,1.112920822698692941e-01,1.224080992622785224e+01
7.360514429148943805e+01,7.287263959946904679e-01,1.199763161311654253e-01,1.234536288141708837e+01
7.360514429148943805e+01,7.287263959946904679e-01,1.199763161311654253e-01,1.234536288141708837e+01
7.360514429148943805e+01,7.287263959946904679e-01,1.199763161311654253e-01,1.234536288141708837e+01
7.360514429148943805e+01,7.287263959946904679e-01,1.199763161311654253e-01,1.234536288141708837e+01
7.360514429148943805e+01,7.287263959946904679e-01,1.199763161311654253e-01,1.234536288141708837e+01
7.360514429148943805e+01,7.287263959946904679e-01,1.199763161311654253e-01,1.234536288141708837e+01
7.360514429148943805e+01,7.287263959946904679e-01,1.199763161311654253e-01,1.234536288141708837e+01
7.360514429148943805e+01,7.287263959946904679e-01,1.199763161311654253e-01,1.234536288141708837e+01
7.360514429148943805e+01,7.287263959946904679e-01,1.199763161311654253e-01,1.234536288141708837e+01
7.360514429148943805e+01,7.287263959946904679e-01,1.199763161311654253e-01,1.234536288141708837e+01
7.360514429148943805e+01,7.287263959946904679e-01,1.199763161311654253e-01,1.234536288141708837e+01
7.360514429148943805e+01,7.287263959946904679e-01,1.199763161311654253e-01,1.234536288141708837e+01
7.360514429148943805e+01,7.287263959946904679e-01,1.199763161311654253e-01,1.234536288141708837e+01
7.373748515719296392e+01,7.303417072828893852e-01,1.181079060315511353e-01,1.271466169634384613e+01
7.373748515719296392e+01,7.303417072828893852e-01,1.181079060315511353e-01,1.271466169634384613e+01
7.392218577633147447e+01,7.315722268031145115e-01,1.282632501590299512e-01,1.197443328416519215e+01
7.382649465149231105e+01,7.310982307676532344e-01,1.253860256582480237e-01,1.203708597795565538e+01
7.382322836329142035e+01,7.309885634021745515e-01,1.273156830276045703e-01,1.189804004108834334e+01
7.382322836329142035e+01,7.309885634021745515e-01,1.273156830276045703e-01,1.189804004108834334e+01
7.386155908845398699e+01,7.310709745235057788e-01,1.304999545109242209e-01,1.177888202021795117e+01
7.386155908845398699e+01,7.310709745235057788e-01,1.304999545109242209e-01,1.177888202021795117e+01
7.386155908845398699e+01,7.310709745235057788e-01,1.304999545109242209e-01,1.177888202021795117e+01
7.386155908845398699e+01,7.310709745235057788e-01,1.304999545109242209e-01,1.177888202021795117e+01
7.386155908845398699e+01,7.310709745235057788e-01,1.304999545109242209e-01,1.177888202021795117e+01
7.402364663221882779e+01,7.331114014846014104e-01,1.284126462164854043e-01,1.177493955579612539e+01
7.402364663221882779e+01,7.331114014846014104e-01,1.284126462164854043e-01,1.177493955579612539e+01
7.402364663221882779e+01,7.331114014846014104e-01,1.284126462164854043e-01,1.177493955579612539e+01
7.415205898359904779e+01,7.347865972843625748e-01,1.195356472707522349e-01,1.297842987674851045e+01
7.415205898359904779e+01,7.347865972843625748e-01,1.195356472707522349e-01,1.297842987674851045e+01
7.415205898359904779e+01,7.347865972843625748e-01,1.195356472707522349e-01,1.297842987674851045e+01
7.396522648927800958e+01,7.338632562732432252e-01,1.138283192348751860e-01,1.320463483332748034e+01
7.398032295460298258e+01,7.338367120792069764e-01,1.149485358168318982e-01,1.316810558058552161e+01
7.398032295460298258e+01,7.338367120792069764e-01,1.149485358168318982e-01,1.316810558058552161e+01
7.398032295460298258e+01,7.338367120792069764e-01,1.149485358168318982e-01,1.316810558058552161e+01
7.398032295460298258e+01,7.338367120792069764e-01,1.149485358168318982e-01,1.316810558058552161e+01
7.398032295460298258e+01,7.338367120792069764e-01,1.149485358168318982e-01,1.316810558058552161e+01
7.398032295460298258e+01,7.338367120792069764e-01,1.149485358168318982e-01,1.316810558058552161e+01
7.398032295460298258e+01,7.338367120792069764e-01,1.149485358168318982e-01,1.316810558058552161e+01
7.398032295460298258e+01,7.338367120792069764e-01,1.149485358168318982e-01,1.316810558058552161e+01
7.398032295460298258e+01,7.338367120792069764e-01,1.149485358168318982e-01,1.316810558058552161e+01
7.398032295460298258e+01,7.338367120792069764e-01,1.149485358168318982e-01,1.316810558058552161e+01
7.384977483430488121e+01,7.338931436713231893e-01,1.018537570067170051e-01,1.382912596525578763e+01
7.384977483430488121e+01,7.338931436713231893e-01,1.018537570067170051e-01,1.382912596525578763e+01
7.384977483430488121e+01,7.338931436713231893e-01,1.018537570067170051e-01,1.382912596525578763e+01
7.384977483430488121e+01,7.338931436713231893e-01,1.018537570067170051e-01,1.382912596525578763e+01
7.384977483430488121e+01,7.338931436713231893e-01,1.018537570067170051e-01,1.382912596525578763e+01
7.384977483430488121e+01,7.338931436713231893e-01,1.018537570067170051e-01,1.382912596525578763e+01
7.384977483430488121e+01,7.338931436713231893e-01,1.018537570067170051e-01,1.382912596525578763e+01
7.384977483430488121e+01,7.338931436713231893e-01,1.018537570067170051e-01,1.382912596525578763e+01
7.384977483430488121e+01,7.338931436713231893e-01,1.018537570067170051e-01,1.382912596525578763e+01
7.395816644528152040e+01,7.347175712626041744e-01,1.119913335554584277e-01,1.285034514364514457e+01
7.388957069424982649e+01,7.343424624289841551e-01,1.132287846055684832e-01,1.229250814333131103e+01
7.388957069424982649e+01,7.343424624289841551e-01,1.132287846055684832e-01,1.229250814333131103e+01
7.384706465676927678e+01,7.339850256157260944e-01,1.119425906366181833e-01,1.240080629151485070e+01
7.384706465676927678e+01,7.339850256157260944e-01,1.119425906366181833e-01,1.240080629151485070e+01
7.384706465676927678e+01,7.339850256157260944e-01,1.119425906366181833e-01,1.240080629151485070e+01
7.380448197426198931e+01,7.332985147789763403e-01,1.142173445509889057e-01,1.231082541726990698e+01
7.420357420569574458e+01,7.353191092860836831e-01,1.148883931213906390e-01,1.384094888598798079e+01
7.420357420569574458e+01,7.353191092860836831e-01,1.148883931213906390e-01,1.384094888598798079e+01
7.420357420569574458e+01,7.353191092860836831e-01,1.148883931213906390e-01,1.384094888598798079e+01
7.420357420569574458e+01,7.353191092860836831e-01,1.148883931213906390e-01,1.384094888598798079e+01
7.420357420569574458e+01,7.353191092860836831e-01,1.148883931213906390e-01,1.384094888598798079e+01
7.420357420569574458e+01,7.353191092860836831e-01,1.148883931213906390e-01,1.384094888598798079e+01
7.420357420569574458e+01,7.353191092860836831e-01,1.148883931213906390e-01,1.384094888598798079e+01
7.420357420569574458e+01,7.353191092860836831e-01,1.148883931213906390e-01,1.384094888598798079e+01
7.420357420569574458e+01,7.353191092860836831e-01,1.148883931213906390e-01,1.384094888598798079e+01
7.420357420569574458e+01,7.353191092860836831e-01,1.148883931213906390e-01,1.384094888598798079e+01
7.420357420569574458e+01,7.353191092860836831e-01,1.148883931213906390e-01,1.384094888598798079e+01
7.420357420569574458e+01,7.353191092860836831e-01,1.148883931213906390e-01,1.384094888598798079e+01
7.420357420569574458e+01,7.353191092860836831e-01,1.148883931213906390e-01,1.384094888598798079e+01
7.422527790287938387e+01,7.355568809223629323e-01,1.145977086597536609e-01,1.388866369293275227e+01
7.419335767906430590e+01,7.354188201874370945e-01,1.074598054046856377e-01,1.445880131475999342e+01
7.418706277606372623e+01,7.353943228015809019e-01,1.058000936782216989e-01,1.463020472559329477e+01
7.418706277606372623e+01,7.353943228015809019e-01,1.058000936782216989e-01,1.463020472559329477e+01
7.418706277606372623e+01,7.353943228015809019e-01,1.058000936782216989e-01,1.463020472559329477e+01
7.418706277606372623e+01,7.353943228015809019e-01,1.058000936782216989e-01,1.463020472559329477e+01
7.418706277606372623e+01,7.353943228015809019e-01,1.058000936782216989e-01,1.463020472559329477e+01
7.421521391490168185e+01,7.361604282423005463e-01,1.070897912934512947e-01,1.420588544436931144e+01
7.421521391490168185e+01,7.361604282423005463e-01,1.070897912934512947e-01,1.420588544436931144e+01
7.421521391490168185e+01,7.361604282423005463e-01,1.070897912934512947e-01,1.420588544436931144e+01
7.421521391490168185e+01,7.361604282423005463e-01,1.070897912934512947e-01,1.420588544436931144e+01
7.421521391490168185e+01,7.361604282423005463e-01,1.070897912934512947e-01,1.420588544436931144e+01
7.421521391490168185e+01,7.361604282423005463e-01,1.070897912934512947e-01,1.420588544436931144e+01
7.421521391490168185e+01,7.361604282423005463e-01,1.070897912934512947e-01,1.420588544436931144e+01
7.421521391490168185e+01,7.361604282423005463e-01,1.070897912934512947e-01,1.420588544436931144e+01
7.421521391490168185e+01,7.361604282423005463e-01,1.070897912934512947e-01,1.420588544436931144e+01
7.421521391490168185e+01,7.361604282423005463e-01,1.070897912934512947e-01,1.420588544436931144e+01
7.421521391490168185e+01,7.361604282423005463e-01,1.070897912934512947e-01,1.420588544436931144e+01
7.421521391490168185e+01,7.361604282423005463e-01,1.070897912934512947e-01,1.420588544436931144e+01
7.420687434370159963e+01,7.362071238168397258e-01,1.061521189819405603e-01,1.427823109592869599e+01
7.420687434370159963e+01,7.362071238168397258e-01,1.061521189819405603e-01,1.427823109592869599e+01
7.416728134859319255e+01,7.369612866619736913e-01,1.048960185649931015e-01,1.374619914239585761e+01
7.416728134859319255e+01,7.369612866619736913e-01,1.048960185649931015e-01,1.374619914239585761e+01
7.416728134859319255e+01,7.369612866619736913e-01,1.048960185649931015e-01,1.374619914239585761e+01
7.417007825340287752e+01,7.369667924799164771e-01,1.049450745281861885e-01,1.377353012186586412e+01
7.417007825340287752e+01,7.369667924799164771e-01,1.049450745281861885e-01,1.377353012186586412e+01
7.428200639555065266e+01,7.370124146589145386e-01,1.114542239214308395e-01,1.349712502694050009e+01
7.428200639555065266e+01,7.370124146589145386e-01,1.114542239214308395e-01,1.349712502694050009e+01
7.428200639555065266e+01,7.370124146589145386e-01,1.114542239214308395e-01,1.349712502694050009e+01
7.428200639555065266e+01,7.370124146589145386e-01,1.114542239214308395e-01,1.349712502694050009e+01
7.428200639555065266e+01,7.370124146589145386e-01,1.114542239214308395e-01,1.349712502694050009e+01
7.428200639555065266e+01,7.370124146589145386e-01,1.114542239214308395e-01,1.349712502694050009e+01
7.428200639555065266e+01,7.370124146589145386e-01,1.114542239214308395e-01,1.349712502694050009e+01
7.428359366593127788e+01,7.370184325764552735e-01,1.114793269456924030e-01,1.350119939277683478e+01
7.428359366593127788e+01,7.370184325764552735e-01,1.114793269456924030e-01,1.350119939277683478e+01
7.428359366593127788e+01,7.370184325764552735e-01,1.114793269456924030e-01,1.350119939277683478e+01
7.428359366593127788e+01,7.370184325764552735e-01,1.114793269456924030e-01,1.350119939277683478e+01
7.428359366593127788e+01,7.370184325764552735e-01,1.114793269456924030e-01,1.350119939277683478e+01
7.428469568919470589e+01,7.370226107462291010e-01,1.114967556818776129e-01,1.350402817733058214e+01
7.428469568919470589e+01,7.370226107462291010e-01,1.114967556818776129e-01,1.350402817733058214e+01
7.428469568919470589e+01,7.370226107462291010e-01,1.114967556818776129e-01,1.350402817733058214e+01
7.427048763447987767e+01,7.369573190982505739e-01,1.093702295749326842e-01,1.374484407290889720e+01
7.427048763447987767e+01,7.369573190982505739e-01,1.093702295749326842e-01,1.374484407290889720e+01
7.427048763447987767e+01,7.369573190982505739e-01,1.093702295749326842e-01,1.374484407290889720e+01
7.427048763447987767e+01,7.369573190982505739e-01,1.093702295749326842e-01,1.374484407290889720e+01
7.427048763447987767e+01,7.369573190982505739e-01,1.093702295749326842e-01,1.374484407290889720e+01
7.427033900946726419e+01,7.369608989917285635e-01,1.089249353549297528e-01,1.378958121094518319e+01
7.427033900946726419e+01,7.369608989917285635e-01,1.089249353549297528e-01,1.378958121094518319e+01
7.421962750194464320e+01,7.364867172353665170e-01,1.085209825926572169e-01,1.377973172051273565e+01
7.421962750194464320e+01,7.364867172353665170e-01,1.085209825926572169e-01,1.377973172051273565e+01
7.421962750194464320e+01,7.364867172353665170e-01,1.085209825926572169e-01,1.377973172051273565e+01
7.420795355715171127e+01,7.363618986212001616e-01,1.088087294644320968e-01,1.371354439471664222e+01
7.420795355715171127e+01,7.363618986212001616e-01,1.088087294644320968e-01,1.371354439471664222e+01
7.420694519107738074e+01,7.363611816628096163e-01,1.087958270811974354e-01,1.370831417648147266e+01
7.420694519107738074e+01,7.363611816628096163e-01,1.087958270811974354e-01,1.370831417648147266e+01
7.420694519107738074e+01,7.363611816628096163e-01,1.087958270811974354e-01,1.370831417648147266e+01
7.420694519107738074e+01,7.363611816628096163e-01,1.087958270811974354e-01,1.370831417648147266e+01
7.420694519107738074e+01,7.363611816628096163e-01,1.087958270811974354e-01,1.370831417648147266e+01
7.420694519107738074e+01,7.363611816628096163e-01,1.087958270811974354e-01,1.370831417648147266e+01
7.416406619971419900e+01,7.360356379545172079e-01,1.071246103727651749e-01,1.387213933125276100e+01
7.416406619971419900e+01,7.360356379545172079e-01,1.071246103727651749e-01,1.387213933125276100e+01
7.416406619971419900e+01,7.360356379545172079e-01,1.071246103727651749e-01,1.387213933125276100e+01
7.416406619971419900e+01,7.360356379545172079e-01,1.071246103727651749e-01,1.387213933125276100e+01
7.406766828149429216e+01,7.357071476372223362e-01,1.029931819310064556e-01,1.400964009119851106e+01
7.420344314909711159e+01,7.365240780488344630e-01,1.103723048254203337e-01,1.328124181357701339e+01
7.420344314909711159e+01,7.365240780488344630e-01,1.103723048254203337e-01,1.328124181357701339e+01
7.423453736355497767e+01,7.352050492673462001e-01,1.168400445463750048e-01,1.289813902212831742e+01
7.428211610545372423e+01,7.354041293906775634e-01,1.190395474824924027e-01,1.282124800616524851e+01
7.428211610545372423e+01,7.354041293906775634e-01,1.190395474824924027e-01,1.282124800616524851e+01
7.431691161204425100e+01,7.360134433016718436e-01,1.194844528508809262e-01,1.253628834355858856e+01
7.429756143540657831e+01,7.357876074424093416e-01,1.204346401908404363e-01,1.226172211180981364e+01
7.432365007983642613e+01,7.357575015656089290e-01,1.218952368426141630e-01,1.216618902493731902e+01
7.432365007983642613e+01,7.357575015656089290e-01,1.218952368426141630e-01,1.216618902493731902e+01
7.432365007983642613e+01,7.357575015656089290e-01,1.218952368426141630e-01,1.216618902493731902e+01
7.432365007983642613e+01,7.357575015656089290e-01,1.218952368426141630e-01,1.216618902493731902e+01
7.432365007983642613e+01,7.357575015656089290e-01,1.218952368426141630e-01,1.216618902493731902e+01
7.432365007983642613e+01,7.357575015656089290e-01,1.218952368426141630e-01,1.216618902493731902e+01
7.437761466801150334e+01,7.362848992000198267e-01,1.213183320176646068e-01,1.253401930815618215e+01
7.442726576039152064e+01,7.367611348276629224e-01,1.248970021497035066e-01,1.228381971145025453e+01
7.442726576039152064e+01,7.367611348276629224e-01,1.248970021497035066e-01,1.228381971145025453e+01
7.442726576039152064e+01,7.367611348276629224e-01,1.248970021497035066e-01,1.228381971145025453e+01
7.442726576039152064e+01,7.367611348276629224e-01,1.248970021497035066e-01,1.228381971145025453e+01
7.448459358112462780e+01,7.369506135499046540e-01,1.234506917164148038e-01,1.293472897790580944e+01
7.448459358112462780e+01,7.369506135499046540e-01,1.234506917164148038e-01,1.293472897790580944e+01
7.448459358112462780e+01,7.369506135499046540e-01,1.234506917164148038e-01,1.293472897790580944e+01
7.447914733850483060e+01,7.369368983076024504e-01,1.236607846919601100e-01,1.288165418983625266e+01
7.461386263434367550e+01,7.368247040851892971e-01,1.294816769427484526e-01,1.281384513396189995e+01
7.461386263434367550e+01,7.368247040851892971e-01,1.294816769427484526e-01,1.281384513396189995e+01
7.467786998242492302e+01,7.366518066439505796e-01,1.251371824184403514e-01,1.392898548531086433e+01
7.467786998242492302e+01,7.366518066439505796e-01,1.251371824184403514e-01,1.392898548531086433e+01
7.468315357067226046e+01,7.366640093242587950e-01,1.251649652637991106e-01,1.396407323760280050e+01
7.468315357067226046e+01,7.366640093242587950e-01,1.251649652637991106e-01,1.396407323760280050e+01
7.468315357067226046e+01,7.366640093242587950e-01,1.251649652637991106e-01,1.396407323760280050e+01
7.454151809120148187e+01,7.364923939621905724e-01,1.226555683209195613e-01,1.340604425088350027e+01
7.515130409328504868e+01,7.469506352368835422e-01,1.079251192603096210e-01,1.579321846928526618e+01
7.515130409328504868e+01,7.469506352368835422e-01,1.079251192603096210e-01,1.579321846928526618e+01
7.515130409328504868e+01,7.469506352368835422e-01,1.079251192603096210e-01,1.579321846928526618e+01
7.515130409328504868e+01,7.469506352368835422e-01,1.079251192603096210e-01,1.579321846928526618e+01
7.515130409328504868e+01,7.469506352368835422e-01,1.079251192603096210e-01,1.579321846928526618e+01
7.515130409328504868e+01,7.469506352368835422e-01,1.079251192603096210e-01,1.579321846928526618e+01
7.515130409328504868e+01,7.469506352368835422e-01,1.079251192603096210e-01,1.579321846928526618e+01
7.515130409328504868e+01,7.469506352368835422e-01,1.079251192603096210e-01,1.579321846928526618e+01
7.515130409328504868e+01,7.469506352368835422e-01,1.079251192603096210e-01,1.579321846928526618e+01
7.515130409328504868e+01,7.469506352368835422e-01,1.079251192603096210e-01,1.579321846928526618e+01
7.515130409328504868e+01,7.469506352368835422e-01,1.079251192603096210e-01,1.579321846928526618e+01
7.515130409328504868e+01,7.469506352368835422e-01,1.079251192603096210e-01,1.579321846928526618e+01
7.515130409328504868e+01,7.469506352368835422e-01,1.079251192603096210e-01,1.579321846928526618e+01
7.515130409328504868e+01,7.469506352368835422e-01,1.079251192603096210e-01,1.579321846928526618e+01
7.515130409328504868e+01,7.469506352368835422e-01,1.079251192603096210e-01,1.579321846928526618e+01
7.515130409328504868e+01,7.469506352368835422e-01,1.079251192603096210e-01,1.579321846928526618e+01
7.515130409328504868e+01,7.469506352368835422e-01,1.079251192603096210e-01,1.579321846928526618e+01
7.515130409328504868e+01,7.469506352368835422e-01,1.079251192603096210e-01,1.579321846928526618e+01
7.515130409328504868e+01,7.469506352368835422e-01,1.079251192603096210e-01,1.579321846928526618e+01
7.515130409328504868e+01,7.469506352368835422e-01,1.079251192603096210e-01,1.579321846928526618e+01
7.532632204776624008e+01,7.487084109194508397e-01,1.003306312398280498e-01,1.710045466745567211e+01
7.532632204776624008e+01,7.487084109194508397e-01,1.003306312398280498e-01,1.710045466745567211e+01
7.532632204776624008e+01,7.487084109194508397e-01,1.003306312398280498e-01,1.710045466745567211e+01
7.532632204776624008e+01,7.487084109194508397e-01,1.003306312398280498e-01,1.710045466745567211e+01
7.532632204776624008e+01,7.487084109194508397e-01,1.003306312398280498e-01,1.710045466745567211e+01
7.532632204776624008e+01,7.487084109194508397e-01,1.003306312398280498e-01,1.710045466745567211e+01
7.532574233210245040e+01,7.486546080435138029e-01,1.005193013414549807e-01,1.709387485070839219e+01
7.532574233210245040e+01,7.486546080435138029e-01,1.005193013414549807e-01,1.709387485070839219e+01
7.532574233210245040e+01,7.486546080435138029e-01,1.005193013414549807e-01,1.709387485070839219e+01
7.532574233210245040e+01,7.486546080435138029e-01,1.005193013414549807e-01,1.709387485070839219e+01
7.532574233210245040e+01,7.486546080435138029e-01,1.005193013414549807e-01,1.709387485070839219e+01
7.532574233210245040e+01,7.486546080435138029e-01,1.005193013414549807e-01,1.709387485070839219e+01
7.532574233210245040e+01,7.486546080435138029e-01,1.005193013414549807e-01,1.709387485070839219e+01
7.532574233210245040e+01,7.486546080435138029e-01,1.005193013414549807e-01,1.709387485070839219e+01
7.532574233210245040e+01,7.486546080435138029e-01,1.005193013414549807e-01,1.709387485070839219e+01
7.532574233210245040e+01,7.486546080435138029e-01,1.005193013414549807e-01,1.709387485070839219e+01
7.532574233210245040e+01,7.486546080435138029e-01,1.005193013414549807e-01,1.709387485070839219e+01
7.472341122587825168e+01,7.414645399081704058e-01,1.134223692775303827e-01,1.463341040066393006e+01
7.472341122587825168e+01,7.414645399081704058e-01,1.134223692775303827e-01,1.463341040066393006e+01
7.472341122587825168e+01,7.414645399081704058e-01,1.134223692775303827e-01,1.463341040066393006e+01
7.472341122587825168e+01,7.414645399081704058e-01,1.134223692775303827e-01,1.463341040066393006e+01
7.472341122587825168e+01,7.414645399081704058e-01,1.134223692775303827e-01,1.463341040066393006e+01
7.472994390887592431e+01,7.439493054156162133e-01,9.056168518384256905e-02,1.768871367019485064e+01
7.472994390887592431e+01,7.439493054156162133e-01,9.056168518384256905e-02,1.768871367019485064e+01
7.472994390887592431e+01,7.439493054156162133e-01,9.056168518384256905e-02,1.768871367019485064e+01
7.463592329385598134e+01,7.420895564297810276e-01,1.019100782726786170e-01,1.513945952012049823e+01
7.463592329385598134e+01,7.420895564297810276e-01,1.019100782726786170e-01,1.513945952012049823e+01
7.463592329385598134e+01,7.420895564297810276e-01,1.019100782726786170e-01,1.513945952012049823e+01
7.463592329385598134e+01,7.420895564297810276e-01,1.019100782726786170e-01,1.513945952012049823e+01
7.454445922377847467e+01,7.396454470357592959e-01,1.190305098946394802e-01,1.313074159265746310e+01
7.448461076845924822e+01,7.392853408964380479e-01,1.174372346719201043e-01,1.318403413359623855e+01
7.439685830415616863e+01,7.373523874806946488e-01,1.159898809445222556e-01,1.370207716845803780e+01
7.439685830415616863e+01,7.373523874806946488e-01,1.159898809445222556e-01,1.370207716845803780e+01
7.439685830415616863e+01,7.373523874806946488e-01,1.159898809445222556e-01,1.370207716845803780e+01
7.439685830415616863e+01,7.373523874806946488e-01,1.159898809445222556e-01,1.370207716845803780e+01
7.439713768775723679e+01,7.373519311707819046e-01,1.111852432780850997e-01,1.411010884419092548e+01
7.439713768775723679e+01,7.373519311707819046e-01,1.111852432780850997e-01,1.411010884419092548e+01
7.439713768775723679e+01,7.373519311707819046e-01,1.111852432780850997e-01,1.411010884419092548e+01
7.439713768775723679e+01,7.373519311707819046e-01,1.111852432780850997e-01,1.411010884419092548e+01
7.439713768775723679e+01,7.373519311707819046e-01,1.111852432780850997e-01,1.411010884419092548e+01
7.453171329558979608e+01,7.389301220442063833e-01,1.214308681814787183e-01,1.266365887543478053e+01
7.453171329558979608e+01,7.389301220442063833e-01,1.214308681814787183e-01,1.266365887543478053e+01
7.453171329558979608e+01,7.389301220442063833e-01,1.214308681814787183e-01,1.266365887543478053e+01
7.453171329558979608e+01,7.389301220442063833e-01,1.214308681814787183e-01,1.266365887543478053e+01
7.453814565050386420e+01,7.388123928259493489e-01,1.228790310779286216e-01,1.256146069757194894e+01
7.453814565050386420e+01,7.388123928259493489e-01,1.228790310779286216e-01,1.256146069757194894e+01
7.453814565050386420e+01,7.388123928259493489e-01,1.228790310779286216e-01,1.256146069757194894e+01
7.453814565050386420e+01,7.388123928259493489e-01,1.228790310779286216e-01,1.256146069757194894e+01
7.453814565050386420e+01,7.388123928259493489e-01,1.228790310779286216e-01,1.256146069757194894e+01
7.452992131336890225e+01,7.386698007880071470e-01,1.248622465420417549e-01,1.224647553362614971e+01
7.453385594583500051e+01,7.387101986933581887e-01,1.249824971787359962e-01,1.222725162610245242e+01
7.453385594583500051e+01,7.387101986933581887e-01,1.249824971787359962e-01,1.222725162610245242e+01
7.453385594583500051e+01,7.387101986933581887e-01,1.249824971787359962e-01,1.222725162610245242e+01
7.453259455726926319e+01,7.384933448157706692e-01,1.264563896298987467e-01,1.222628018745143663e+01
7.453259455726926319e+01,7.384933448157706692e-01,1.264563896298987467e-01,1.222628018745143663e+01
7.453259455726926319e+01,7.384933448157706692e-01,1.264563896298987467e-01,1.222628018745143663e+01
7.453259455726926319e+01,7.384933448157706692e-01,1.264563896298987467e-01,1.222628018745143663e+01
7.453259455726926319e+01,7.384933448157706692e-01,1.264563896298987467e-01,1.222628018745143663e+01
7.453778032844978441e+01,7.391127437502694741e-01,1.224941064576010180e-01,1.219964264962780831e+01
7.453778032844978441e+01,7.391127437502694741e-01,1.224941064576010180e-01,1.219964264962780831e+01
7.454004154923805459e+01,7.392319124717449119e-01,1.223175679243588831e-01,1.216057659962493886e+01
7.452337862857672235e+01,7.392037458534876926e-01,1.198291999507078015e-01,1.246969939011913908e+01
7.452337862857672235e+01,7.392037458534876926e-01,1.198291999507078015e-01,1.246969939011913908e+01
7.452337862857672235e+01,7.392037458534876926e-01,1.198291999507078015e-01,1.246969939011913908e+01
7.452337862857672235e+01,7.392037458534876926e-01,1.198291999507078015e-01,1.246969939011913908e+01
7.452337862857672235e+01,7.392037458534876926e-01,1.198291999507078015e-01,1.246969939011913908e+01
7.452337862857672235e+01,7.392037458534876926e-01,1.198291999507078015e-01,1.246969939011913908e+01
7.468663018654216046e+01,7.401687242011698586e-01,1.264109538066782723e-01,1.190229775528165312e+01
7.468663018654216046e+01,7.401687242011698586e-01,1.264109538066782723e-01,1.190229775528165312e+01
7.468663018654216046e+01,7.401687242011698586e-01,1.264109538066782723e-01,1.190229775528165312e+01
7.455246059418820437e+01,7.390603836154144846e-01,1.172980238856476398e-01,1.310462298943470572e+01
7.455246059418820437e+01,7.390603836154144846e-01,1.172980238856476398e-01,1.310462298943470572e+01
7.455246059418820437e+01,7.390603836154144846e-01,1.172980238856476398e-01,1.310462298943470572e+01
7.455246059418820437e+01,7.390603836154144846e-01,1.172980238856476398e-01,1.310462298943470572e+01
7.455246059418820437e+01,7.390603836154144846e-01,1.172980238856476398e-01,1.310462298943470572e+01
7.455246059418820437e+01,7.390603836154144846e-01,1.172980238856476398e-01,1.310462298943470572e+01
7.455246059418820437e+01,7.390603836154144846e-01,1.172980238856476398e-01,1.310462298943470572e+01
7.455246059418820437e+01,7.390603836154144846e-01,1.172980238856476398e-01,1.310462298943470572e+01
7.455246059418820437e+01,7.390603836154144846e-01,1.172980238856476398e-01,1.310462298943470572e+01
7.455246059418820437e+01,7.390603836154144846e-01,1.172980238856476398e-01,1.310462298943470572e+01
7.455246059418820437e+01,7.390603836154144846e-01,1.172980238856476398e-01,1.310462298943470572e+01
7.455246059418820437e+01,7.390603836154144846e-01,1.172980238856476398e-01,1.310462298943470572e+01
7.455246059418820437e+01,7.390603836154144846e-01,1.172980238856476398e-01,1.310462298943470572e+01
7.455246059418820437e+01,7.390603836154144846e-01,1.172980238856476398e-01,1.310462298943470572e+01
7.455246059418820437e+01,7.390603836154144846e-01,1.172980238856476398e-01,1.310462298943470572e+01
7.455246059418820437e+01,7.390603836154144846e-01,1.172980238856476398e-01,1.310462298943470572e+01
7.450759762073055015e+01,7.382898727714097831e-01,1.254403137009134639e-01,1.238663561275728320e+01
7.450352729329480894e+01,7.383350557767766054e-01,1.252630014699719074e-01,1.239355863265961588e+01
7.450352729329480894e+01,7.383350557767766054e-01,1.252630014699719074e-01,1.239355863265961588e+01
7.450352729329480894e+01,7.383350557767766054e-01,1.252630014699719074e-01,1.239355863265961588e+01
7.450352729329480894e+01,7.383350557767766054e-01,1.252630014699719074e-01,1.239355863265961588e+01
7.451746160176165290e+01,7.386450487042475199e-01,1.121286559227264862e-01,1.424044716339474625e+01
7.451746160176165290e+01,7.386450487042475199e-01,1.121286559227264862e-01,1.424044716339474625e+01
7.451746160176165290e+01,7.386450487042475199e-01,1.121286559227264862e-01,1.424044716339474625e+01
7.451746160176165290e+01,7.386450487042475199e-01,1.121286559227264862e-01,1.424044716339474625e+01
7.451746160176165290e+01,7.386450487042475199e-01,1.121286559227264862e-01,1.424044716339474625e+01
7.470298630182834643e+01,7.406049287050732177e-01,1.100521274124302146e-01,1.534319674285113777e+01
7.470298630182834643e+01,7.406049287050732177e-01,1.100521274124302146e-01,1.534319674285113777e+01
7.470298630182834643e+01,7.406049287050732177e-01,1.100521274124302146e-01,1.534319674285113777e+01
7.470298630182834643e+01,7.406049287050732177e-01,1.100521274124302146e-01,1.534319674285113777e+01
7.470298630182834643e+01,7.406049287050732177e-01,1.100521274124302146e-01,1.534319674285113777e+01
7.470298630182834643e+01,7.406049287050732177e-01,1.100521274124302146e-01,1.534319674285113777e+01
7.470298630182834643e+01,7.406049287050732177e-01,1.100521274124302146e-01,1.534319674285113777e+01
7.470298630182834643e+01,7.406049287050732177e-01,1.100521274124302146e-01,1.534319674285113777e+01
7.470298630182834643e+01,7.406049287050732177e-01,1.100521274124302146e-01,1.534319674285113777e+01
7.470298630182834643e+01,7.406049287050732177e-01,1.100521274124302146e-01,1.534319674285113777e+01
7.470298630182834643e+01,7.406049287050732177e-01,1.100521274124302146e-01,1.534319674285113777e+01
7.472023894642630637e+01,7.412556613316811926e-01,1.027483644772387017e-01,1.616520115203398333e+01
7.472023894642630637e+01,7.412556613316811926e-01,1.027483644772387017e-01,1.616520115203398333e+01
7.472023894642630637e+01,7.412556613316811926e-01,1.027483644772387017e-01,1.616520115203398333e+01
7.437429201783739074e+01,7.391795464692982875e-01,1.014321273427438441e-01,1.506776672244961546e+01
7.437429201783739074e+01,7.391795464692982875e-01,1.014321273427438441e-01,1.506776672244961546e+01
7.437429201783739074e+01,7.391795464692982875e-01,1.014321273427438441e-01,1.506776672244961546e+01
7.437429201783739074e+01,7.391795464692982875e-01,1.014321273427438441e-01,1.506776672244961546e+01
7.439815204585660524e+01,7.386579590999676759e-01,1.064766613444407678e-01,1.467720011199079266e+01
7.439815204585660524e+01,7.386579590999676759e-01,1.064766613444407678e-01,1.467720011199079266e+01
7.439815204585660524e+01,7.386579590999676759e-01,1.064766613444407678e-01,1.467720011199079266e+01
7.439815204585660524e+01,7.386579590999676759e-01,1.064766613444407678e-01,1.467720011199079266e+01
7.438786582454301310e+01,7.384982346891094673e-01,1.101342450845566034e-01,1.426109608049671706e+01
7.433533389228790611e+01,7.395556639067926152e-01,1.051888749090279102e-01,1.435965174197372640e+01
7.433533389228790611e+01,7.395556639067926152e-01,1.051888749090279102e-01,1.435965174197372640e+01
7.433533389228790611e+01,7.395556639067926152e-01,1.051888749090279102e-01,1.435965174197372640e+01
7.433533389228790611e+01,7.395556639067926152e-01,1.051888749090279102e-01,1.435965174197372640e+01
7.433533389228790611e+01,7.395556639067926152e-01,1.051888749090279102e-01,1.435965174197372640e+01
7.433533389228790611e+01,7.395556639067926152e-01,1.051888749090279102e-01,1.435965174197372640e+01
7.433533389228790611e+01,7.395556639067926152e-01,1.051888749090279102e-01,1.435965174197372640e+01
7.416728627728107881e+01,7.380578667425010675e-01,1.028515090726650760e-01,1.372672013693334492e+01
7.419455942142948857e+01,7.378849481322193871e-01,1.081291453261957747e-01,1.328838955424414436e+01
7.419455942142948857e+01,7.378849481322193871e-01,1.081291453261957747e-01,1.328838955424414436e+01
7.419455942142948857e+01,7.378849481322193871e-01,1.081291453261957747e-01,1.328838955424414436e+01
7.419455942142948857e+01,7.378849481322193871e-01,1.081291453261957747e-01,1.328838955424414436e+01
7.419455942142948857e+01,7.378849481322193871e-01,1.081291453261957747e-01,1.328838955424414436e+01
7.419455942142948857e+01,7.378849481322193871e-01,1.081291453261957747e-01,1.328838955424414436e+01
7.419455942142948857e+01,7.378849481322193871e-01,1.081291453261957747e-01,1.328838955424414436e+01
7.419455942142948857e+01,7.378849481322193871e-01,1.081291453261957747e-01,1.328838955424414436e+01
7.419455942142948857e+01,7.378849481322193871e-01,1.081291453261957747e-01,1.328838955424414436e+01
7.419455942142948857e+01,7.378849481322193871e-01,1.081291453261957747e-01,1.328838955424414436e+01
7.419455942142948857e+01,7.378849481322193871e-01,1.081291453261957747e-01,1.328838955424414436e+01
7.419455942142948857e+01,7.378849481322193871e-01,1.081291453261957747e-01,1.328838955424414436e+01
7.419455942142948857e+01,7.378849481322193871e-01,1.081291453261957747e-01,1.328838955424414436e+01
7.417908214994189109e+01,7.379381382472481876e-01,1.044400145250758971e-01,1.348541694103973398e+01
7.417908214994189109e+01,7.379381382472481876e-01,1.044400145250758971e-01,1.348541694103973398e+01
7.410359892045558183e+01,7.377226303586605916e-01,1.023976335825854955e-01,1.344260481192763734e+01
7.410733159458260388e+01,7.378221286140904667e-01,9.974134750831681329e-02,1.349452655618567221e+01
7.410733159458260388e+01,7.378221286140904667e-01,9.974134750831681329e-02,1.349452655618567221e+01
7.410733159458260388e+01,7.378221286140904667e-01,9.974134750831681329e-02,1.349452655618567221e+01
7.410733159458260388e+01,7.378221286140904667e-01,9.974134750831681329e-02,1.349452655618567221e+01
7.410733159458260388e+01,7.378221286140904667e-01,9.974134750831681329e-02,1.349452655618567221e+01
7.410906351875418352e+01,7.386014979176968032e-01,9.006393348875361970e-02,1.459272380225380061e+01
7.410906351875418352e+01,7.386014979176968032e-01,9.006393348875361970e-02,1.459272380225380061e+01
7.428168084615461453e+01,7.387017638759016958e-01,9.491698103140858156e-02,1.597174821655989874e+01
7.428168084615461453e+01,7.387017638759016958e-01,9.491698103140858156e-02,1.597174821655989874e+01
7.428168084615461453e+01,7.387017638759016958e-01,9.491698103140858156e-02,1.597174821655989874e+01
7.428168084615461453e+01,7.387017638759016958e-01,9.491698103140858156e-02,1.597174821655989874e+01
7.428168084615461453e+01,7.387017638759016958e-01,9.491698103140858156e-02,1.597174821655989874e+01
7.460876102843879210e+01,7.261097318843515724e-01,4.388422406694165723e-01,7.857254736790962646e+00
7.418498564951093499e+01,7.245769945588949046e-01,4.426852126295461320e-01,7.410067214565241756e+00
7.418498564951093499e+01,7.245769945588949046e-01,4.426852126295461320e-01,7.410067214565241756e+00
7.418498564951093499e+01,7.245769945588949046e-01,4.426852126295461320e-01,7.410067214565241756e+00
7.418498564951093499e+01,7.245769945588949046e-01,4.426852126295461320e-01,7.410067214565241756e+00
7.418105256304292539e+01,7.251064999434649883e-01,4.164712496197564007e-01,7.419095299531255350e+00
7.418105256304292539e+01,7.251064999434649883e-01,4.164712496197564007e-01,7.419095299531255350e+00
7.405765342302649401e+01,7.254109941433587450e-01,4.741201908242880236e-01,7.186784224209632477e+00
7.405765342302649401e+01,7.254109941433587450e-01,4.741201908242880236e-01,7.186784224209632477e+00
7.405765342302649401e+01,7.254109941433587450e-01,4.741201908242880236e-01,7.186784224209632477e+00
7.405765342302649401e+01,7.254109941433587450e-01,4.741201908242880236e-01,7.186784224209632477e+00
7.405765342302649401e+01,7.254109941433587450e-01,4.741201908242880236e-01,7.186784224209632477e+00
7.405765342302649401e+01,7.254109941433587450e-01,4.741201908242880236e-01,7.186784224209632477e+00
7.405765342302649401e+01,7.254109941433587450e-01,4.741201908242880236e-01,7.186784224209632477e+00
7.405765342302649401e+01,7.254109941433587450e-01,4.741201908242880236e-01,7.186784224209632477e+00
7.405765342302649401e+01,7.254109941433587450e-01,4.741201908242880236e-01,7.186784224209632477e+00
7.405765342302649401e+01,7.254109941433587450e-01,4.741201908242880236e-01,7.186784224209632477e+00
7.405765342302649401e+01,7.254109941433587450e-01,4.741201908242880236e-01,7.186784224209632477e+00
7.399909341637899729e+01,7.251201220977935291e-01,4.769396024639187548e-01,7.147859171366270026e+00
7.399909341637899729e+01,7.251201220977935291e-01,4.769396024639187548e-01,7.147859171366270026e+00
7.399909341637899729e+01,7.251201220977935291e-01,4.769396024639187548e-01,7.147859171366270026e+00
7.399909341637899729e+01,7.251201220977935291e-01,4.769396024639187548e-01,7.147859171366270026e+00
7.399909341637899729e+01,7.251201220977935291e-01,4.769396024639187548e-01,7.147859171366270026e+00
7.399909341637899729e+01,7.251201220977935291e-01,4.769396024639187548e-01,7.147859171366270026e+00
7.390427820076737930e+01,7.260027179948184139e-01,4.399824470549581479e-01,6.846837093616079173e+00
7.390427820076737930e+01,7.260027179948184139e-01,4.399824470549581479e-01,6.846837093616079173e+00
7.390427820076737930e+01,7.260027179948184139e-01,4.399824470549581479e-01,6.846837093616079173e+00
7.390427820076737930e+01,7.260027179948184139e-01,4.399824470549581479e-01,6.846837093616079173e+00
7.390427820076737930e+01,7.260027179948184139e-01,4.399824470549581479e-01,6.846837093616079173e+00
7.390427820076737930e+01,7.260027179948184139e-01,4.399824470549581479e-01,6.846837093616079173e+00
7.390427820076737930e+01,7.260027179948184139e-01,4.399824470549581479e-01,6.846837093616079173e+00
7.390427820076737930e+01,7.260027179948184139e-01,4.399824470549581479e-01,6.846837093616079173e+00
7.390427820076737930e+01,7.260027179948184139e-01,4.399824470549581479e-01,6.846837093616079173e+00
7.412276638780731730e+01,7.266697303022098264e-01,4.528163160506512575e-01,7.056477830117573902e+00
7.412276638780731730e+01,7.266697303022098264e-01,4.528163160506512575e-01,7.056477830117573902e+00
7.390430217596903617e+01,7.244574897978638406e-01,4.555521129115669421e-01,7.007053043132694725e+00
7.390430217596903617e+01,7.244574897978638406e-01,4.555521129115669421e-01,7.007053043132694725e+00
7.390430217596903617e+01,7.244574897978638406e-01,4.555521129115669421e-01,7.007053043132694725e+00
7.390430217596903617e+01,7.244574897978638406e-01,4.555521129115669421e-01,7.007053043132694725e+00
7.390430217596903617e+01,7.244574897978638406e-01,4.555521129115669421e-01,7.007053043132694725e+00
7.390430217596903617e+01,7.244574897978638406e-01,4.555521129115669421e-01,7.007053043132694725e+00
7.390430217596903617e+01,7.244574897978638406e-01,4.555521129115669421e-01,7.007053043132694725e+00
7.386308450117357438e+01,7.252753246278664800e-01,4.936088291804474060e-01,6.919138556186715583e+00
7.386308450117357438e+01,7.252753246278664800e-01,4.936088291804474060e-01,6.919138556186715583e+00
7.386308450117357438e+01,7.252753246278664800e-01,4.936088291804474060e-01,6.919138556186715583e+00
7.386308450117357438e+01,7.252753246278664800e-01,4.936088291804474060e-01,6.919138556186715583e+00
7.378683968430472362e+01,7.253272636666586726e-01,5.058703423939466814e-01,6.808871535281713960e+00
7.378683968430472362e+01,7.253272636666586726e-01,5.058703423939466814e-01,6.808871535281713960e+00
7.378683968430472362e+01,7.253272636666586726e-01,5.058703423939466814e-01,6.808871535281713960e+00
7.378683968430472362e+01,7.253272636666586726e-01,5.058703423939466814e-01,6.808871535281713960e+00
7.378683968430472362e+01,7.253272636666586726e-01,5.058703423939466814e-01,6.808871535281713960e+00
7.378683968430472362e+01,7.253272636666586726e-01,5.058703423939466814e-01,6.808871535281713960e+00
7.378683968430472362e+01,7.253272636666586726e-01,5.058703423939466814e-01,6.808871535281713960e+00
7.377260953196500282e+01,7.253187801679232827e-01,5.074534115564748316e-01,6.791323066457957580e+00
7.377260953196500282e+01,7.253187801679232827e-01,5.074534115564748316e-01,6.791323066457957580e+00
7.377260953196500282e+01,7.253187801679232827e-01,5.074534115564748316e-01,6.791323066457957580e+00
7.377260953196500282e+01,7.253187801679232827e-01,5.074534115564748316e-01,6.791323066457957580e+00
7.377260953196500282e+01,7.253187801679232827e-01,5.074534115564748316e-01,6.791323066457957580e+00
7.377260953196500282e+01,7.253187801679232827e-01,5.074534115564748316e-01,6.791323066457957580e+00
7.377260953196500282e+01,7.253187801679232827e-01,5.074534115564748316e-01,6.791323066457957580e+00
7.377260953196500282e+01,7.253187801679232827e-01,5.074534115564748316e-01,6.791323066457957580e+00
7.377260953196500282e+01,7.253187801679232827e-01,5.074534115564748316e-01,6.791323066457957580e+00
7.377917170296677796e+01,7.251169137374751106e-01,5.017678702250332190e-01,6.817803035555558111e+00
7.377917170296677796e+01,7.251169137374751106e-01,5.017678702250332190e-01,6.817803035555558111e+00
7.376595606100489988e+01,7.253029439688610802e-01,5.038262659230149376e-01,6.799222339416135519e+00
7.379069347132252688e+01,7.253315464069106655e-01,4.892602703157777899e-01,6.826752420413274791e+00
7.365350514382328129e+01,7.247246563287489396e-01,5.052164703222257192e-01,6.725354936456263033e+00
7.365350514382328129e+01,7.247246563287489396e-01,5.052164703222257192e-01,6.725354936456263033e+00
7.365350514382328129e+01,7.247246563287489396e-01,5.052164703222257192e-01,6.725354936456263033e+00
7.365350514382328129e+01,7.247246563287489396e-01,5.052164703222257192e-01,6.725354936456263033e+00
7.364657067331008022e+01,7.246173690730071115e-01,5.086509165187345083e-01,6.675800305035484605e+00
7.364657067331008022e+01,7.246173690730071115e-01,5.086509165187345083e-01,6.675800305035484605e+00
7.364657067331008022e+01,7.246173690730071115e-01,5.086509165187345083e-01,6.675800305035484605e+00
7.364657067331008022e+01,7.246173690730071115e-01,5.086509165187345083e-01,6.675800305035484605e+00
7.364657067331008022e+01,7.246173690730071115e-01,5.086509165187345083e-01,6.675800305035484605e+00
7.364657067331008022e+01,7.246173690730071115e-01,5.086509165187345083e-01,6.675800305035484605e+00
7.364608034317438978e+01,7.245747435915805834e-01,5.074480558443319467e-01,6.678607746939686507e+00
7.364608034317438978e+01,7.245747435915805834e-01,5.074480558443319467e-01,6.678607746939686507e+00
7.364608034317438978e+01,7.245747435915805834e-01,5.074480558443319467e-01,6.678607746939686507e+00
7.364401622564389527e+01,7.261159201106152095e-01,5.020405287009480633e-01,6.504684523310275246e+00
7.351391518302632733e+01,7.266324241558742569e-01,5.024746391316526894e-01,6.269557881560533730e+00
7.351391518302632733e+01,7.266324241558742569e-01,5.024746391316526894e-01,6.269557881560533730e+00
7.351391518302632733e+01,7.266324241558742569e-01,5.024746391316526894e-01,6.269557881560533730e+00
7.351391518302632733e+01,7.266324241558742569e-01,5.024746391316526894e-01,6.269557881560533730e+00
7.351391518302632733e+01,7.266324241558742569e-01,5.024746391316526894e-01,6.269557881560533730e+00
7.351391518302632733e+01,7.266324241558742569e-01,5.024746391316526894e-01,6.269557881560533730e+00
7.349541890232849539e+01,7.263631105977305102e-01,5.037469111707841840e-01,6.274181983577130417e+00
7.350047844073155545e+01,7.269847610271851224e-01,4.846009720692546763e-01,6.200133042567270714e+00
7.348079539829024043e+01,7.266823238829841491e-01,4.971107951246238610e-01,6.228469811964275848e+00
7.342481006354887541e+01,7.268147627149367240e-01,4.697827403225731668e-01,6.129671082581764630e+00
7.342481006354887541e+01,7.268147627149367240e-01,4.697827403225731668e-01,6.129671082581764630e+00
7.342481006354887541e+01,7.268147627149367240e-01,4.697827403225731668e-01,6.129671082581764630e+00
7.343786509921829975e+01,7.263669813881268311e-01,4.880068377813500113e-01,6.204244931685294340e+00
7.343786509921829975e+01,7.263669813881268311e-01,4.880068377813500113e-01,6.204244931685294340e+00
7.343054936681537015e+01,7.263017295616457369e-01,4.898467626790042329e-01,6.185749334724540915e+00
7.343054936681537015e+01,7.263017295616457369e-01,4.898467626790042329e-01,6.185749334724540915e+00
7.338569547323673703e+01,7.258364490554708448e-01,4.201139373993121318e-01,6.107387632956655210e+00
7.338569547323673703e+01,7.258364490554708448e-01,4.201139373993121318e-01,6.107387632956655210e+00
7.338569547323673703e+01,7.258364490554708448e-01,4.201139373993121318e-01,6.107387632956655210e+00
7.338569547323673703e+01,7.258364490554708448e-01,4.201139373993121318e-01,6.107387632956655210e+00
7.338569547323673703e+01,7.258364490554708448e-01,4.201139373993121318e-01,6.107387632956655210e+00
7.338569547323673703e+01,7.258364490554708448e-01,4.201139373993121318e-01,6.107387632956655210e+00
7.343011894438947706e+01,7.259685385731384777e-01,4.437978067879012611e-01,6.180024196966274808e+00
7.347904380839604244e+01,7.264405372990662135e-01,4.544256484504762827e-01,6.191856148871269561e+00
7.347800376946464951e+01,7.264512506301543660e-01,4.538321699614157323e-01,6.188092491195757994e+00
7.347800376946464951e+01,7.264512506301543660e-01,4.538321699614157323e-01,6.188092491195757994e+00
7.347800376946464951e+01,7.264512506301543660e-01,4.538321699614157323e-01,6.188092491195757994e+00
7.347800376946464951e+01,7.264512506301543660e-01,4.538321699614157323e-01,6.188092491195757994e+00
7.347800376946464951e+01,7.264512506301543660e-01,4.538321699614157323e-01,6.188092491195757994e+00
7.347800376946464951e+01,7.264512506301543660e-01,4.538321699614157323e-01,6.188092491195757994e+00
7.347800376946464951e+01,7.264512506301543660e-01,4.538321699614157323e-01,6.188092491195757994e+00
7.343440077345995576e+01,7.261037665089628002e-01,4.415211382456271649e-01,6.147976048790456005e+00
7.343440077345995576e+01,7.261037665089628002e-01,4.415211382456271649e-01,6.147976048790456005e+00
7.343440077345995576e+01,7.261037665089628002e-01,4.415211382456271649e-01,6.147976048790456005e+00
7.345765430509349869e+01,7.261897299122100913e-01,4.494728028815742071e-01,6.171469306484558714e+00
7.345765430509349869e+01,7.261897299122100913e-01,4.494728028815742071e-01,6.171469306484558714e+00
7.333675425054798325e+01,7.259695970244084418e-01,4.259559613095835751e-01,6.003067526374866958e+00
7.333675425054798325e+01,7.259695970244084418e-01,4.259559613095835751e-01,6.003067526374866958e+00
7.344330437611775153e+01,7.263044819664665752e-01,4.435316106921365908e-01,6.136414038498708479e+00
7.343622933166835764e+01,7.262922479671227727e-01,4.350586595481426566e-01,6.106096586013223693e+00
7.343622933166835764e+01,7.262922479671227727e-01,4.350586595481426566e-01,6.106096586013223693e+00
7.343622933166835764e+01,7.262922479671227727e-01,4.350586595481426566e-01,6.106096586013223693e+00
7.343622933166835764e+01,7.262922479671227727e-01,4.350586595481426566e-01,6.106096586013223693e+00
7.343622933166835764e+01,7.262922479671227727e-01,4.350586595481426566e-01,6.106096586013223693e+00
7.343622933166835764e+01,7.262922479671227727e-01,4.350586595481426566e-01,6.106096586013223693e+00
7.343622933166835764e+01,7.262922479671227727e-01,4.350586595481426566e-01,6.106096586013223693e+00
7.343622933166835764e+01,7.262922479671227727e-01,4.350586595481426566e-01,6.106096586013223693e+00
7.341654152191581773e+01,7.262402468347273210e-01,4.722300859555346175e-01,6.116568168900838209e+00
7.338016102193867596e+01,7.259922852392994841e-01,4.673451192624715755e-01,6.080906458818163607e+00
7.338819440964374508e+01,7.260792012677919072e-01,4.648343432670676290e-01,6.121800941706038834e+00
7.336756074925763471e+01,7.261148036218596502e-01,4.542447748869171686e-01,6.085478523951502794e+00
7.340609288255124909e+01,7.263543653114920007e-01,4.606813029498917911e-01,6.121376327931080219e+00
7.340609288255124909e+01,7.263543653114920007e-01,4.606813029498917911e-01,6.121376327931080219e+00
7.341224481689344827e+01,7.264109455567634432e-01,4.590755511095037655e-01,6.155074492348287407e+00
7.341224481689344827e+01,7.264109455567634432e-01,4.590755511095037655e-01,6.155074492348287407e+00
7.341318608232548115e+01,7.264996831100484220e-01,4.532391369213373267e-01,6.119286147379979113e+00
7.341318608232548115e+01,7.264996831100484220e-01,4.532391369213373267e-01,6.119286147379979113e+00
7.341318608232548115e+01,7.264996831100484220e-01,4.532391369213373267e-01,6.119286147379979113e+00
7.341318608232548115e+01,7.264996831100484220e-01,4.532391369213373267e-01,6.119286147379979113e+00
7.341318608232548115e+01,7.264996831100484220e-01,4.532391369213373267e-01,6.119286147379979113e+00
7.341318608232548115e+01,7.264996831100484220e-01,4.532391369213373267e-01,6.119286147379979113e+00
7.341318608232548115e+01,7.264996831100484220e-01,4.532391369213373267e-01,6.119286147379979113e+00
7.341318608232548115e+01,7.264996831100484220e-01,4.532391369213373267e-01,6.119286147379979113e+00
7.341318608232548115e+01,7.264996831100484220e-01,4.532391369213373267e-01,6.119286147379979113e+00
7.341884178101479108e+01,7.265088311173965030e-01,4.544693697300027924e-01,6.126992550796685144e+00
7.341884178101479108e+01,7.265088311173965030e-01,4.544693697300027924e-01,6.126992550796685144e+00
7.341884178101479108e+01,7.265088311173965030e-01,4.544693697300027924e-01,6.126992550796685144e+00
7.341884178101479108e+01,7.265088311173965030e-01,4.544693697300027924e-01,6.126992550796685144e+00
7.341884178101479108e+01,7.265088311173965030e-01,4.544693697300027924e-01,6.126992550796685144e+00
7.341884178101479108e+01,7.265088311173965030e-01,4.544693697300027924e-01,6.126992550796685144e+00
7.341884178101479108e+01,7.265088311173965030e-01,4.544693697300027924e-01,6.126992550796685144e+00
7.341884178101479108e+01,7.265088311173965030e-01,4.544693697300027924e-01,6.126992550796685144e+00
7.341884178101479108e+01,7.265088311173965030e-01,4.544693697300027924e-01,6.126992550796685144e+00
7.341884178101479108e+01,7.265088311173965030e-01,4.544693697300027924e-01,6.126992550796685144e+00
7.341884178101479108e+01,7.265088311173965030e-01,4.544693697300027924e-01,6.126992550796685144e+00
7.341884178101479108e+01,7.265088311173965030e-01,4.544693697300027924e-01,6.126992550796685144e+00
7.341884178101479108e+01,7.265088311173965030e-01,4.544693697300027924e-01,6.126992550796685144e+00
7.341884178101479108e+01,7.265088311173965030e-01,4.544693697300027924e-01,6.126992550796685144e+00
7.341884178101479108e+01,7.265088311173965030e-01,4.544693697300027924e-01,6.126992550796685144e+00
7.346465830049901058e+01,7.254400729957133365e-01,5.096531428610540093e-01,6.343208867312065458e+00
7.346465830049901058e+01,7.254400729957133365e-01,5.096531428610540093e-01,6.343208867312065458e+00
7.346465830049901058e+01,7.254400729957133365e-01,5.096531428610540093e-01,6.343208867312065458e+00
7.346465830049901058e+01,7.254400729957133365e-01,5.096531428610540093e-01,6.343208867312065458e+00
7.346465830049901058e+01,7.254400729957133365e-01,5.096531428610540093e-01,6.343208867312065458e+00
7.346465830049901058e+01,7.254400729957133365e-01,5.096531428610540093e-01,6.343208867312065458e+00
7.346465830049901058e+01,7.254400729957133365e-01,5.096531428610540093e-01,6.343208867312065458e+00
7.346465830049901058e+01,7.254400729957133365e-01,5.096531428610540093e-01,6.343208867312065458e+00
7.350542713626221314e+01,7.263287467143340059e-01,4.964972965118367720e-01,6.299104568831529249e+00
7.350542713626221314e+01,7.263287467143340059e-01,4.964972965118367720e-01,6.299104568831529249e+00
7.350542713626221314e+01,7.263287467143340059e-01,4.964972965118367720e-01,6.299104568831529249e+00
7.350542713626221314e+01,7.263287467143340059e-01,4.964972965118367720e-01,6.299104568831529249e+00
7.350542713626221314e+01,7.263287467143340059e-01,4.964972965118367720e-01,6.299104568831529249e+00
7.350542713626221314e+01,7.263287467143340059e-01,4.964972965118367720e-01,6.299104568831529249e+00
7.350542713626221314e+01,7.263287467143340059e-01,4.964972965118367720e-01,6.299104568831529249e+00
7.350542713626221314e+01,7.263287467143340059e-01,4.964972965118367720e-01,6.299104568831529249e+00
7.398346793596770965e+01,7.246567048925356413e-01,3.032187023325296771e-01,7.725432163311567457e+00
7.398346793596770965e+01,7.246567048925356413e-01,3.032187023325296771e-01,7.725432163311567457e+00
7.398346793596770965e+01,7.246567048925356413e-01,3.032187023325296771e-01,7.725432163311567457e+00
7.398346793596770965e+01,7.246567048925356413e-01,3.032187023325296771e-01,7.725432163311567457e+00
7.407858509263068925e+01,7.246190813002505449e-01,3.690474459993458578e-01,7.576578662006426157e+00
7.407858509263068925e+01,7.246190813002505449e-01,3.690474459993458578e-01,7.576578662006426157e+00
7.410205006516511617e+01,7.263407874463303493e-01,3.497247792146896406e-01,7.353665446682446927e+00
7.410205006516511617e+01,7.263407874463303493e-01,3.497247792146896406e-01,7.353665446682446927e+00
7.410205006516511617e+01,7.263407874463303493e-01,3.497247792146896406e-01,7.353665446682446927e+00
7.410205006516511617e+01,7.263407874463303493e-01,3.497247792146896406e-01,7.353665446682446927e+00
7.399362356462418688e+01,7.261616131798973583e-01,4.117749267024223281e-01,7.135251654454843440e+00
7.399362356462418688e+01,7.261616131798973583e-01,4.117749267024223281e-01,7.135251654454843440e+00
7.399362356462418688e+01,7.261616131798973583e-01,4.117749267024223281e-01,7.135251654454843440e+00
7.399155158384111530e+01,7.261859029137485155e-01,4.097574587210839336e-01,7.133584080968056185e+00
7.399155158384111530e+01,7.261859029137485155e-01,4.097574587210839336e-01,7.133584080968056185e+00
7.399155158384111530e+01,7.261859029137485155e-01,4.097574587210839336e-01,7.133584080968056185e+00
7.399155158384111530e+01,7.261859029137485155e-01,4.097574587210839336e-01,7.133584080968056185e+00
7.398479404782102620e+01,7.262128983214158895e-01,4.089987659992700975e-01,7.115694843452744500e+00
7.398479404782102620e+01,7.262128983214158895e-01,4.089987659992700975e-01,7.115694843452744500e+00
7.398479404782102620e+01,7.262128983214158895e-01,4.089987659992700975e-01,7.115694843452744500e+00
7.381607800565805633e+01,7.253884755446896593e-01,4.377650547993691688e-01,6.923078251402649208e+00
7.381607800565805633e+01,7.253884755446896593e-01,4.377650547993691688e-01,6.923078251402649208e+00
7.381607800565805633e+01,7.253884755446896593e-01,4.377650547993691688e-01,6.923078251402649208e+00
7.381607800565805633e+01,7.253884755446896593e-01,4.377650547993691688e-01,6.923078251402649208e+00
7.381607800565805633e+01,7.253884755446896593e-01,4.377650547993691688e-01,6.923078251402649208e+00
7.381607800565805633e+01,7.253884755446896593e-01,4.377650547993691688e-01,6.923078251402649208e+00
7.383494232560772730e+01,7.253817107212486848e-01,4.270585252872312054e-01,6.949576084134518439e+00
7.383494232560772730e+01,7.253817107212486848e-01,4.270585252872312054e-01,6.949576084134518439e+00
7.383494232560772730e+01,7.253817107212486848e-01,4.270585252872312054e-01,6.949576084134518439e+00
7.389247610650494380e+01,7.256792573160878446e-01,4.177595758824391159e-01,6.985572724993713400e+00
7.389247610650494380e+01,7.256792573160878446e-01,4.177595758824391159e-01,6.985572724993713400e+00
7.389690068367785614e+01,7.258005219580762057e-01,4.260908776260237674e-01,6.933561065536175683e+00
7.385066768513416946e+01,7.261909699088134884e-01,4.251014394986226130e-01,6.791959692176612329e+00
7.356276473488837553e+01,7.244234956616648624e-01,4.714103503430458475e-01,6.675903877479232307e+00
7.356276473488837553e+01,7.244234956616648624e-01,4.714103503430458475e-01,6.675903877479232307e+00
7.356276473488837553e+01,7.244234956616648624e-01,4.714103503430458475e-01,6.675903877479232307e+00
7.356276473488837553e+01,7.244234956616648624e-01,4.714103503430458475e-01,6.675903877479232307e+00
7.356276473488837553e+01,7.244234956616648624e-01,4.714103503430458475e-01,6.675903877479232307e+00
7.356276473488837553e+01,7.244234956616648624e-01,4.714103503430458475e-01,6.675903877479232307e+00
7.355830221036534056e+01,7.247699825401539009e-01,5.270995149296290316e-01,6.609155492856119807e+00
7.353604556291531935e+01,7.250612035887680218e-01,5.963212565171307489e-01,6.481809025952719239e+00
7.353604556291531935e+01,7.250612035887680218e-01,5.963212565171307489e-01,6.481809025952719239e+00
7.353604556291531935e+01,7.250612035887680218e-01,5.963212565171307489e-01,6.481809025952719239e+00
7.353604556291531935e+01,7.250612035887680218e-01,5.963212565171307489e-01,6.481809025952719239e+00
7.353604556291531935e+01,7.250612035887680218e-01,5.963212565171307489e-01,6.481809025952719239e+00
7.359176552435791052e+01,7.252582676981328413e-01,5.712417706492736169e-01,6.518070037225402125e+00
7.359176552435791052e+01,7.252582676981328413e-01,5.712417706492736169e-01,6.518070037225402125e+00
7.359967695020057477e+01,7.253609315915763300e-01,5.756508868643424037e-01,6.520611798104800627e+00
7.359967695020057477e+01,7.253609315915763300e-01,5.756508868643424037e-01,6.520611798104800627e+00
7.359967695020057477e+01,7.253609315915763300e-01,5.756508868643424037e-01,6.520611798104800627e+00
7.359967695020057477e+01,7.253609315915763300e-01,5.756508868643424037e-01,6.520611798104800627e+00
7.355516879715663947e+01,7.248023366432297943e-01,5.609934379203209698e-01,6.508810512626756584e+00
7.355516879715663947e+01,7.248023366432297943e-01,5.609934379203209698e-01,6.508810512626756584e+00
7.355516879715663947e+01,7.248023366432297943e-01,5.609934379203209698e-01,6.508810512626756584e+00
7.352590351579938499e+01,7.246609029195865137e-01,5.736568934403639686e-01,6.468115770910816131e+00
7.352590351579938499e+01,7.246609029195865137e-01,5.736568934403639686e-01,6.468115770910816131e+00
7.375098335668828042e+01,7.263769642419553030e-01,5.384667045992582723e-01,6.651190761036478882e+00
7.375098335668828042e+01,7.263769642419553030e-01,5.384667045992582723e-01,6.651190761036478882e+00
7.375098335668828042e+01,7.263769642419553030e-01,5.384667045992582723e-01,6.651190761036478882e+00
7.378866306909928596e+01,7.265331662878409258e-01,5.309949269005235228e-01,6.701622218601335668e+00
7.378866306909928596e+01,7.265331662878409258e-01,5.309949269005235228e-01,6.701622218601335668e+00
7.373433554609275120e+01,7.264961699227707737e-01,5.406144383777272688e-01,6.636878148325803473e+00
7.368139186150800413e+01,7.263574740532587892e-01,5.506179476278161289e-01,6.569437383859681567e+00
7.368139186150800413e+01,7.263574740532587892e-01,5.506179476278161289e-01,6.569437383859681567e+00
7.368139186150800413e+01,7.263574740532587892e-01,5.506179476278161289e-01,6.569437383859681567e+00
7.368139186150800413e+01,7.263574740532587892e-01,5.506179476278161289e-01,6.569437383859681567e+00
7.368139186150800413e+01,7.263574740532587892e-01,5.506179476278161289e-01,6.569437383859681567e+00
7.368139186150800413e+01,7.263574740532587892e-01,5.506179476278161289e-01,6.569437383859681567e+00
7.368139186150800413e+01,7.263574740532587892e-01,5.506179476278161289e-01,6.569437383859681567e+00
7.366413113923867684e+01,7.261439391526264275e-01,5.517296350232138158e-01,6.575255826292051964e+00
7.366413113923867684e+01,7.261439391526264275e-01,5.517296350232138158e-01,6.575255826292051964e+00
7.366413113923867684e+01,7.261439391526264275e-01,5.517296350232138158e-01,6.575255826292051964e+00
7.366413113923867684e+01,7.261439391526264275e-01,5.517296350232138158e-01,6.575255826292051964e+00
7.366413113923867684e+01,7.261439391526264275e-01,5.517296350232138158e-01,6.575255826292051964e+00
7.366413113923867684e+01,7.261439391526264275e-01,5.517296350232138158e-01,6.575255826292051964e+00
7.366413113923867684e+01,7.261439391526264275e-01,5.517296350232138158e-01,6.575255826292051964e+00
7.368081433780695022e+01,7.262813069750585493e-01,5.664477021490978981e-01,6.583854455766187996e+00
7.357579419594860326e+01,7.268794307464973015e-01,6.043363951551540270e-01,6.401423678295935282e+00
7.357579419594860326e+01,7.268794307464973015e-01,6.043363951551540270e-01,6.401423678295935282e+00
7.357579419594860326e+01,7.268794307464973015e-01,6.043363951551540270e-01,6.401423678295935282e+00
7.353496210608166450e+01,7.268350663016068802e-01,6.051129769844842965e-01,6.365403885700366970e+00
7.353496210608166450e+01,7.268350663016068802e-01,6.051129769844842965e-01,6.365403885700366970e+00
7.353496210608166450e+01,7.268350663016068802e-01,6.051129769844842965e-01,6.365403885700366970e+00
7.353496210608166450e+01,7.268350663016068802e-01,6.051129769844842965e-01,6.365403885700366970e+00
7.353496210608166450e+01,7.268350663016068802e-01,6.051129769844842965e-01,6.365403885700366970e+00
7.353496210608166450e+01,7.268350663016068802e-01,6.051129769844842965e-01,6.365403885700366970e+00
7.353496210608166450e+01,7.268350663016068802e-01,6.051129769844842965e-01,6.365403885700366970e+00
7.351978658524085120e+01,7.265992265704497299e-01,6.210742390270221902e-01,6.383688359445224059e+00
7.353113182785384083e+01,7.271532622141032576e-01,6.419579991171262545e-01,6.359609791765165276e+00
7.353113182785384083e+01,7.271532622141032576e-01,6.419579991171262545e-01,6.359609791765165276e+00
7.353113182785384083e+01,7.271532622141032576e-01,6.419579991171262545e-01,6.359609791765165276e+00
7.353113182785384083e+01,7.271532622141032576e-01,6.419579991171262545e-01,6.359609791765165276e+00
7.353113182785384083e+01,7.271532622141032576e-01,6.419579991171262545e-01,6.359609791765165276e+00
7.349838185280690084e+01,7.270053726770848712e-01,5.953036253177548254e-01,6.304255636259425977e+00
7.349838185280690084e+01,7.270053726770848712e-01,5.953036253177548254e-01,6.304255636259425977e+00
7.349838185280690084e+01,7.270053726770848712e-01,5.953036253177548254e-01,6.304255636259425977e+00
7.349838185280690084e+01,7.270053726770848712e-01,5.953036253177548254e-01,6.304255636259425977e+00
7.349838185280690084e+01,7.270053726770848712e-01,5.953036253177548254e-01,6.304255636259425977e+00
7.349838185280690084e+01,7.270053726770848712e-01,5.953036253177548254e-01,6.304255636259425977e+00
7.349838185280690084e+01,7.270053726770848712e-01,5.953036253177548254e-01,6.304255636259425977e+00
7.349838185280690084e+01,7.270053726770848712e-01,5.953036253177548254e-01,6.304255636259425977e+00
7.349838185280690084e+01,7.270053726770848712e-01,5.953036253177548254e-01,6.304255636259425977e+00
7.349838185280690084e+01,7.270053726770848712e-01,5.953036253177548254e-01,6.304255636259425977e+00
7.349838185280690084e+01,7.270053726770848712e-01,5.953036253177548254e-01,6.304255636259425977e+00
7.349838185280690084e+01,7.270053726770848712e-01,5.953036253177548254e-01,6.304255636259425977e+00
7.349838185280690084e+01,7.270053726770848712e-01,5.953036253177548254e-01,6.304255636259425977e+00
7.349838185280690084e+01,7.270053726770848712e-01,5.953036253177548254e-01,6.304255636259425977e+00
7.349838185280690084e+01,7.270053726770848712e-01,5.953036253177548254e-01,6.304255636259425977e+00
7.349838185280690084e+01,7.270053726770848712e-01,5.953036253177548254e-01,6.304255636259425977e+00
7.349838185280690084e+01,7.270053726770848712e-01,5.953036253177548254e-01,6.304255636259425977e+00
7.349838185280690084e+01,7.270053726770848712e-01,5.953036253177548254e-01,6.304255636259425977e+00
7.351158246497469406e+01,7.274627352027762672e-01,5.973611304576491587e-01,6.270853047793993440e+00
7.351158246497469406e+01,7.274627352027762672e-01,5.973611304576491587e-01,6.270853047793993440e+00
7.348404587334388793e+01,7.259875825432905438e-01,5.768254255799598607e-01,6.380173500649633844e+00
7.337144513968029003e+01,7.246565019707881250e-01,6.040698617048341212e-01,6.419895381616027130e+00
7.337144513968029003e+01,7.246565019707881250e-01,6.040698617048341212e-01,6.419895381616027130e+00
7.332120904306599130e+01,7.254845687415539812e-01,6.127471475393158062e-01,6.223575799463913150e+00
7.332120904306599130e+01,7.254845687415539812e-01,6.127471475393158062e-01,6.223575799463913150e+00
7.332120904306599130e+01,7.254845687415539812e-01,6.127471475393158062e-01,6.223575799463913150e+00
7.332120904306599130e+01,7.254845687415539812e-01,6.127471475393158062e-01,6.223575799463913150e+00
7.333999411594447793e+01,7.260380632580634153e-01,6.167548606006236778e-01,6.157282322305211331e+00
7.333999411594447793e+01,7.260380632580634153e-01,6.167548606006236778e-01,6.157282322305211331e+00
7.333999411594447793e+01,7.260380632580634153e-01,6.167548606006236778e-01,6.157282322305211331e+00
7.333999411594447793e+01,7.260380632580634153e-01,6.167548606006236778e-01,6.157282322305211331e+00
7.333999411594447793e+01,7.260380632580634153e-01,6.167548606006236778e-01,6.157282322305211331e+00
7.333999411594447793e+01,7.260380632580634153e-01,6.167548606006236778e-01,6.157282322305211331e+00
7.333999411594447793e+01,7.260380632580634153e-01,6.167548606006236778e-01,6.157282322305211331e+00
7.333999411594447793e+01,7.260380632580634153e-01,6.167548606006236778e-01,6.157282322305211331e+00
7.348604879885196794e+01,7.258433728228230741e-01,6.102522927729993052e-01,6.358902453735542082e+00
7.348604879885196794e+01,7.258433728228230741e-01,6.102522927729993052e-01,6.358902453735542082e+00
7.348604879885196794e+01,7.258433728228230741e-01,6.102522927729993052e-01,6.358902453735542082e+00
7.355104285101116091e+01,7.263203854482754851e-01,5.941075377707955019e-01,6.400609782196327480e+00
7.355104285101116091e+01,7.263203854482754851e-01,5.941075377707955019e-01,6.400609782196327480e+00
7.355104285101116091e+01,7.263203854482754851e-01,5.941075377707955019e-01,6.400609782196327480e+00
7.356642828937769707e+01,7.271485295341464372e-01,6.022985085008386585e-01,6.332948713564709564e+00
7.356642828937769707e+01,7.271485295341464372e-01,6.022985085008386585e-01,6.332948713564709564e+00
7.356642828937769707e+01,7.271485295341464372e-01,6.022985085008386585e-01,6.332948713564709564e+00
7.356642828937769707e+01,7.271485295341464372e-01,6.022985085008386585e-01,6.332948713564709564e+00
7.356720494540411437e+01,7.268031751394361528e-01,5.882184143505949647e-01,6.359344050675965754e+00
7.356720494540411437e+01,7.268031751394361528e-01,5.882184143505949647e-01,6.359344050675965754e+00
7.356720494540411437e+01,7.268031751394361528e-01,5.882184143505949647e-01,6.359344050675965754e+00
7.356720494540411437e+01,7.268031751394361528e-01,5.882184143505949647e-01,6.359344050675965754e+00
7.362249920389201918e+01,7.273405578973869412e-01,5.653947018537589519e-01,6.490883640038132896e+00
7.362249920389201918e+01,7.273405578973869412e-01,5.653947018537589519e-01,6.490883640038132896e+00
7.362249920389201918e+01,7.273405578973869412e-01,5.653947018537589519e-01,6.490883640038132896e+00
7.361526397379226694e+01,7.270921495271045476e-01,5.566794171209363817e-01,6.491251188369290048e+00
7.361526397379226694e+01,7.270921495271045476e-01,5.566794171209363817e-01,6.491251188369290048e+00
7.361526397379226694e+01,7.270921495271045476e-01,5.566794171209363817e-01,6.491251188369290048e+00
7.361526397379226694e+01,7.270921495271045476e-01,5.566794171209363817e-01,6.491251188369290048e+00
7.319890139566037135e+01,7.250937896813473005e-01,5.998107756737983687e-01,6.170272632966089965e+00
7.319890139566037135e+01,7.250937896813473005e-01,5.998107756737983687e-01,6.170272632966089965e+00
7.319890139566037135e+01,7.250937896813473005e-01,5.998107756737983687e-01,6.170272632966089965e+00
7.299617219043675220e+01,7.238402327259008118e-01,6.405159115271998882e-01,6.065359010928705885e+00
7.299617219043675220e+01,7.238402327259008118e-01,6.405159115271998882e-01,6.065359010928705885e+00
7.299617219043675220e+01,7.238402327259008118e-01,6.405159115271998882e-01,6.065359010928705885e+00
7.303678501492834130e+01,7.239561560423299902e-01,6.323152382318928399e-01,6.101262061127378900e+00
7.289115870397735364e+01,7.228241338978034225e-01,6.852330279723348738e-01,6.069485336377865359e+00
7.289115870397735364e+01,7.228241338978034225e-01,6.852330279723348738e-01,6.069485336377865359e+00
7.289115870397735364e+01,7.228241338978034225e-01,6.852330279723348738e-01,6.069485336377865359e+00
7.289115870397735364e+01,7.228241338978034225e-01,6.852330279723348738e-01,6.069485336377865359e+00
7.289115870397735364e+01,7.228241338978034225e-01,6.852330279723348738e-01,6.069485336377865359e+00
7.310794081755962281e+01,7.231456789502730409e-01,6.153347513710705208e-01,6.244027177156753261e+00
7.310794081755962281e+01,7.231456789502730409e-01,6.153347513710705208e-01,6.244027177156753261e+00
7.310794081755962281e+01,7.231456789502730409e-01,6.153347513710705208e-01,6.244027177156753261e+00
7.310794081755962281e+01,7.231456789502730409e-01,6.153347513710705208e-01,6.244027177156753261e+00
7.310794081755962281e+01,7.231456789502730409e-01,6.153347513710705208e-01,6.244027177156753261e+00
7.310794081755962281e+01,7.231456789502730409e-01,6.153347513710705208e-01,6.244027177156753261e+00
7.310794081755962281e+01,7.231456789502730409e-01,6.153347513710705208e-01,6.244027177156753261e+00
7.310794081755962281e+01,7.231456789502730409e-01,6.153347513710705208e-01,6.244027177156753261e+00
7.310794081755962281e+01,7.231456789502730409e-01,6.153347513710705208e-01,6.244027177156753261e+00
7.310794081755962281e+01,7.231456789502730409e-01,6.153347513710705208e-01,6.244027177156753261e+00
7.332797677439302220e+01,7.245720019230501574e-01,5.798978580074120037e-01,6.361799436586935030e+00
7.332797677439302220e+01,7.245720019230501574e-01,5.798978580074120037e-01,6.361799436586935030e+00
7.333297064134713139e+01,7.246718637804365759e-01,5.755028391162979595e-01,6.394873057418445583e+00
7.319501812302715393e+01,7.245987606875023967e-01,5.796839594421395736e-01,6.303147918660630289e+00
7.304759323007202454e+01,7.201102052547601051e-01,5.661405461278107287e-01,6.575363286729146495e+00
7.315766338796194646e+01,7.199466072299244290e-01,5.545106521977716252e-01,6.727350691355347578e+00
7.315766338796194646e+01,7.199466072299244290e-01,5.545106521977716252e-01,6.727350691355347578e+00
7.315766338796194646e+01,7.199466072299244290e-01,5.545106521977716252e-01,6.727350691355347578e+00
7.315669408427739029e+01,7.199456696588613092e-01,5.546721677182080423e-01,6.726185168768721745e+00
7.315669408427739029e+01,7.199456696588613092e-01,5.546721677182080423e-01,6.726185168768721745e+00
7.315669408427739029e+01,7.199456696588613092e-01,5.546721677182080423e-01,6.726185168768721745e+00
7.315669408427739029e+01,7.199456696588613092e-01,5.546721677182080423e-01,6.726185168768721745e+00
7.315669408427739029e+01,7.199456696588613092e-01,5.546721677182080423e-01,6.726185168768721745e+00
7.315669408427739029e+01,7.199456696588613092e-01,5.546721677182080423e-01,6.726185168768721745e+00
7.315669408427739029e+01,7.199456696588613092e-01,5.546721677182080423e-01,6.726185168768721745e+00
7.315669408427739029e+01,7.199456696588613092e-01,5.546721677182080423e-01,6.726185168768721745e+00
7.315669408427739029e+01,7.199456696588613092e-01,5.546721677182080423e-01,6.726185168768721745e+00
7.316089879333542001e+01,7.199759457580130473e-01,5.536221347353975641e-01,6.737910130033593070e+00
7.316089879333542001e+01,7.199759457580130473e-01,5.536221347353975641e-01,6.737910130033593070e+00
7.316089879333542001e+01,7.199759457580130473e-01,5.536221347353975641e-01,6.737910130033593070e+00
7.319779633066912083e+01,7.205379552603131676e-01,5.378179416779285127e-01,6.705593857853126671e+00
7.325645090009064120e+01,7.214313597460947358e-01,5.126946351966108484e-01,6.654221946147718114e+00
7.325645090009064120e+01,7.214313597460947358e-01,5.126946351966108484e-01,6.654221946147718114e+00
7.326651115576980544e+01,7.214813298078456283e-01,5.122102772946348637e-01,6.660909035278123724e+00
7.326651115576980544e+01,7.214813298078456283e-01,5.122102772946348637e-01,6.660909035278123724e+00
7.305640715823275855e+01,7.212838523203545238e-01,5.379893106624504817e-01,6.457447669910456156e+00
7.317511312547345881e+01,7.221264122666479768e-01,5.441249359718066669e-01,6.507129203908847082e+00
7.317511312547345881e+01,7.221264122666479768e-01,5.441249359718066669e-01,6.507129203908847082e+00
7.317511312547345881e+01,7.221264122666479768e-01,5.441249359718066669e-01,6.507129203908847082e+00
7.317511312547345881e+01,7.221264122666479768e-01,5.441249359718066669e-01,6.507129203908847082e+00
7.317511312547345881e+01,7.221264122666479768e-01,5.441249359718066669e-01,6.507129203908847082e+00
7.309824141514638995e+01,7.215717256324136741e-01,5.461284766447113137e-01,6.488651081797343956e+00
7.309824141514638995e+01,7.215717256324136741e-01,5.461284766447113137e-01,6.488651081797343956e+00
7.309824141514638995e+01,7.215717256324136741e-01,5.461284766447113137e-01,6.488651081797343956e+00
7.309824141514638995e+01,7.215717256324136741e-01,5.461284766447113137e-01,6.488651081797343956e+00
7.309824141514638995e+01,7.215717256324136741e-01,5.461284766447113137e-01,6.488651081797343956e+00
7.309824141514638995e+01,7.215717256324136741e-01,5.461284766447113137e-01,6.488651081797343956e+00
7.309824141514638995e+01,7.215717256324136741e-01,5.461284766447113137e-01,6.488651081797343956e+00
7.309824141514638995e+01,7.215717256324136741e-01,5.461284766447113137e-01,6.488651081797343956e+00
7.309824141514638995e+01,7.215717256324136741e-01,5.461284766447113137e-01,6.488651081797343956e+00
7.309824141514638995e+01,7.215717256324136741e-01,5.461284766447113137e-01,6.488651081797343956e+00
7.309824141514638995e+01,7.215717256324136741e-01,5.461284766447113137e-01,6.488651081797343956e+00
7.309824141514638995e+01,7.215717256324136741e-01,5.461284766447113137e-01,6.488651081797343956e+00
7.309824141514638995e+01,7.215717256324136741e-01,5.461284766447113137e-01,6.488651081797343956e+00
7.319200973726503889e+01,7.221973049698063862e-01,5.252022090709084212e-01,6.507115380186966114e+00
7.319200973726503889e+01,7.221973049698063862e-01,5.252022090709084212e-01,6.507115380186966114e+00
7.323245440474043733e+01,7.227327799017629895e-01,5.385784642472154493e-01,6.452064460383331479e+00
7.318989114947288499e+01,7.224063366273382192e-01,5.304829675864400906e-01,6.447894294345679178e+00
7.318989114947288499e+01,7.224063366273382192e-01,5.304829675864400906e-01,6.447894294345679178e+00
7.318989114947288499e+01,7.224063366273382192e-01,5.304829675864400906e-01,6.447894294345679178e+00
7.318989114947288499e+01,7.224063366273382192e-01,5.304829675864400906e-01,6.447894294345679178e+00
7.307611428517357410e+01,7.218228058642989220e-01,5.468607702229464351e-01,6.364175257989642454e+00
7.307611428517357410e+01,7.218228058642989220e-01,5.468607702229464351e-01,6.364175257989642454e+00
7.307611428517357410e+01,7.218228058642989220e-01,5.468607702229464351e-01,6.364175257989642454e+00
7.322504397199551818e+01,7.228292411808295848e-01,5.550502446476541785e-01,6.408674315090396867e+00
7.322504397199551818e+01,7.228292411808295848e-01,5.550502446476541785e-01,6.408674315090396867e+00
7.322504397199551818e+01,7.228292411808295848e-01,5.550502446476541785e-01,6.408674315090396867e+00
7.322504397199551818e+01,7.228292411808295848e-01,5.550502446476541785e-01,6.408674315090396867e+00
7.322504397199551818e+01,7.228292411808295848e-01,5.550502446476541785e-01,6.408674315090396867e+00
7.322504397199551818e+01,7.228292411808295848e-01,5.550502446476541785e-01,6.408674315090396867e+00
7.322504397199551818e+01,7.228292411808295848e-01,5.550502446476541785e-01,6.408674315090396867e+00
7.322504397199551818e+01,7.228292411808295848e-01,5.550502446476541785e-01,6.408674315090396867e+00
7.322504397199551818e+01,7.228292411808295848e-01,5.550502446476541785e-01,6.408674315090396867e+00
7.322504397199551818e+01,7.228292411808295848e-01,5.550502446476541785e-01,6.408674315090396867e+00
7.322504397199551818e+01,7.228292411808295848e-01,5.550502446476541785e-01,6.408674315090396867e+00
7.322504397199551818e+01,7.228292411808295848e-01,5.550502446476541785e-01,6.408674315090396867e+00
7.322504397199551818e+01,7.228292411808295848e-01,5.550502446476541785e-01,6.408674315090396867e+00
7.322504397199551818e+01,7.228292411808295848e-01,5.550502446476541785e-01,6.408674315090396867e+00
7.322504397199551818e+01,7.228292411808295848e-01,5.550502446476541785e-01,6.408674315090396867e+00
7.322504397199551818e+01,7.228292411808295848e-01,5.550502446476541785e-01,6.408674315090396867e+00
7.318020638509608489e+01,7.225803544516912202e-01,5.763425112198233835e-01,6.381019535235155971e+00
7.318020638509608489e+01,7.225803544516912202e-01,5.763425112198233835e-01,6.381019535235155971e+00
7.318020638509608489e+01,7.225803544516912202e-01,5.763425112198233835e-01,6.381019535235155971e+00
7.318020638509608489e+01,7.225803544516912202e-01,5.763425112198233835e-01,6.381019535235155971e+00
7.319439373880511823e+01,7.226930675693112871e-01,5.724187387897878843e-01,6.409053477311186242e+00
7.319439373880511823e+01,7.226930675693112871e-01,5.724187387897878843e-01,6.409053477311186242e+00
7.319439373880511823e+01,7.226930675693112871e-01,5.724187387897878843e-01,6.409053477311186242e+00
7.319439373880511823e+01,7.226930675693112871e-01,5.724187387897878843e-01,6.409053477311186242e+00
7.319439373880511823e+01,7.226930675693112871e-01,5.724187387897878843e-01,6.409053477311186242e+00
7.319439373880511823e+01,7.226930675693112871e-01,5.724187387897878843e-01,6.409053477311186242e+00
7.319439373880511823e+01,7.226930675693112871e-01,5.724187387897878843e-01,6.409053477311186242e+00
7.319439373880511823e+01,7.226930675693112871e-01,5.724187387897878843e-01,6.409053477311186242e+00
7.319439373880511823e+01,7.226930675693112871e-01,5.724187387897878843e-01,6.409053477311186242e+00
7.319439373880511823e+01,7.226930675693112871e-01,5.724187387897878843e-01,6.409053477311186242e+00
7.319439373880511823e+01,7.226930675693112871e-01,5.724187387897878843e-01,6.409053477311186242e+00
7.319439373880511823e+01,7.226930675693112871e-01,5.724187387897878843e-01,6.409053477311186242e+00
7.319439373880511823e+01,7.226930675693112871e-01,5.724187387897878843e-01,6.409053477311186242e+00
7.319439373880511823e+01,7.226930675693112871e-01,5.724187387897878843e-01,6.409053477311186242e+00
7.319439373880511823e+01,7.226930675693112871e-01,5.724187387897878843e-01,6.409053477311186242e+00
7.319439373880511823e+01,7.226930675693112871e-01,5.724187387897878843e-01,6.409053477311186242e+00
7.319439373880511823e+01,7.226930675693112871e-01,5.724187387897878843e-01,6.409053477311186242e+00
7.319439373880511823e+01,7.226930675693112871e-01,5.724187387897878843e-01,6.409053477311186242e+00
7.319439373880511823e+01,7.226930675693112871e-01,5.724187387897878843e-01,6.409053477311186242e+00
7.291469978663603513e+01,7.209141685901553354e-01,6.272977065599720792e-01,6.314942856935197746e+00
7.289791060761888275e+01,7.207846829308511838e-01,6.287802224756454672e-01,6.311156255386262792e+00
7.289791060761888275e+01,7.207846829308511838e-01,6.287802224756454672e-01,6.311156255386262792e+00
7.289791060761888275e+01,7.207846829308511838e-01,6.287802224756454672e-01,6.311156255386262792e+00
7.289791060761888275e+01,7.207846829308511838e-01,6.287802224756454672e-01,6.311156255386262792e+00
7.290826901715276165e+01,7.208919748382323078e-01,6.260783355969962161e-01,6.308717423776341704e+00
7.287524650748595434e+01,7.206385620414295090e-01,6.289113539833706135e-01,6.301048012804835174e+00
7.287524650748595434e+01,7.206385620414295090e-01,6.289113539833706135e-01,6.301048012804835174e+00
7.287524650748595434e+01,7.206385620414295090e-01,6.289113539833706135e-01,6.301048012804835174e+00
7.287524650748595434e+01,7.206385620414295090e-01,6.289113539833706135e-01,6.301048012804835174e+00
7.287524650748595434e+01,7.206385620414295090e-01,6.289113539833706135e-01,6.301048012804835174e+00
7.287524650748595434e+01,7.206385620414295090e-01,6.289113539833706135e-01,6.301048012804835174e+00
7.287524650748595434e+01,7.206385620414295090e-01,6.289113539833706135e-01,6.301048012804835174e+00
7.287524650748595434e+01,7.206385620414295090e-01,6.289113539833706135e-01,6.301048012804835174e+00
7.272147119071655652e+01,7.193484973372425983e-01,6.498826273018847299e-01,6.267458317501319875e+00
7.272147119071655652e+01,7.193484973372425983e-01,6.498826273018847299e-01,6.267458317501319875e+00
7.272147119071655652e+01,7.193484973372425983e-01,6.498826273018847299e-01,6.267458317501319875e+00
7.272147119071655652e+01,7.193484973372425983e-01,6.498826273018847299e-01,6.267458317501319875e+00
7.272147119071655652e+01,7.193484973372425983e-01,6.498826273018847299e-01,6.267458317501319875e+00
7.272147119071655652e+01,7.193484973372425983e-01,6.498826273018847299e-01,6.267458317501319875e+00
7.272147119071655652e+01,7.193484973372425983e-01,6.498826273018847299e-01,6.267458317501319875e+00
7.310212337889815615e+01,7.231000308081602101e-01,6.231413074207440284e-01,6.285487391612366359e+00
7.303546237575908151e+01,7.223851139060283311e-01,6.653696675456458598e-01,6.289765176035470695e+00
7.303546237575908151e+01,7.223851139060283311e-01,6.653696675456458598e-01,6.289765176035470695e+00
7.303546237575908151e+01,7.223851139060283311e-01,6.653696675456458598e-01,6.289765176035470695e+00
7.303546237575908151e+01,7.223851139060283311e-01,6.653696675456458598e-01,6.289765176035470695e+00
7.328367060438588965e+01,7.243785139446331511e-01,6.047384859827444892e-01,6.356050857895136019e+00
7.328367060438588965e+01,7.243785139446331511e-01,6.047384859827444892e-01,6.356050857895136019e+00
7.328367060438588965e+01,7.243785139446331511e-01,6.047384859827444892e-01,6.356050857895136019e+00
7.328367060438588965e+01,7.243785139446331511e-01,6.047384859827444892e-01,6.356050857895136019e+00
7.328367060438588965e+01,7.243785139446331511e-01,6.047384859827444892e-01,6.356050857895136019e+00
7.328367060438588965e+01,7.243785139446331511e-01,6.047384859827444892e-01,6.356050857895136019e+00
7.341145929789753666e+01,7.253360952460794486e-01,5.833662070093109664e-01,6.391688455557953397e+00
7.341145929789753666e+01,7.253360952460794486e-01,5.833662070093109664e-01,6.391688455557953397e+00
7.341145929789753666e+01,7.253360952460794486e-01,5.833662070093109664e-01,6.391688455557953397e+00
7.341145929789753666e+01,7.253360952460794486e-01,5.833662070093109664e-01,6.391688455557953397e+00
7.341145929789753666e+01,7.253360952460794486e-01,5.833662070093109664e-01,6.391688455557953397e+00
7.341145929789753666e+01,7.253360952460794486e-01,5.833662070093109664e-01,6.391688455557953397e+00
7.341145929789753666e+01,7.253360952460794486e-01,5.833662070093109664e-01,6.391688455557953397e+00
7.343526412989812968e+01,7.255583141187483820e-01,5.751793811089801478e-01,6.382384015114768161e+00
7.343162660661315044e+01,7.255076331177977567e-01,5.773435321277942123e-01,6.348078455364730033e+00
7.342299248409520374e+01,7.255764775676419864e-01,5.595108584441282895e-01,6.344891363834546993e+00
7.342299248409520374e+01,7.255764775676419864e-01,5.595108584441282895e-01,6.344891363834546993e+00
7.368810815032738049e+01,7.283797383902351763e-01,5.106279590253002265e-01,6.307146166086901928e+00
7.368810815032738049e+01,7.283797383902351763e-01,5.106279590253002265e-01,6.307146166086901928e+00
7.368810815032738049e+01,7.283797383902351763e-01,5.106279590253002265e-01,6.307146166086901928e+00
7.368810815032738049e+01,7.283797383902351763e-01,5.106279590253002265e-01,6.307146166086901928e+00
7.368810815032738049e+01,7.283797383902351763e-01,5.106279590253002265e-01,6.307146166086901928e+00
7.364483021405779084e+01,7.279221292834199275e-01,5.186076874049436736e-01,6.313307756934480430e+00
7.364483021405779084e+01,7.279221292834199275e-01,5.186076874049436736e-01,6.313307756934480430e+00
7.364483021405779084e+01,7.279221292834199275e-01,5.186076874049436736e-01,6.313307756934480430e+00
7.364483021405779084e+01,7.279221292834199275e-01,5.186076874049436736e-01,6.313307756934480430e+00
7.364493178508666915e+01,7.281808864313082941e-01,5.085969756373516226e-01,6.291903740759339669e+00
7.364493178508666915e+01,7.281808864313082941e-01,5.085969756373516226e-01,6.291903740759339669e+00
7.364493178508666915e+01,7.281808864313082941e-01,5.085969756373516226e-01,6.291903740759339669e+00
7.364493178508666915e+01,7.281808864313082941e-01,5.085969756373516226e-01,6.291903740759339669e+00
7.370465894567972498e+01,7.302711961394411366e-01,5.331196529264020656e-01,6.176937410159073494e+00
7.377912538049250202e+01,7.304808107636036052e-01,5.166356045811196784e-01,6.235239407377301646e+00
7.374704506325235798e+01,7.301271383585693497e-01,5.111002081918869511e-01,6.225600907305724796e+00
7.370337533485350434e+01,7.280195978564856230e-01,4.883289759626345816e-01,6.421954082863762459e+00
7.370337533485350434e+01,7.280195978564856230e-01,4.883289759626345816e-01,6.421954082863762459e+00
7.370337533485350434e+01,7.280195978564856230e-01,4.883289759626345816e-01,6.421954082863762459e+00
7.370337533485350434e+01,7.280195978564856230e-01,4.883289759626345816e-01,6.421954082863762459e+00
7.375302108267952406e+01,7.290891281355040832e-01,4.953139707033893391e-01,6.399810949686418837e+00
7.339242783388438340e+01,7.286321207372911113e-01,4.883648470549525333e-01,5.935566302985654907e+00
7.346684768324593051e+01,7.272992364300050472e-01,4.760387679386687276e-01,6.195104876666179372e+00
7.346684768324593051e+01,7.272992364300050472e-01,4.760387679386687276e-01,6.195104876666179372e+00
7.346684768324593051e+01,7.272992364300050472e-01,4.760387679386687276e-01,6.195104876666179372e+00
7.346684768324593051e+01,7.272992364300050472e-01,4.760387679386687276e-01,6.195104876666179372e+00
7.346684768324593051e+01,7.272992364300050472e-01,4.760387679386687276e-01,6.195104876666179372e+00
7.347386251814930347e+01,7.269544693624331311e-01,4.879252300097488004e-01,6.243232382612430520e+00
7.346546871907129628e+01,7.270112818959537648e-01,4.906805597681845321e-01,6.231358697593244678e+00
7.346546871907129628e+01,7.270112818959537648e-01,4.906805597681845321e-01,6.231358697593244678e+00
7.346546871907129628e+01,7.270112818959537648e-01,4.906805597681845321e-01,6.231358697593244678e+00
7.346546871907129628e+01,7.270112818959537648e-01,4.906805597681845321e-01,6.231358697593244678e+00
7.346546871907129628e+01,7.270112818959537648e-01,4.906805597681845321e-01,6.231358697593244678e+00
7.346546871907129628e+01,7.270112818959537648e-01,4.906805597681845321e-01,6.231358697593244678e+00
7.350541770253509810e+01,7.262418201645833848e-01,5.142271942214482472e-01,6.365107914308708814e+00
7.350541770253509810e+01,7.262418201645833848e-01,5.142271942214482472e-01,6.365107914308708814e+00
7.350541770253509810e+01,7.262418201645833848e-01,5.142271942214482472e-01,6.365107914308708814e+00
7.350541770253509810e+01,7.262418201645833848e-01,5.142271942214482472e-01,6.365107914308708814e+00
7.350541770253509810e+01,7.262418201645833848e-01,5.142271942214482472e-01,6.365107914308708814e+00
7.350541770253509810e+01,7.262418201645833848e-01,5.142271942214482472e-01,6.365107914308708814e+00
7.348471273893366629e+01,7.262768862546472581e-01,5.083802501296520449e-01,6.311554714858107040e+00
7.348471273893366629e+01,7.262768862546472581e-01,5.083802501296520449e-01,6.311554714858107040e+00
7.348471273893366629e+01,7.262768862546472581e-01,5.083802501296520449e-01,6.311554714858107040e+00
